YEAR,st_case,veh_no,per_no,P1,P2,P3,P4,P5,P6,P7,P8,P9,P10
2001,10001,1,1,0,23,22,11,9,21,13,28,27,29
2001,10002,1,1,22,17,16,0,0,0,0,13,0,0
2001,10003,1,1,16,0,31,0,0,28,0,0,16,0
2001,10004,1,1,16,12,0,27,14,8,0,0,10,0
2001,10004,2,1,0,0,0,0,0,0,0,0,0,0
2001,10005,1,1,0,0,0,0,0,0,0,0,0,0
2001,10006,0,1,0,0,0,0,0,0,0,0,0,0
2001,10006,1,1,0,0,0,0,0,0,0,0,0,0
2001,10007,1,1,0,0,0,0,22,0,4,0,0,0
2001,10007,2,1,0,0,0,0,0,0,0,0,0,0
2001,10008,1,1,0,0,0,0,0,0,0,0,0,0
2001,10008,2,1,0,0,0,0,0,0,0,0,0,0
2001,10009,1,1,0,0,0,0,0,0,0,0,0,0
2001,10009,2,1,0,0,0,0,0,0,0,0,0,0
2001,10010,1,1,0,0,0,0,0,0,0,9,0,0
2001,10010,2,1,0,0,0,0,0,0,0,0,0,0
2001,10011,1,1,0,0,0,0,0,0,0,0,0,0
2001,10012,1,1,0,0,0,36,0,0,0,0,0,0
2001,10013,1,1,18,19,21,15,25,17,0,0,0,23
2001,10014,1,1,17,10,11,17,0,24,0,22,20,0
2001,10015,1,1,11,0,22,3,11,6,4,7,8,0
2001,10016,1,1,24,20,28,21,8,12,19,15,31,32
2001,10017,1,1,0,0,0,0,0,0,0,0,0,0
2001,10018,1,1,10,5,14,31,16,0,22,13,16,0
2001,10019,1,1,37,25,17,13,9,12,0,19,16,17
2001,10019,2,1,0,0,0,16,0,0,0,0,0,0
2001,10020,1,1,13,19,0,7,27,21,0,22,7,0
2001,10021,1,1,0,0,0,0,0,0,0,0,0,0
2001,10021,2,1,0,0,0,0,0,0,0,0,0,0
2001,10022,1,1,4,4,4,4,4,4,4,4,4,4
2001,10023,1,1,17,0,0,0,0,0,0,0,0,0
2001,10023,2,1,0,0,0,0,0,0,0,17,0,0
2001,10023,3,1,0,0,0,0,0,0,25,0,0,0
2001,10024,1,1,0,27,13,0,0,0,14,0,0,0
2001,10024,2,1,5,7,12,12,13,11,14,13,0,11
2001,10025,1,1,0,0,0,0,0,0,0,0,0,0
2001,10026,1,1,19,0,0,0,0,0,0,0,0,9
2001,10027,1,1,41,8,28,26,12,12,31,10,9,23
2001,10028,1,1,0,17,15,0,0,0,0,21,0,0
2001,10029,1,1,0,0,0,0,0,0,0,0,0,0
2001,10029,2,1,0,0,0,0,0,0,0,0,0,0
2001,10030,1,1,0,0,0,0,14,0,0,0,0,0
2001,10030,2,1,0,0,0,0,0,0,0,0,0,0
2001,10031,1,1,0,0,0,0,0,0,0,0,0,0
2001,10031,2,1,0,0,13,0,0,0,0,0,0,0
2001,10032,1,1,8,0,0,4,0,16,0,0,11,0
2001,10033,0,1,0,4,0,0,15,0,11,8,0,0
2001,10033,1,1,12,6,8,5,13,6,0,0,12,0
2001,10034,1,1,0,0,0,0,0,0,0,0,0,0
2001,10034,2,1,0,0,0,0,0,0,0,0,0,0
2001,10035,1,1,0,0,0,0,0,0,0,0,0,0
2001,10035,2,1,0,0,0,0,0,0,0,0,0,0
2001,10036,1,1,13,0,0,0,0,0,0,0,0,0
2001,10037,1,1,0,0,13,0,0,0,22,0,0,0
2001,10038,1,1,17,0,18,25,21,0,18,21,0,0
2001,10039,1,1,0,0,27,0,0,0,0,0,23,0
2001,10040,1,1,0,0,0,0,0,0,0,0,0,0
2001,10040,2,1,0,0,0,0,0,0,0,0,0,0
2001,10041,1,1,14,10,0,14,13,21,0,7,23,15
2001,10042,1,1,17,3,14,16,0,26,21,19,0,24
2001,10043,1,1,0,0,0,0,0,8,20,0,11,0
2001,10043,2,1,0,0,0,0,0,0,0,0,0,0
2001,10044,1,1,20,11,0,0,21,0,0,0,0,0
2001,10044,2,1,0,0,0,0,0,0,0,0,0,0
2001,10045,1,1,0,0,0,0,0,0,0,0,0,0
2001,10046,1,1,0,0,0,0,28,0,0,21,0,0
2001,10046,2,1,14,0,0,0,0,0,0,0,0,0
2001,10046,3,1,21,0,0,0,9,0,0,0,0,0
2001,10047,1,1,0,0,0,0,0,0,0,0,0,0
2001,10047,2,1,0,0,0,0,0,0,0,0,0,0
2001,10048,1,1,0,0,0,0,0,0,0,0,0,0
2001,10048,2,1,0,0,0,0,0,0,0,0,0,0
2001,10049,1,1,0,13,0,0,0,0,20,8,0,17
2001,10049,2,1,0,0,0,0,0,0,0,0,0,0
2001,10050,1,1,23,16,12,14,21,7,5,22,6,9
2001,10051,1,1,0,0,0,0,0,0,0,0,0,8
2001,10051,2,1,0,0,0,0,0,0,0,0,0,0
2001,10052,1,1,0,0,0,0,0,0,0,0,0,0
2001,10053,0,1,0,0,0,0,0,0,0,0,0,0
2001,10053,1,1,0,0,0,0,0,0,0,0,0,0
2001,10054,1,1,0,0,0,0,0,0,0,0,0,0
2001,10055,1,1,0,0,0,0,0,0,21,11,0,0
2001,10056,1,1,0,38,14,4,27,29,16,19,14,18
2001,10057,1,1,0,0,31,26,0,0,0,0,0,0
2001,10057,2,1,0,0,0,0,0,0,0,0,0,0
2001,10058,1,1,22,21,0,0,0,0,26,0,0,0
2001,10059,1,1,6,10,0,19,12,14,0,0,15,10
2001,10059,2,1,0,0,0,0,0,0,0,0,0,0
2001,10060,0,1,0,0,0,0,0,0,0,0,0,0
2001,10060,1,1,0,0,0,0,0,0,0,0,0,0
2001,10061,1,1,0,0,0,0,0,16,0,0,0,0
2001,10062,1,1,0,0,0,0,0,0,0,0,0,0
2001,10062,2,1,0,0,0,0,0,0,0,0,0,0
2001,10062,3,1,0,0,0,23,0,0,0,0,0,0
2001,10063,0,1,0,0,0,0,0,0,0,0,0,10
2001,10063,1,1,0,0,0,0,0,0,0,0,0,0
2001,10064,1,1,0,0,0,0,0,0,0,0,0,0
2001,10064,2,1,0,0,0,0,0,0,0,0,0,0
2001,10065,1,1,0,0,0,0,17,0,0,0,0,0
2001,10066,1,1,12,18,14,0,13,4,25,0,18,15
2001,10066,2,1,2,0,0,0,0,0,0,0,0,0
2001,10067,1,1,0,0,14,20,0,11,24,0,35,17
2001,10068,1,1,0,0,0,0,0,0,0,0,0,0
2001,10069,1,1,0,0,0,0,10,0,0,0,0,0
2001,10069,2,1,0,0,0,0,15,0,0,0,0,0
2001,10070,1,1,25,26,10,23,14,17,0,28,14,22
2001,10071,1,1,0,17,0,12,15,0,23,2,0,9
2001,10071,2,1,0,0,0,0,0,0,0,0,0,0
2001,10072,1,1,15,22,0,4,19,0,11,11,0,25
2001,10073,1,1,0,8,0,0,0,0,0,0,16,0
2001,10074,1,1,17,0,5,33,0,0,0,0,0,0
2001,10075,1,1,0,0,0,0,0,0,0,0,0,0
2001,10075,2,1,0,0,0,0,0,0,0,0,0,0
2001,10076,1,1,0,0,0,0,0,0,0,0,0,0
2001,10076,2,1,0,0,0,0,0,0,0,0,0,0
2001,10077,1,1,0,0,0,0,0,0,0,0,0,0
2001,10078,1,1,0,0,0,0,0,0,0,0,0,0
2001,10079,1,1,0,0,0,0,0,0,0,0,0,0
2001,10079,2,1,26,31,0,15,24,17,18,29,7,18
2001,10080,1,1,24,0,0,0,0,0,11,0,0,14
2001,10080,2,1,0,0,0,0,0,0,0,0,0,0
2001,10080,3,1,0,0,0,0,0,0,0,0,0,0
2001,10081,1,1,30,24,13,6,13,0,12,30,23,15
2001,10082,1,1,8,23,18,22,13,20,11,12,16,20
2001,10083,1,1,13,0,0,0,0,0,0,0,0,0
2001,10084,1,1,7,20,16,28,20,19,16,27,10,19
2001,10085,1,1,0,29,0,10,21,33,17,0,28,22
2001,10086,1,1,15,7,23,13,9,11,7,4,19,16
2001,10087,1,1,0,0,0,0,0,0,0,0,0,0
2001,10087,2,1,0,0,0,0,0,0,0,0,0,0
2001,10088,1,1,17,0,0,0,0,0,0,0,0,0
2001,10089,1,1,0,0,0,0,0,0,0,0,0,0
2001,10089,2,1,0,0,0,0,0,0,0,0,0,0
2001,10089,3,1,0,0,0,0,0,0,0,0,0,0
2001,10090,1,1,19,0,0,0,0,0,0,0,0,0
2001,10090,2,1,0,0,0,0,0,0,0,0,0,0
2001,10091,1,1,0,0,0,21,0,0,0,0,0,0
2001,10092,1,1,11,0,10,26,23,18,0,0,14,0
2001,10092,2,1,0,0,0,0,0,0,0,0,0,0
2001,10093,1,1,0,0,0,0,0,0,0,0,0,0
2001,10094,1,1,16,0,17,0,4,0,22,0,0,0
2001,10095,1,1,9,18,30,13,15,25,7,10,15,15
2001,10096,1,1,0,0,0,14,0,0,16,17,0,22
2001,10096,2,1,16,0,0,0,0,13,3,0,0,0
2001,10097,1,1,0,0,0,0,0,0,0,0,0,0
2001,10097,2,1,0,0,0,0,0,0,0,0,0,0
2001,10098,1,1,0,0,0,0,0,0,0,0,0,0
2001,10098,2,1,0,0,0,0,0,0,0,0,0,0
2001,10099,1,1,0,0,0,0,0,0,0,0,0,0
2001,10100,1,1,11,5,0,0,0,15,20,25,9,11
2001,10101,1,1,0,0,0,0,0,0,0,0,0,0
2001,10102,1,1,0,0,0,0,0,0,0,0,0,0
2001,10103,1,1,0,0,0,0,0,0,0,0,0,0
2001,10104,1,1,19,20,21,0,0,0,6,19,11,28
2001,10105,1,1,16,23,25,34,18,8,24,9,19,17
2001,10106,1,1,0,0,0,0,0,0,16,0,0,15
2001,10106,2,1,0,0,0,0,0,0,0,0,0,0
2001,10107,1,1,0,0,0,0,0,0,0,0,0,0
2001,10108,1,1,0,0,0,0,0,20,0,0,0,0
2001,10109,1,1,0,0,7,0,0,9,23,7,14,0
2001,10109,2,1,0,0,0,0,0,0,0,0,0,0
2001,10110,1,1,0,0,0,0,0,0,0,0,0,0
2001,10111,1,1,0,0,11,11,25,16,23,0,14,0
2001,10111,2,1,0,0,0,0,0,0,15,0,0,0
2001,10112,0,1,0,0,0,13,14,9,0,4,25,15
2001,10112,1,1,0,0,2,0,0,0,0,0,0,0
2001,10113,1,1,20,21,18,17,15,25,24,27,41,14
2001,10114,1,1,0,0,0,0,0,0,10,0,0,0
2001,10114,2,1,0,0,0,0,8,0,0,0,0,0
2001,10115,1,1,0,0,15,0,0,0,0,0,0,0
2001,10115,2,1,0,29,0,0,0,0,0,0,0,0
2001,10115,3,1,0,0,0,0,0,0,0,0,0,0
2001,10116,1,1,0,0,29,0,0,0,0,0,0,0
2001,10116,2,1,0,0,0,0,0,0,0,0,0,0
2001,10117,1,1,0,0,0,0,0,0,0,0,0,0
2001,10117,2,1,0,0,0,0,0,0,0,0,0,0
2001,10118,1,1,0,0,0,0,0,0,0,0,0,0
2001,10118,2,1,0,0,0,0,0,0,0,0,0,0
2001,10118,3,1,12,0,0,0,0,0,0,0,0,0
2001,10119,1,1,0,0,0,0,0,0,0,0,0,0
2001,10119,2,1,0,0,0,0,0,0,12,0,0,0
2001,10119,3,1,0,0,0,0,0,0,0,0,0,0
2001,10120,0,1,0,0,10,0,21,0,15,0,10,0
2001,10120,1,1,0,0,0,0,0,0,0,0,0,0
2001,10121,1,1,0,19,0,0,0,0,0,13,0,0
2001,10121,2,1,0,7,0,0,19,0,0,0,0,0
2001,10122,1,1,0,0,0,0,0,0,0,0,0,0
2001,10123,1,1,0,0,4,0,0,0,0,0,0,0
2001,10123,2,1,0,0,0,0,0,0,0,0,0,0
2001,10124,1,1,23,23,23,23,23,23,23,23,23,23
2001,10125,1,1,0,0,0,0,0,0,11,0,0,0
2001,10125,2,1,0,0,0,0,0,0,0,0,12,0
2001,10125,3,1,0,0,0,0,0,0,0,0,0,0
2001,10126,1,1,0,0,8,5,17,4,18,8,3,27
2001,10126,2,1,0,0,0,0,0,0,0,0,0,0
2001,10127,1,1,0,0,0,0,0,0,0,0,0,0
2001,10127,2,1,0,0,0,0,0,0,0,0,0,0
2001,10127,3,1,0,0,0,0,0,0,0,0,0,0
2001,10127,4,1,0,0,0,0,0,0,0,0,0,0
2001,10128,1,1,0,24,8,0,0,0,0,33,0,0
2001,10128,2,1,0,12,0,0,0,9,0,0,0,0
2001,10128,3,1,0,0,0,0,0,0,0,0,0,0
2001,10129,1,1,0,0,0,0,0,0,0,0,0,0
2001,10129,2,1,0,0,0,0,0,0,0,0,0,0
2001,10130,1,1,0,0,0,0,0,0,0,0,0,0
2001,10130,2,1,0,0,0,0,0,0,0,0,16,0
2001,10130,3,1,0,0,0,0,0,0,0,0,0,0
2001,10131,1,1,0,0,0,0,13,0,0,0,0,0
2001,10131,2,1,0,0,0,0,0,0,0,0,0,0
2001,10132,0,1,0,24,0,0,0,0,20,0,0,0
2001,10132,1,1,0,0,0,0,0,0,0,0,0,0
2001,10133,0,1,0,0,0,0,0,0,0,15,0,0
2001,10133,1,1,7,0,9,4,34,4,11,12,8,6
2001,10134,1,1,32,23,24,18,0,11,13,16,8,11
2001,10135,1,1,0,0,0,0,0,0,0,0,0,0
2001,10136,1,1,0,0,0,0,0,0,0,0,0,0
2001,10136,2,1,27,27,27,27,27,27,27,27,27,27
2001,10137,1,1,37,0,7,15,0,0,0,0,0,9
2001,10137,2,1,0,0,0,0,0,0,0,0,0,0
2001,10138,1,1,0,0,5,0,9,0,20,0,0,0
2001,10139,1,1,0,0,0,0,16,0,12,0,0,0
2001,10139,2,1,0,0,0,0,0,0,0,0,0,0
2001,10140,1,1,11,22,14,0,14,6,0,0,0,29
2001,10141,1,1,0,0,0,0,39,0,7,18,31,27
2001,10142,1,1,0,0,0,0,0,0,0,0,0,0
2001,10142,2,1,0,0,0,0,0,0,0,0,0,0
2001,10142,3,1,0,0,0,0,0,0,0,0,0,0
2001,10143,1,1,0,0,0,0,0,0,0,0,0,0
2001,10144,1,1,0,0,0,0,0,0,0,0,0,0
2001,10145,1,1,21,21,21,21,21,21,21,21,21,21
2001,10145,2,1,0,0,0,0,0,0,0,0,0,0
2001,10145,3,1,0,0,0,0,0,0,0,0,0,0
2001,10146,1,1,0,0,0,0,0,0,0,0,0,0
2001,10147,1,1,0,0,0,0,9,0,0,0,0,0
2001,10147,2,1,0,0,0,0,0,0,0,0,0,0
2001,10148,1,1,18,18,18,18,18,18,18,18,18,18
2001,10149,1,1,0,0,0,0,0,0,0,0,0,0
2001,10150,1,1,18,27,42,10,13,14,14,8,12,18
2001,10151,1,1,0,0,0,0,0,0,0,0,12,0
2001,10152,1,1,0,0,0,0,0,0,0,0,0,0
2001,10153,1,1,0,0,0,28,15,0,30,0,33,15
2001,10154,1,1,0,0,0,0,0,0,0,0,0,18
2001,10155,1,1,0,0,0,0,15,17,0,0,0,0
2001,10156,1,1,12,0,0,0,0,10,0,12,0,0
2001,10157,1,1,16,11,29,10,20,17,9,26,15,5
2001,10157,2,1,0,0,0,28,0,0,0,0,0,18
2001,10158,1,1,20,20,20,20,20,20,20,20,20,20
2001,10159,1,1,0,0,0,0,0,0,0,0,0,0
2001,10160,1,1,0,13,27,24,8,15,34,19,25,0
2001,10161,1,1,0,0,0,24,0,0,0,0,0,0
2001,10161,2,1,0,0,0,0,0,0,0,0,0,0
2001,10162,1,1,0,13,0,5,0,4,0,12,0,0
2001,10162,2,1,0,0,0,0,0,0,0,0,0,0
2001,10163,1,1,0,0,0,0,0,0,0,0,23,0
2001,10163,2,1,13,13,13,13,13,13,13,13,13,13
2001,10164,1,1,19,20,19,28,14,23,13,13,16,21
2001,10165,1,1,0,0,0,13,17,0,0,0,0,29
2001,10166,1,1,0,0,0,0,0,0,0,0,0,0
2001,10166,2,1,0,0,0,0,0,0,0,0,0,0
2001,10167,1,1,0,0,0,0,0,0,0,0,0,0
2001,10167,2,1,0,0,0,0,0,0,0,0,0,0
2001,10168,1,1,0,0,0,0,0,0,0,0,0,0
2001,10169,0,1,0,0,0,0,0,0,0,0,0,0
2001,10169,1,1,0,0,0,0,0,0,0,0,0,0
2001,10170,1,1,0,0,0,0,0,0,0,0,0,0
2001,10170,2,1,0,0,0,0,0,0,0,0,0,0
2001,10170,3,1,0,0,0,0,0,0,0,0,0,0
2001,10171,1,1,0,0,0,0,6,21,0,0,0,0
2001,10171,2,1,0,0,0,0,0,0,0,0,0,0
2001,10171,3,1,0,0,0,0,0,0,0,0,0,0
2001,10172,1,1,12,14,21,25,14,12,15,25,15,16
2001,10173,0,1,21,0,17,27,13,6,33,11,21,5
2001,10173,1,1,24,24,12,13,18,13,7,18,11,28
2001,10174,1,1,0,0,0,0,0,0,0,0,9,0
2001,10175,1,1,0,2,9,0,0,0,0,0,0,16
2001,10176,1,1,20,5,5,23,8,17,10,25,15,29
2001,10177,1,1,0,0,0,0,0,0,0,0,0,0
2001,10177,2,1,0,3,0,0,0,0,0,0,0,0
2001,10178,1,1,0,0,0,19,0,0,0,0,0,0
2001,10178,2,1,0,0,0,0,0,0,0,0,0,0
2001,10179,1,1,27,9,28,31,3,26,6,17,0,18
2001,10180,1,1,0,8,18,0,0,0,0,0,0,0
2001,10180,2,1,0,0,0,0,0,0,0,0,0,0
2001,10180,3,1,0,0,0,0,0,0,0,0,0,0
2001,10180,4,1,0,0,0,0,0,0,0,0,0,0
2001,10181,1,1,0,0,0,0,0,0,0,0,0,0
2001,10181,2,1,0,0,0,0,0,0,0,0,0,0
2001,10182,1,1,0,0,0,0,0,0,0,0,0,0
2001,10182,2,1,0,0,0,0,0,0,0,0,0,0
2001,10182,3,1,0,0,0,0,0,0,0,0,0,0
2001,10183,1,1,0,0,19,0,0,0,0,0,0,0
2001,10183,2,1,17,0,0,0,0,0,0,0,0,0
2001,10184,1,1,0,18,0,11,0,0,17,14,14,0
2001,10185,1,1,21,21,21,21,21,21,21,21,21,21
2001,10186,1,1,0,0,0,0,0,0,0,0,0,0
2001,10186,2,1,0,0,0,0,0,0,0,0,0,0
2001,10187,0,1,27,0,0,0,0,0,0,0,18,18
2001,10187,1,1,0,0,0,0,0,0,0,0,0,0
2001,10188,1,1,0,0,35,0,0,0,0,0,0,0
2001,10188,2,1,0,0,0,0,0,0,0,0,0,0
2001,10189,1,1,0,0,0,0,0,0,0,0,0,0
2001,10190,1,1,0,17,0,18,0,0,0,15,0,0
2001,10191,1,1,0,0,0,0,0,0,0,0,0,0
2001,10192,1,1,17,14,0,0,18,0,3,7,0,20
2001,10192,2,1,0,0,0,0,0,0,11,0,0,0
2001,10193,1,1,0,0,0,0,0,0,0,0,0,0
2001,10193,2,1,0,0,0,0,0,0,0,0,0,0
2001,10194,1,1,0,0,0,0,0,0,0,0,0,15
2001,10195,1,1,0,0,0,0,0,0,12,0,0,0
2001,10196,1,1,18,0,0,0,0,0,0,30,13,0
2001,10197,1,1,0,0,0,16,0,0,0,0,0,0
2001,10197,2,1,0,0,0,0,0,0,0,0,0,0
2001,10198,0,1,22,0,23,21,0,0,0,0,12,36
2001,10198,1,1,17,2,11,9,18,14,0,25,15,0
2001,10199,1,1,0,10,0,0,0,0,0,0,0,0
2001,10199,2,1,0,0,0,0,0,0,0,0,0,0
2001,10199,3,1,0,0,0,5,0,0,0,0,0,0
2001,10199,4,1,0,0,0,0,0,0,0,0,0,0
2001,10200,1,1,23,20,10,10,24,26,18,18,45,32
2001,10201,1,1,10,7,12,14,23,11,8,11,12,10
2001,10202,1,1,0,0,0,0,0,0,0,0,0,0
2001,10202,2,1,0,0,0,0,0,0,0,0,0,0
2001,10203,1,1,0,0,0,2,0,0,0,0,7,0
2001,10203,2,1,0,0,0,0,0,0,0,0,0,0
2001,10203,3,1,0,0,0,0,0,0,0,0,0,0
2001,10204,1,1,19,0,0,0,0,0,0,0,0,0
2001,10204,2,1,15,0,10,0,0,0,8,0,0,0
2001,10205,1,1,0,0,0,0,0,0,0,0,16,0
2001,10205,2,1,0,0,0,0,0,0,0,0,0,0
2001,10206,1,1,19,19,19,19,19,19,19,19,19,19
2001,10207,1,1,0,20,0,0,0,0,0,0,0,0
2001,10207,2,1,0,0,0,0,0,0,11,0,0,0
2001,10208,1,1,0,0,0,0,0,0,0,11,0,0
2001,10208,2,1,0,0,0,0,0,0,12,0,0,0
2001,10209,1,1,0,0,0,0,0,0,0,0,0,0
2001,10209,2,1,0,0,0,0,0,0,0,0,0,0
2001,10210,1,1,0,0,13,0,0,6,0,0,0,0
2001,10210,2,1,0,0,0,0,0,0,0,0,0,0
2001,10211,1,1,9,0,9,0,0,0,10,25,0,0
2001,10212,1,1,13,23,29,21,30,14,23,35,13,12
2001,10213,0,1,0,0,0,0,0,0,0,0,0,0
2001,10213,1,1,0,0,0,0,0,0,0,0,0,0
2001,10214,1,1,0,0,0,17,0,0,0,0,0,0
2001,10214,2,1,0,0,0,0,0,0,0,0,0,0
2001,10215,1,1,0,0,0,18,0,0,0,5,0,5
2001,10215,2,1,0,0,0,0,0,0,0,0,0,0
2001,10216,1,1,32,15,31,11,11,45,15,17,13,5
2001,10217,1,1,20,0,17,34,0,5,28,0,9,12
2001,10218,1,1,0,0,17,0,0,20,0,14,0,13
2001,10218,2,1,0,19,12,0,6,0,0,0,0,27
2001,10219,0,1,34,19,9,3,23,38,0,26,17,17
2001,10219,1,1,0,0,0,0,0,0,0,0,0,0
2001,10220,1,1,0,0,0,0,0,0,0,0,0,0
2001,10220,2,1,0,0,0,0,0,0,0,0,0,0
2001,10221,1,1,0,0,0,0,0,0,0,0,0,0
2001,10221,2,1,0,0,0,0,0,0,0,0,0,0
2001,10222,1,1,25,25,25,25,25,25,25,25,25,25
2001,10223,1,1,0,11,0,9,0,18,28,0,28,0
2001,10224,0,1,0,0,0,0,0,0,0,0,0,0
2001,10224,1,1,0,0,0,0,0,0,0,0,0,0
2001,10225,1,1,27,27,27,27,27,27,27,27,27,27
2001,10226,1,1,0,0,0,0,0,0,0,0,0,0
2001,10226,2,1,0,0,0,0,0,0,0,0,0,0
2001,10227,1,1,0,0,0,0,0,0,0,0,0,0
2001,10227,2,1,0,0,0,0,0,0,0,0,0,0
2001,10228,1,1,0,0,0,0,0,0,42,0,0,0
2001,10229,1,1,0,13,24,0,16,9,11,33,22,12
2001,10230,1,1,0,0,0,0,22,0,0,0,0,0
2001,10230,2,1,0,0,0,0,0,0,0,0,0,0
2001,10231,1,1,5,18,21,0,21,18,9,18,27,18
2001,10231,2,1,31,0,0,0,0,0,0,0,0,0
2001,10232,1,1,0,0,0,0,0,0,0,0,0,0
2001,10233,1,1,0,17,0,21,27,40,14,13,10,12
2001,10233,2,1,0,0,0,0,0,13,0,0,0,0
2001,10234,1,1,0,23,0,0,0,0,0,0,0,0
2001,10234,2,1,0,0,0,0,0,0,0,0,0,0
2001,10235,1,1,0,0,0,0,0,0,0,0,0,0
2001,10236,1,1,11,10,0,23,15,4,20,24,0,18
2001,10237,1,1,20,13,31,0,24,36,23,0,26,24
2001,10238,1,1,0,0,0,0,0,0,0,0,0,0
2001,10238,2,1,0,0,0,0,0,0,0,0,0,0
2001,10239,1,1,33,16,11,27,0,0,17,19,0,0
2001,10240,1,1,0,0,0,0,13,13,0,0,0,0
2001,10241,1,1,14,8,14,16,11,6,6,11,8,15
2001,10241,2,1,13,0,14,24,14,0,9,0,0,0
2001,10241,3,1,0,0,0,0,0,0,0,0,0,0
2001,10242,1,1,0,0,0,0,0,0,0,0,0,0
2001,10242,2,1,0,0,7,0,0,0,0,0,0,0
2001,10243,1,1,8,14,8,9,0,7,19,25,8,16
2001,10243,2,1,0,0,0,0,0,0,0,0,0,0
2001,10244,1,1,0,0,0,0,0,0,0,0,0,0
2001,10244,2,1,0,0,0,0,0,0,0,0,0,0
2001,10244,3,1,0,0,0,0,0,0,0,0,0,0
2001,10244,4,1,0,0,0,16,0,0,0,0,0,0
2001,10245,1,1,0,0,0,0,0,0,0,0,0,0
2001,10245,2,1,0,0,0,0,0,0,0,0,0,0
2001,10246,1,1,19,19,0,0,9,6,12,15,16,17
2001,10246,2,1,0,0,0,0,0,0,0,0,0,0
2001,10247,1,1,24,18,24,20,11,11,20,4,16,9
2001,10248,1,1,22,20,31,34,32,16,7,25,8,37
2001,10249,1,1,0,0,0,0,0,0,0,0,0,0
2001,10250,1,1,0,0,0,0,0,0,0,0,0,0
2001,10250,2,1,0,4,0,0,0,0,0,0,0,16
2001,10251,1,1,0,0,0,0,0,0,0,0,0,0
2001,10251,2,1,0,0,0,0,0,0,0,0,0,0
2001,10252,1,1,19,19,19,19,19,19,19,19,19,19
2001,10253,1,1,0,0,0,0,0,0,0,4,0,0
2001,10253,2,1,0,0,0,0,0,0,0,0,0,0
2001,10254,1,1,27,27,27,27,27,27,27,27,27,27
2001,10255,0,1,0,0,0,0,0,0,0,0,0,0
2001,10255,1,1,0,0,0,0,0,0,0,0,0,0
2001,10256,1,1,0,0,0,0,0,26,0,0,0,0
2001,10257,1,1,0,0,0,0,0,0,0,0,0,0
2001,10257,2,1,0,30,0,16,0,0,0,0,0,0
2001,10258,1,1,14,14,14,14,14,14,14,14,14,14
2001,10259,1,1,0,0,0,0,0,0,0,0,0,0
2001,10260,1,1,0,0,0,0,0,0,0,0,0,0
2001,10260,2,1,0,0,0,0,0,0,0,0,12,0
2001,10260,3,1,3,23,31,4,31,19,0,22,16,0
2001,10261,1,1,0,13,0,0,0,0,14,0,12,0
2001,10262,1,1,16,16,16,16,16,16,16,16,16,16
2001,10262,2,1,0,0,0,0,0,0,0,0,0,0
2001,10263,1,1,25,0,28,10,15,17,15,0,0,8
2001,10263,2,1,0,0,0,0,0,0,0,0,0,0
2001,10263,3,1,0,14,0,0,13,0,19,0,12,30
2001,10263,4,1,0,3,0,0,0,0,0,0,0,0
2001,10264,0,1,27,19,22,17,32,0,20,34,20,32
2001,10264,1,1,0,19,0,0,0,0,0,0,0,0
2001,10265,1,1,0,0,11,0,16,0,0,0,0,0
2001,10265,2,1,0,0,0,0,0,0,0,0,0,0
2001,10266,1,1,0,0,0,0,0,0,0,19,0,0
2001,10267,1,1,0,0,0,0,0,0,0,0,0,0
2001,10268,1,1,0,0,0,0,0,0,0,0,0,0
2001,10268,2,1,0,0,0,0,0,0,0,0,0,0
2001,10269,1,1,8,2,18,17,17,9,12,36,17,27
2001,10270,1,1,0,0,0,0,0,0,0,0,0,0
2001,10270,2,1,0,0,0,0,0,0,0,0,0,0
2001,10271,1,1,0,0,0,0,0,0,0,0,0,0
2001,10272,0,1,0,0,0,0,0,0,0,0,0,0
2001,10272,1,1,0,0,0,0,0,0,0,0,0,0
2001,10273,1,1,0,0,0,0,0,0,0,0,0,0
2001,10273,2,1,0,0,0,0,0,0,0,0,0,0
2001,10274,1,1,25,25,25,25,25,25,25,25,25,25
2001,10275,1,1,13,13,13,13,13,13,13,13,13,13
2001,10276,1,1,0,0,0,0,0,0,0,0,0,0
2001,10277,1,1,0,13,0,0,0,0,0,0,0,0
2001,10277,2,1,0,0,0,0,0,0,0,0,0,0
2001,10278,1,1,0,0,0,0,0,0,0,0,0,0
2001,10278,2,1,0,0,0,0,0,0,0,0,0,0
2001,10279,1,1,0,0,0,0,0,0,0,0,0,0
2001,10280,0,1,0,0,0,0,0,0,0,0,0,0
2001,10280,1,1,0,0,0,0,0,0,0,0,0,0
2001,10281,1,1,0,0,0,10,0,0,0,0,0,0
2001,10282,1,1,28,15,22,15,16,16,16,19,32,15
2001,10282,2,1,0,0,0,0,0,0,0,0,0,0
2001,10283,1,1,0,10,0,0,0,17,0,0,0,0
2001,10283,2,1,0,0,0,0,0,0,0,0,0,0
2001,10284,1,1,0,0,0,0,0,0,0,0,0,0
2001,10284,2,1,0,0,0,0,0,18,0,0,0,0
2001,10285,1,1,0,0,10,0,0,0,0,0,0,0
2001,10286,0,1,14,0,26,29,11,0,0,6,0,3
2001,10286,0,2,0,0,19,0,0,27,0,0,0,0
2001,10287,1,1,21,19,0,26,0,0,43,8,20,0
2001,10288,1,1,21,18,20,15,35,17,10,16,9,4
2001,10289,1,1,0,27,0,24,12,27,0,0,16,29
2001,10290,1,1,0,0,0,0,0,0,0,0,0,0
2001,10291,1,1,0,0,0,0,0,0,0,0,0,0
2001,10291,2,1,0,0,0,0,0,0,0,0,5,0
2001,10292,0,1,0,0,0,21,0,0,0,0,15,30
2001,10292,1,1,0,7,18,8,16,21,14,8,15,14
2001,10292,2,1,0,0,0,0,0,0,0,0,0,0
2001,10293,1,1,0,0,0,0,21,0,21,0,0,0
2001,10294,1,1,0,0,0,0,0,0,0,0,0,0
2001,10295,1,1,17,17,17,17,17,17,17,17,17,17