YEAR,st_case,veh_no,per_no,P1,P2,P3,P4,P5,P6,P7,P8,P9,P10
2001,100038,2,1,0,0,0,0,0,0,0,0,0,0
2001,100039,1,1,0,0,0,0,0,0,0,0,0,0
2001,100039,2,1,0,0,0,0,0,0,0,0,0,0
2001,100040,1,1,0,0,0,0,0,0,0,0,0,0
2001,100040,2,1,0,0,0,0,0,0,0,0,0,0
2001,100040,3,1,0,0,0,0,0,0,0,0,0,0
2001,100041,1,1,10,9,24,9,15,31,25,30,9,6
2001,100042,1,1,0,0,0,0,0,0,0,0,0,0
2001,100042,2,1,0,0,0,0,0,0,0,0,0,0
2001,100043,1,1,0,0,0,0,0,0,0,0,0,0
2001,100043,2,1,0,0,0,0,0,0,0,0,0,0
2001,100044,1,1,0,0,0,0,0,0,0,0,0,0
2001,100045,1,1,0,0,0,0,0,0,0,0,0,0
2001,100045,2,1,0,0,0,0,0,0,0,0,0,0
2001,100045,3,1,0,0,0,0,0,0,0,0,0,0
2001,100046,1,1,19,19,19,19,19,19,19,19,19,19
2001,100047,1,1,0,0,0,0,0,0,0,0,0,0
2001,100048,1,1,5,11,9,18,15,15,16,12,10,25
2001,100049,1,1,0,0,0,0,0,0,0,0,0,0
2001,100049,2,1,7,7,7,7,7,7,7,7,7,7
2001,100050,1,1,0,0,0,0,0,0,0,0,0,0
2001,100050,2,1,0,0,0,0,0,0,0,0,0,0
2001,100051,1,1,17,17,17,17,17,17,17,17,17,17
2001,100052,0,1,26,37,0,0,0,0,0,0,0,0
2001,100052,1,1,22,13,29,6,14,18,4,13,18,9
2001,100053,1,1,24,0,12,19,13,8,7,16,23,17
2001,100054,1,1,25,25,25,25,25,25,25,25,25,25
2001,100054,2,1,12,12,12,12,12,12,12,12,12,12
2001,100055,1,1,3,3,3,3,3,3,3,3,3,3
2001,100056,1,1,0,0,0,0,0,0,0,0,0,0
2001,100056,2,1,0,0,0,0,0,0,0,0,0,0
2001,100056,3,1,0,0,0,0,0,0,0,0,0,0
2001,100057,1,1,15,15,15,15,15,15,15,15,15,15
2001,100058,1,1,0,0,0,0,0,0,0,0,0,0
2001,100058,2,1,22,22,22,22,22,22,22,22,22,22
2001,100059,0,1,0,0,0,0,0,0,0,0,0,0
2001,100059,1,1,0,0,0,0,0,0,0,0,0,0
2001,100060,1,1,16,16,16,16,16,16,16,16,16,16
2001,100061,1,1,23,23,23,23,23,23,23,23,23,23
2001,100061,2,1,10,10,10,10,10,10,10,10,10,10
2001,100062,1,1,2,2,2,2,2,2,2,2,2,2
2001,100062,2,1,0,0,0,0,0,0,0,0,0,0
2001,100063,1,1,0,0,0,0,0,0,0,0,0,0
2001,100063,2,1,0,0,0,0,0,0,0,0,0,0
2001,100064,1,1,0,0,0,0,0,0,0,0,0,0
2001,100064,2,1,26,26,26,26,26,26,26,26,26,26
2001,100065,1,1,24,17,33,43,0,27,15,16,8,30
2001,100066,1,1,31,31,31,31,31,31,31,31,31,31
2001,100067,1,1,20,20,20,20,20,20,20,20,20,20
2001,100068,1,1,21,21,21,21,21,21,21,21,21,21
2001,100069,1,1,9,9,9,9,9,9,9,9,9,9
2001,100070,1,1,0,0,0,0,0,0,0,0,0,0
2001,100070,2,1,0,0,0,0,0,0,0,0,0,0
2001,100071,1,1,12,12,12,12,12,12,12,12,12,12
2001,100072,1,1,0,0,0,0,0,0,0,0,0,0
2001,100073,1,1,0,0,0,0,0,0,0,0,0,0
2001,100073,2,1,0,0,0,0,0,0,0,0,0,0
2001,100074,0,1,0,0,0,0,0,0,0,0,0,0
2001,100074,1,1,31,0,9,0,10,14,0,0,13,0
2001,100075,1,2,0,0,0,0,0,0,0,0,0,0
2001,100075,2,1,0,0,0,0,0,0,0,0,0,0
2001,100076,0,1,0,0,0,0,0,0,0,0,0,0
2001,100076,1,1,0,0,0,0,0,0,0,0,0,0
2001,100077,1,1,6,6,6,6,6,6,6,6,6,6
2001,100078,0,1,2,2,2,2,2,2,2,2,2,2
2001,100078,1,1,0,0,0,0,0,0,0,0,0,0
2001,100079,1,1,0,0,0,0,0,0,0,0,0,0
2001,100079,2,1,0,0,0,0,0,0,0,0,0,0
2001,100080,1,1,0,0,0,0,0,0,0,0,0,0
2001,100080,2,1,0,0,0,0,0,0,0,0,0,0
2001,100081,1,1,24,24,24,24,24,24,24,24,24,24
2001,100082,1,1,24,24,24,24,24,24,24,24,24,24
2001,100083,0,1,22,22,22,22,22,22,22,22,22,22
2001,100083,1,1,0,0,0,0,0,0,0,0,0,0
2001,100084,1,1,12,25,17,8,11,30,12,21,13,8
2001,100085,1,1,0,0,0,0,0,0,0,0,0,0
2001,100086,1,1,19,19,19,19,19,19,19,19,19,19
2001,100086,2,2,0,0,0,0,0,0,0,0,0,0
2001,100087,1,1,0,0,0,0,0,0,0,0,0,0
2001,100087,2,1,0,0,0,0,0,0,0,0,0,0
2001,100088,1,1,0,0,0,0,0,0,0,0,0,0
2001,100088,2,1,9,0,4,8,0,0,0,11,0,0
2001,100089,1,1,0,0,0,0,0,0,0,0,0,0
2001,100089,2,1,0,0,0,0,0,0,0,0,0,0
2001,100090,1,1,8,8,8,8,8,8,8,8,8,8
2001,100090,2,1,0,0,0,0,0,0,0,0,0,0
2001,100090,3,1,0,8,0,0,0,0,0,0,0,0
2001,100091,1,1,0,0,0,0,0,0,0,0,0,0
2001,100091,2,1,0,0,0,0,0,0,0,0,0,0
2001,100092,1,1,0,0,0,0,0,0,0,0,0,0
2001,100093,0,1,28,28,28,28,28,28,28,28,28,28
2001,100093,1,1,0,0,0,0,0,0,0,0,0,0
2001,100094,1,1,20,20,20,20,20,20,20,20,20,20
2001,100094,2,1,0,0,0,0,0,0,0,0,0,0
2001,100095,1,1,0,0,0,0,0,0,0,0,0,0
2001,100095,2,1,0,0,0,0,0,0,0,0,0,0
2001,100096,0,1,0,0,0,0,0,0,0,0,0,0
2001,100096,1,1,0,0,0,0,0,0,0,0,0,0
2001,100097,0,1,0,0,0,0,0,0,0,0,0,0
2001,100097,1,1,0,0,0,0,0,0,0,0,0,0
2001,100097,2,1,0,0,0,0,0,2,0,0,0,0
2001,100098,1,1,22,22,22,22,22,22,22,22,22,22
2001,100099,1,1,0,0,0,0,0,0,0,0,0,0
2001,100099,2,1,0,0,0,0,0,0,0,0,0,0
2001,100100,1,1,0,0,0,0,0,0,0,0,0,0
2001,100100,2,1,0,0,0,0,0,0,0,0,0,0
2001,100101,1,1,0,0,0,0,0,0,0,0,0,0
2001,100101,2,1,0,0,0,0,0,0,0,0,0,0
2001,100102,1,1,0,0,0,0,0,0,0,0,0,0
2001,100102,2,2,0,0,0,0,0,0,0,0,0,0
2001,100103,1,1,28,28,28,28,28,28,28,28,28,28
2001,100104,1,1,0,22,0,0,0,0,0,0,9,0
2001,100105,1,1,22,22,22,22,22,22,22,22,22,22
2001,100106,1,1,0,0,0,0,0,0,0,0,0,0
2001,100106,2,1,0,0,0,0,0,0,0,0,0,0
2001,100107,1,1,0,0,0,0,0,0,0,0,0,0
2001,100107,2,1,0,0,0,0,0,0,0,0,0,0
2001,100108,1,1,19,19,19,19,19,19,19,19,19,19
2001,100108,2,1,0,0,0,0,0,0,0,0,0,0
2001,100109,1,1,20,20,20,20,20,20,20,20,20,20
2001,100109,2,1,0,0,0,0,0,0,0,0,0,0
2001,100110,1,1,0,0,0,0,0,0,0,0,0,0
2001,100111,1,1,0,0,0,0,7,0,20,0,0,0
2001,100112,1,1,0,0,0,0,0,0,0,0,0,0
2001,100112,2,1,0,0,0,0,0,0,0,0,0,0
2001,100113,1,1,17,17,17,17,17,17,17,17,17,17
2001,100113,2,1,0,0,0,0,0,0,0,0,0,0
2001,100114,1,1,0,0,0,0,0,0,0,0,0,0
2001,100114,2,1,0,0,0,0,0,0,0,0,0,0
2001,100115,1,1,0,0,0,0,0,0,0,0,0,0
2001,100116,1,1,13,13,13,13,13,13,13,13,13,13
2001,100116,2,1,0,0,0,0,0,0,0,0,0,0
2001,100116,3,1,0,0,0,0,0,0,0,0,0,0
2001,100117,1,1,0,0,0,0,0,0,0,0,0,0
2001,100118,1,1,0,0,0,0,0,0,0,0,0,0
2001,100118,2,1,0,0,0,0,0,0,0,0,0,0
2001,110001,1,1,0,0,0,0,0,0,0,0,0,0
2001,110002,0,1,0,0,0,23,0,0,0,0,0,0
2001,110002,1,1,0,0,0,0,0,0,0,0,0,0
2001,110003,1,1,0,0,0,0,0,0,15,0,0,0
2001,110003,2,1,0,0,0,0,0,0,0,0,0,0
2001,110004,1,1,0,0,0,0,0,0,0,0,0,0
2001,110004,2,1,27,0,0,0,23,9,6,26,0,0
2001,110005,0,1,0,22,0,0,0,0,7,29,0,0
2001,110005,1,1,5,5,5,5,5,5,5,5,5,5
2001,110006,1,1,0,10,0,26,0,0,4,0,9,10
2001,110007,1,1,19,0,21,12,26,14,0,15,16,22
2001,110008,1,1,0,0,25,0,0,0,0,23,0,0
2001,110008,2,1,0,0,0,0,0,0,0,0,0,0
2001,110009,1,1,15,15,15,15,15,15,15,15,15,15
2001,110009,2,1,0,10,5,0,0,0,3,0,3,19
2001,110010,1,1,38,12,19,12,10,0,14,6,0,0
2001,110010,2,1,5,0,2,0,23,19,11,0,0,0
2001,110011,1,1,20,0,0,0,12,19,0,7,10,0
2001,110011,2,1,8,0,16,5,12,22,0,0,16,8
2001,110012,1,1,0,0,0,0,0,0,0,0,0,0
2001,110013,1,1,0,0,0,15,19,5,12,18,14,0
2001,110014,1,1,6,6,6,6,6,6,6,6,6,6
2001,110014,2,1,0,0,0,0,5,0,0,0,0,0
2001,110015,1,1,0,19,35,23,0,0,27,13,15,0
2001,110016,0,1,16,24,19,10,0,0,0,12,0,18
2001,110016,1,1,0,0,0,0,0,0,0,0,0,0
2001,110017,1,1,21,32,0,6,27,0,15,18,11,0
2001,110018,1,1,0,0,0,0,0,0,24,0,13,0
2001,110018,2,1,0,0,0,0,28,0,0,0,0,0
2001,110019,1,1,15,18,27,24,13,15,8,6,6,16
2001,110019,2,1,0,0,0,21,0,0,11,18,0,13
2001,110020,0,1,11,15,0,30,12,14,22,20,39,0
2001,110021,1,1,9,0,0,14,0,8,0,0,24,5
2001,110022,1,1,7,0,0,0,0,0,0,0,4,3
2001,110022,2,1,39,0,0,0,32,13,0,31,4,33
2001,110023,0,1,9,30,31,10,15,0,12,0,0,21
2001,110023,1,1,24,10,10,10,26,12,11,31,24,15
2001,110023,2,1,0,0,0,0,0,0,0,0,0,0
2001,110023,3,1,0,9,0,0,0,0,0,0,0,0
2001,110024,1,1,0,24,18,0,0,0,15,0,13,0
2001,110025,0,1,0,0,0,0,0,0,0,0,0,0
2001,110025,1,1,0,0,0,0,0,0,0,0,0,0
2001,110026,0,1,0,16,0,0,0,0,0,0,0,0
2001,110026,1,1,0,0,0,0,0,0,0,0,0,0
2001,110027,0,1,0,0,18,13,4,0,16,5,16,25
2001,110027,1,1,0,0,0,0,0,0,0,0,0,0
2001,110028,1,1,7,14,0,12,18,12,0,27,27,0
2001,110029,1,1,0,0,0,0,23,0,0,0,0,0
2001,110030,1,1,23,24,0,0,0,0,0,0,0,0
2001,110030,2,1,0,0,17,0,0,0,0,0,0,0
2001,110031,1,1,0,0,0,27,0,0,24,0,0,0
2001,110032,1,1,0,0,0,0,0,16,17,0,0,15
2001,110032,2,1,10,0,0,0,0,27,32,0,0,17
2001,110033,1,1,19,26,16,7,14,26,18,15,31,26
2001,110035,1,1,0,0,0,0,0,0,0,0,0,0
2001,110036,1,1,21,15,15,6,6,0,15,25,16,14
2001,110036,2,1,0,0,0,0,0,0,0,0,0,0
2001,110037,1,1,0,0,0,0,0,0,0,0,0,0
2001,110037,2,1,0,0,0,0,0,0,0,0,0,0
2001,110038,1,1,0,0,0,0,0,18,0,25,0,0
2001,110039,1,1,0,19,21,19,24,23,33,28,34,16
2001,110040,1,1,0,0,0,0,18,0,0,0,0,0
2001,110040,2,1,8,0,0,5,21,0,0,7,5,0
2001,110040,3,1,0,0,0,0,0,0,0,0,0,0
2001,110041,1,1,27,0,12,23,0,9,9,20,0,0
2001,110042,0,1,0,0,0,0,0,0,0,0,0,0
2001,110042,1,1,0,0,0,0,0,0,0,0,0,0
2001,110043,0,1,0,0,0,0,17,0,0,0,0,31
2001,110043,1,1,0,0,0,0,0,0,0,0,0,0
2001,110044,1,1,22,12,31,54,17,0,0,0,9,9
2001,110045,1,1,0,0,0,0,0,0,0,0,4,0
2001,110045,2,1,0,0,0,0,0,0,15,0,0,0
2001,110045,3,1,0,0,0,0,0,0,0,0,0,0
2001,110046,1,1,10,15,23,0,0,16,13,0,26,0
2001,110046,2,1,9,0,11,0,17,0,18,6,7,0
2001,110046,3,1,0,0,0,0,0,0,16,0,0,0
2001,110046,4,1,0,16,0,0,29,0,0,0,28,0
2001,110047,1,1,5,0,5,0,29,19,22,10,21,0
2001,110047,2,1,3,0,0,0,0,0,0,0,0,0
2001,110048,0,1,15,0,0,0,0,7,0,0,3,0
2001,110049,1,1,0,0,3,0,0,23,0,0,4,28
2001,110050,1,1,0,0,0,0,4,0,0,0,0,0
2001,110050,2,1,0,0,0,0,0,0,0,0,0,0
2001,110051,0,1,0,0,0,0,0,0,0,0,0,0
2001,110051,1,1,0,0,0,0,0,0,0,0,0,0
2001,110052,1,1,18,17,6,10,0,21,10,34,21,11
2001,110053,1,1,16,10,22,19,0,12,0,0,11,15
2001,110054,1,1,21,15,0,14,19,16,13,35,9,7
2001,110054,2,1,10,4,0,23,5,0,0,0,19,14
2001,110055,1,1,3,3,3,3,3,3,3,3,3,3
2001,110055,2,1,28,0,28,0,0,0,12,0,19,0
2001,110056,1,1,0,0,0,0,0,0,0,0,0,0
2001,110056,2,1,0,0,0,0,0,0,0,0,0,0
2001,110057,1,1,0,0,0,0,13,20,0,0,0,0
2001,110058,0,1,5,0,0,0,0,28,11,28,13,17
2001,110058,1,1,0,0,29,0,0,0,0,0,0,0
2001,110058,2,1,0,0,0,0,0,0,0,0,0,0
2001,110059,1,1,14,5,11,20,0,19,17,10,22,17
2001,110059,2,1,0,3,4,0,0,3,0,6,0,0
2001,120001,1,1,0,0,0,0,0,0,0,0,0,0
2001,120002,1,1,0,0,0,0,0,0,0,0,0,0
2001,120002,2,1,0,0,0,0,0,0,0,0,0,0
2001,120003,1,1,26,26,26,26,26,26,26,26,26,26
2001,120004,1,1,0,0,0,0,0,0,0,0,0,0
2001,120005,1,1,0,0,0,0,0,0,0,0,0,0
2001,120005,2,1,0,0,0,0,0,0,0,0,0,0
2001,120005,3,1,0,0,0,0,0,0,0,0,0,0
2001,120005,4,1,0,2,0,0,0,0,0,0,5,0
2001,120005,5,1,0,0,0,0,0,0,0,0,0,0
2001,120006,1,1,17,17,17,17,17,17,17,17,17,17
2001,120007,1,1,0,0,0,0,0,0,0,0,0,0
2001,120008,0,1,27,28,29,10,15,16,30,20,30,29
2001,120008,1,1,0,0,0,0,0,0,0,6,10,0
2001,120009,1,1,0,0,0,0,0,27,0,13,11,19
2001,120009,2,1,0,0,0,0,0,0,18,0,0,0
2001,120009,3,1,0,0,0,0,0,0,0,0,0,0
2001,120010,1,1,0,0,0,0,0,0,0,0,0,0
2001,120010,2,1,0,0,0,0,0,0,0,0,0,0
2001,120010,3,1,0,0,0,0,0,0,0,0,0,0
2001,120011,1,1,27,27,27,27,27,27,27,27,27,27
2001,120012,0,1,0,7,0,0,0,0,0,0,0,31
2001,120012,1,1,0,0,0,0,0,0,0,0,0,0
2001,120013,1,1,0,0,0,0,0,0,0,0,0,0
2001,120013,2,1,0,0,0,0,0,0,0,0,0,0
2001,120013,3,1,0,0,0,0,0,0,0,0,0,0
2001,120013,4,1,0,0,0,0,0,0,0,0,0,0
2001,120014,1,1,0,0,0,0,0,0,0,0,0,0
2001,120014,2,1,0,0,0,0,0,0,0,0,0,0
2001,120014,3,1,0,0,0,0,0,0,0,0,0,0
2001,120014,4,1,0,0,0,0,0,0,0,0,0,0
2001,120015,0,1,0,0,0,0,0,0,0,0,0,0
2001,120015,1,1,0,0,0,0,0,0,0,0,0,0
2001,120016,1,1,0,0,0,0,0,0,0,0,0,0
2001,120016,2,1,0,0,0,0,0,0,0,0,0,0
2001,120017,1,1,0,14,0,0,0,0,0,0,0,0
2001,120017,2,1,0,0,0,0,0,0,0,0,0,0
2001,120018,0,1,20,20,20,20,20,20,20,20,20,20
2001,120018,1,1,0,0,0,0,0,0,0,0,0,0
2001,120019,1,1,0,0,0,0,0,0,0,0,0,0
2001,120019,2,1,0,0,0,0,0,0,0,0,0,0
2001,120020,1,1,0,0,0,0,0,0,0,0,0,0
2001,120020,2,1,0,0,0,0,0,0,0,0,0,0
2001,120021,1,1,20,20,20,20,20,20,20,20,20,20
2001,120022,0,1,0,0,0,0,0,0,0,0,0,0
2001,120022,1,1,0,0,0,0,0,0,0,0,0,0
2001,120023,1,1,0,0,0,0,0,0,0,0,0,0
2001,120024,0,1,0,0,0,0,0,0,0,0,0,0
2001,120024,1,1,0,0,0,0,0,0,0,0,0,0
2001,120025,1,1,0,0,0,0,0,0,0,0,0,0
2001,120025,2,1,0,0,0,0,0,0,0,0,0,0
2001,120026,1,1,0,0,0,0,0,0,0,0,0,0
2001,120026,2,1,0,0,0,0,0,0,0,0,0,0
2001,120027,1,1,40,40,40,40,40,40,40,40,40,40
2001,120027,2,1,0,0,0,0,0,0,0,0,21,0
2001,120027,3,1,12,0,0,0,11,0,0,0,0,0
2001,120028,1,1,0,0,0,0,0,0,0,0,0,16
2001,120029,1,1,0,0,0,0,0,0,0,0,0,0
2001,120029,2,1,0,0,0,0,0,0,0,0,0,0
2001,120030,1,1,12,12,12,12,12,12,12,12,12,12
2001,120030,2,1,0,0,0,0,0,0,0,0,0,0
2001,120031,1,1,0,0,0,0,0,0,0,0,0,0
2001,120031,2,1,0,0,0,0,0,0,0,0,0,0
2001,120032,1,1,27,27,27,27,27,27,27,27,27,27
2001,120032,2,1,0,0,0,0,0,0,0,0,0,0
2001,120033,1,1,8,8,8,8,8,8,8,8,8,8
2001,120033,2,1,0,0,0,0,0,0,0,0,0,0
2001,120034,1,1,0,0,0,0,0,0,0,0,0,0
2001,120035,0,1,12,12,12,12,12,12,12,12,12,12
2001,120035,1,1,17,17,17,17,17,17,17,17,17,17
2001,120036,0,1,0,0,0,0,0,0,0,0,0,0
2001,120036,1,1,0,0,0,0,0,0,0,0,0,0
2001,120037,1,1,19,19,19,19,19,19,19,19,19,19
2001,120038,1,1,0,0,0,0,0,0,0,0,0,0
2001,120038,2,1,0,0,0,0,0,0,0,0,0,0
2001,120039,1,1,0,10,0,0,0,0,0,0,7,0
2001,120040,0,1,13,13,13,13,13,13,13,13,13,13
2001,120040,1,1,10,0,0,0,0,0,0,0,0,0
2001,120040,2,1,0,0,0,0,0,0,0,6,0,0
2001,120040,3,1,0,0,0,0,15,0,0,0,0,10
2001,120040,4,1,0,0,0,0,0,0,0,0,0,5
2001,120041,1,1,0,0,0,0,0,0,0,0,0,0
2001,120041,2,1,0,0,0,0,0,0,0,0,0,5
2001,120042,1,1,0,0,0,0,0,0,0,0,0,0
2001,120042,2,1,0,0,0,0,0,0,0,0,0,0
2001,120042,3,1,0,0,0,0,0,0,0,0,0,0
2001,120042,4,1,0,0,0,0,0,0,0,0,0,0
2001,120043,1,1,26,26,26,26,26,26,26,26,26,26
2001,120043,2,1,0,0,0,0,0,0,0,0,0,0
2001,120043,3,1,0,0,0,0,0,0,0,0,0,0
2001,120043,4,1,13,26,0,0,11,17,13,17,11,42
2001,120044,1,1,0,0,0,0,0,0,0,0,3,0
2001,120044,2,1,0,0,0,0,0,0,0,0,0,0
2001,120045,1,1,0,0,0,0,0,0,0,0,0,0
2001,120045,2,1,0,0,0,0,0,0,0,7,0,0
2001,120046,1,1,0,0,0,0,0,0,0,0,0,0
2001,120046,2,1,0,0,0,0,0,0,0,0,0,0
2001,120047,0,1,22,22,22,22,22,22,22,22,22,22
2001,120047,1,1,0,26,0,0,0,0,0,0,0,0
2001,120048,1,1,0,0,0,0,0,0,0,0,0,0
2001,120048,2,1,0,0,0,0,0,0,0,0,0,0
2001,120048,3,1,0,0,0,0,0,0,0,0,0,0
2001,120049,1,1,0,0,0,0,0,0,21,0,0,7
2001,120049,2,1,0,0,0,0,0,0,0,0,0,0
2001,120050,1,1,16,16,16,16,16,16,16,16,16,16
2001,120051,1,1,0,0,0,0,0,0,0,0,0,0
2001,120051,2,1,0,0,0,0,0,0,0,0,0,0
2001,120051,3,1,0,0,0,0,0,0,0,0,0,0
2001,120052,0,1,23,23,23,23,23,23,23,23,23,23
2001,120052,1,1,0,0,0,0,0,0,0,0,0,0
2001,120053,1,1,0,0,0,0,0,0,0,0,0,0
2001,120053,2,1,0,0,0,0,0,0,0,0,0,0
2001,120054,1,1,13,13,13,13,13,13,13,13,13,13
2001,120054,2,1,13,0,11,0,0,0,0,0,0,0
2001,120055,0,1,0,0,0,0,0,0,0,0,0,0
2001,120055,1,1,0,0,0,0,0,0,0,0,0,0
2001,120056,1,1,0,0,0,0,0,0,0,0,0,0
2001,120056,2,1,0,0,0,0,0,0,0,0,0,0
2001,120056,3,1,0,0,0,0,0,0,0,0,0,0
2001,120056,4,1,0,0,0,0,0,0,0,0,0,0
2001,120056,5,1,0,0,14,0,0,0,0,0,18,0
2001,120056,6,1,0,0,0,0,0,0,0,0,0,0
2001,120057,1,1,25,25,25,25,25,25,25,25,25,25
2001,120058,1,1,21,21,21,21,21,21,21,21,21,21
2001,120059,1,1,0,0,0,0,0,0,0,0,0,0
2001,120060,1,1,0,0,0,0,0,0,0,0,0,0
2001,120061,1,1,26,26,26,26,26,26,26,26,26,26
2001,120061,2,1,0,0,0,0,0,0,0,0,0,0
2001,120061,3,1,0,0,1,0,0,0,0,0,0,0
2001,120062,1,1,11,11,11,11,11,11,11,11,11,11
2001,120063,1,1,15,15,15,15,15,15,15,15,15,15
2001,120063,2,1,0,0,0,0,0,0,0,0,0,0
2001,120064,1,1,0,0,0,0,0,0,0,0,0,0
2001,120064,2,1,0,0,0,0,0,0,0,0,0,0
2001,120065,1,1,0,0,0,0,0,0,0,0,0,0
2001,120065,2,1,0,0,0,0,0,0,0,0,0,0
2001,120066,0,1,27,27,27,27,27,27,27,27,27,27
2001,120066,1,1,0,0,0,0,0,0,0,0,0,0
2001,120067,1,1,0,0,0,0,0,0,0,0,0,0
2001,120067,2,1,0,0,0,0,10,0,0,0,0,0
2001,120068,1,1,19,19,19,19,19,19,19,19,19,19
2001,120069,1,1,23,23,23,23,23,23,23,23,23,23
2001,120069,2,1,0,0,0,0,0,0,0,11,0,0
2001,120070,0,1,18,18,18,18,18,18,18,18,18,18
2001,120070,1,1,0,0,0,0,0,0,0,0,0,0
2001,120071,1,1,0,0,0,0,0,0,0,0,0,0
2001,120071,2,1,0,0,0,6,0,0,0,0,0,0
2001,120072,1,1,11,11,11,11,11,11,11,11,11,11
2001,120072,2,1,0,0,0,0,0,0,0,0,0,0
2001,120073,1,1,0,0,0,0,0,0,0,0,0,0
2001,120073,2,1,0,0,0,0,0,0,0,0,0,0
2001,120074,0,1,22,22,22,22,22,22,22,22,22,22
2001,120074,1,1,0,0,0,0,0,0,0,0,0,0
2001,120075,1,1,0,0,0,0,0,0,0,0,0,0
2001,120075,2,1,0,0,0,0,0,0,0,0,0,0
2001,120076,0,1,29,29,29,29,29,29,29,29,29,29
2001,120076,1,1,0,0,0,0,0,0,0,0,0,13
2001,120077,1,1,19,19,19,19,19,19,19,19,19,19
2001,120078,1,1,16,16,16,16,16,16,16,16,16,16
2001,120079,1,1,28,28,28,28,28,28,28,28,28,28
2001,120080,1,1,0,0,0,0,0,0,0,0,0,0
2001,120080,2,1,0,0,0,0,0,0,0,0,0,0
2001,120081,1,1,17,17,17,17,17,17,17,17,17,17
2001,120082,1,1,0,0,0,0,0,0,0,0,0,16
2001,120082,2,1,0,0,0,0,0,0,0,0,0,0
2001,120082,3,1,0,0,15,0,0,0,0,0,0,0
2001,120083,1,1,4,4,4,4,4,4,4,4,4,4
2001,120083,2,1,0,0,0,0,0,0,0,0,0,0
2001,120084,1,1,0,0,0,0,0,0,0,0,0,0
2001,120084,2,1,0,0,0,0,0,22,0,0,0,0
2001,120084,3,1,0,0,0,0,12,0,0,0,0,0
2001,120085,1,1,0,0,0,0,0,0,0,0,0,0
2001,120085,2,1,0,0,0,0,0,0,0,0,0,0
2001,120086,0,1,26,26,26,26,26,26,26,26,26,26
2001,120086,1,1,11,17,0,0,0,0,0,0,25,0
2001,120087,1,1,0,0,0,0,0,0,0,0,0,0
2001,120088,0,1,19,19,19,19,19,19,19,19,19,19
2001,120088,1,1,0,0,0,0,0,0,0,0,0,0
2001,120089,1,1,20,20,20,20,20,20,20,20,20,20
2001,120089,2,1,0,0,0,0,0,0,0,0,0,0
2001,120090,0,1,0,0,0,0,0,0,0,0,0,0
2001,120090,1,1,0,0,0,0,0,0,15,0,0,0
2001,120091,0,1,0,0,5,13,0,0,0,0,0,0
2001,120091,1,1,0,0,0,0,0,0,0,0,0,0
2001,120092,1,1,0,0,0,0,0,0,0,0,0,0
2001,120093,1,1,16,16,16,16,16,16,16,16,16,16
2001,120094,0,1,26,26,26,26,26,26,26,26,26,26
2001,120094,1,1,0,0,0,0,0,0,0,0,0,0
2001,120095,1,1,0,0,0,0,0,0,0,0,0,0
2001,120095,2,1,0,0,0,0,0,0,0,0,0,0
2001,120096,1,1,0,0,0,0,0,0,0,0,0,0
2001,120097,1,1,0,0,0,0,0,0,0,0,0,0
2001,120098,1,1,0,0,0,0,0,0,0,0,0,0
2001,120098,2,1,0,0,0,0,0,0,0,0,0,0
2001,120099,1,1,15,15,15,15,15,15,15,15,15,15
2001,120099,2,1,0,0,0,0,0,0,0,24,0,0
2001,120100,0,1,40,40,40,40,40,40,40,40,40,40
2001,120100,1,1,0,0,0,0,0,0,0,0,0,0
2001,120101,1,1,23,23,23,23,23,23,23,23,23,23
2001,120102,1,1,0,0,5,0,0,0,0,0,0,0
2001,120102,2,1,14,6,0,0,0,0,0,0,0,0
2001,120102,3,1,0,0,4,0,0,0,22,0,5,10
2001,120102,4,1,0,9,0,0,0,0,19,0,0,20
2001,120103,1,1,21,21,21,21,21,21,21,21,21,21
2001,120104,1,1,5,0,0,21,11,0,25,0,0,0
2001,120105,1,1,4,0,0,24,0,20,0,0,0,0
2001,120105,2,1,0,0,0,0,0,0,0,0,0,0
2001,120106,1,1,0,0,0,0,0,0,0,0,0,0
2001,120106,2,1,0,0,0,0,0,0,0,0,0,0
2001,120107,1,1,0,0,0,0,0,0,0,0,0,0
2001,120107,2,1,0,0,0,0,0,0,0,0,0,0
2001,120108,1,1,0,0,0,0,0,0,0,0,0,0
2001,120108,2,1,0,0,0,0,0,0,0,0,0,0
2001,120108,3,1,0,0,0,0,0,0,0,0,0,0
2001,120109,1,1,0,0,0,0,0,0,0,0,0,0
2001,120109,2,1,0,0,0,0,0,0,0,0,0,0
2001,120109,3,1,0,0,0,0,3,0,0,0,0,0
2001,120109,4,1,0,0,0,0,0,0,0,0,0,0
2001,120109,5,1,0,0,0,0,0,0,0,0,0,0
2001,120110,1,1,0,0,0,0,0,0,0,0,0,0
2001,120110,2,1,0,0,0,0,0,0,0,0,0,0
2001,120110,3,1,0,0,0,0,0,0,0,0,0,0