YEAR,st_case,veh_no,per_no,P1,P2,P3,P4,P5,P6,P7,P8,P9,P10
2001,122639,1,1,0,0,0,0,0,0,0,0,0,0
2001,122640,1,1,12,0,0,0,0,0,0,0,0,0
2001,122640,2,1,0,0,0,0,0,0,0,0,0,0
2001,122641,1,1,0,0,0,0,0,0,0,37,0,0
2001,122641,2,1,0,0,0,0,0,0,0,0,0,0
2001,122642,1,1,0,9,28,25,10,42,5,16,27,10
2001,122642,2,1,0,0,0,0,0,0,0,0,0,0
2001,122643,1,1,17,17,17,17,17,17,17,17,17,17
2001,122644,1,1,11,11,11,11,11,11,11,11,11,11
2001,122644,2,1,0,0,0,0,0,0,0,7,0,0
2001,122645,1,1,0,0,0,0,0,0,0,0,0,0
2001,122646,1,1,0,0,0,0,0,18,0,0,13,0
2001,122647,1,1,1,1,1,1,1,1,1,1,1,1
2001,122648,0,1,0,0,0,0,0,0,0,0,0,0
2001,122648,1,1,0,0,0,0,0,0,0,0,0,0
2001,122649,1,1,0,0,0,0,0,0,0,0,0,0
2001,122649,2,1,0,0,0,0,0,0,0,0,0,0
2001,122649,3,1,0,0,0,0,0,5,0,0,0,0
2001,122650,1,1,0,0,0,9,0,0,0,0,0,0
2001,122650,2,1,12,12,12,12,12,12,12,12,12,12
2001,122650,3,1,0,0,0,0,18,0,0,0,11,8
2001,122651,1,1,0,0,0,0,0,0,0,0,0,0
2001,122652,1,1,0,0,3,0,0,0,0,0,0,0
2001,122652,2,1,23,0,28,0,0,0,0,4,0,0
2001,122653,0,1,0,0,0,0,0,0,0,0,0,0
2001,122653,1,1,0,0,0,0,0,0,0,0,0,0
2001,122654,1,1,0,0,0,0,0,0,0,0,0,0
2001,122654,2,1,0,0,0,0,0,0,0,0,0,0
2001,122655,1,1,0,0,0,0,0,0,0,0,0,0
2001,122655,2,1,0,0,0,0,0,0,0,0,0,7
2001,122656,1,1,18,18,18,18,18,18,18,18,18,18
2001,122656,2,1,0,3,0,0,0,0,0,0,0,0
2001,122657,1,1,15,21,14,0,0,16,37,4,31,22
2001,122658,1,1,16,16,16,16,16,16,16,16,16,16
2001,122658,2,1,0,0,0,0,0,0,0,0,0,0
2001,122658,3,1,0,0,0,0,0,0,0,0,0,0
2001,122659,1,1,18,18,18,18,18,18,18,18,18,18
2001,122660,1,1,2,2,2,2,2,2,2,2,2,2
2001,122660,2,1,0,0,0,0,0,0,0,0,0,0
2001,122661,1,1,23,23,23,23,23,23,23,23,23,23
2001,122661,2,1,0,0,8,0,17,0,0,0,0,14
2001,122662,1,1,0,0,0,0,0,0,0,0,0,0
2001,122663,1,1,0,0,0,0,0,0,0,0,0,0
2001,122663,2,1,7,7,7,7,7,7,7,7,7,7
2001,122664,0,1,0,0,0,0,0,0,0,34,11,8
2001,122664,1,1,0,10,3,0,3,0,0,0,14,0
2001,122665,1,1,1,1,1,1,1,1,1,1,1,1
2001,122665,2,1,0,0,0,0,0,0,0,0,0,0
2001,122666,1,1,6,6,6,6,6,6,6,6,6,6
2001,122667,0,1,8,8,8,8,8,8,8,8,8,8
2001,122667,1,1,0,0,21,0,0,0,0,0,0,0
2001,122668,1,1,0,0,0,0,0,6,0,0,0,0
2001,122668,2,1,0,0,0,0,0,0,0,0,18,0
2001,122669,0,1,20,0,17,0,21,25,16,37,23,28
2001,122669,1,1,0,23,0,0,0,0,21,20,26,16
2001,122670,0,1,0,0,0,0,0,0,0,0,0,0
2001,122670,1,1,5,0,0,0,18,0,0,0,0,0
2001,122671,1,1,0,0,0,0,0,0,0,0,0,0
2001,122672,1,1,21,21,21,21,21,21,21,21,21,21
2001,122672,2,1,0,0,0,0,0,0,0,0,0,0
2001,122673,0,1,0,0,0,0,0,0,0,0,0,0
2001,122673,1,1,0,0,0,0,0,0,0,0,0,0
2001,122674,1,1,0,0,0,0,0,0,0,0,0,0
2001,122674,2,1,0,0,0,0,0,0,0,0,9,0
2001,122675,1,1,0,0,0,0,0,0,0,0,10,0
2001,122675,2,1,0,0,0,0,0,0,0,0,0,0
2001,122676,1,1,16,16,16,16,16,16,16,16,16,16
2001,122676,2,1,10,0,18,0,0,0,8,0,12,0
2001,122677,0,1,4,0,0,0,0,0,0,0,42,0
2001,122677,1,1,0,0,0,0,0,0,0,0,0,0
2001,122678,1,1,0,0,0,0,0,0,0,0,0,0
2001,122678,2,1,0,0,0,0,0,0,0,0,0,0
2001,122678,3,1,0,0,0,0,0,0,0,0,0,0
2001,122679,1,1,1,1,1,1,1,1,1,1,1,1
2001,122680,0,1,16,22,19,58,0,0,32,17,0,15
2001,122680,1,1,0,0,0,0,0,0,0,20,0,0
2001,122681,1,1,0,0,0,0,0,0,0,0,0,0
2001,122681,2,1,0,0,0,0,0,0,0,0,0,0
2001,122682,1,1,21,21,21,21,21,21,21,21,21,21
2001,122682,2,1,0,0,0,0,0,0,0,0,0,0
2001,122683,1,1,19,19,19,19,19,19,19,19,19,19
2001,122683,2,1,0,0,0,0,0,0,0,0,0,0
2001,122684,1,1,0,0,0,0,0,0,0,0,0,0
2001,122685,1,1,0,0,0,0,2,0,20,0,8,40
2001,122685,2,1,11,0,23,16,5,0,0,0,0,11
2001,122686,1,1,17,17,17,17,17,17,17,17,17,17
2001,122686,2,1,0,0,0,0,0,0,0,0,27,19
2001,122687,1,1,0,0,0,0,0,0,0,0,0,0
2001,122687,2,1,0,0,0,0,0,0,0,0,0,0
2001,122688,0,1,0,0,0,0,0,0,0,0,0,0
2001,122688,1,1,0,0,0,0,0,0,0,0,0,0
2001,122689,1,1,31,31,31,31,31,31,31,31,31,31
2001,122690,1,1,14,0,0,0,2,0,0,5,0,0
2001,122691,1,1,18,19,0,0,0,22,0,31,26,0
2001,122692,0,1,0,16,0,12,0,17,29,31,0,18
2001,122692,1,1,0,0,0,0,0,0,0,0,0,0
2001,122693,1,1,27,15,0,24,18,16,5,15,34,19
2001,122694,1,1,0,0,0,0,0,0,0,0,0,0
2001,122694,2,1,0,6,0,0,0,0,0,0,0,0
2001,122695,1,1,0,0,0,0,0,0,0,0,0,0
2001,122695,2,1,0,0,0,0,0,0,0,0,0,0
2001,122696,1,1,0,0,0,0,0,0,0,0,0,0
2001,122697,0,1,0,0,0,0,0,0,0,0,0,0
2001,122697,1,1,0,0,0,0,0,0,0,0,0,26
2001,122699,1,1,0,0,0,0,0,0,0,0,0,0
2001,122699,2,1,0,0,0,0,0,0,0,0,0,0
2001,122700,0,1,0,0,0,11,19,0,0,28,15,0
2001,122700,1,1,0,0,0,12,0,0,0,0,0,0
2001,122701,0,1,0,0,0,0,0,0,0,0,0,0
2001,122701,1,1,0,0,0,0,0,0,0,0,0,0
2001,122701,2,1,0,0,0,0,0,0,0,0,0,0
2001,122702,1,1,11,30,0,27,21,0,0,23,6,17
2001,122703,1,1,0,20,0,0,0,0,0,3,12,0
2001,122704,1,1,0,0,0,0,0,0,0,0,0,0
2001,122704,2,1,0,0,0,0,0,0,0,0,0,0
2001,122705,1,1,22,0,0,0,0,0,0,38,16,0
2001,122706,1,1,0,0,0,0,0,0,0,0,0,0
2001,122706,2,1,0,0,0,0,0,0,0,0,0,0
2001,122707,1,1,17,5,24,41,31,19,28,12,30,11
2001,122708,1,1,0,0,0,0,0,0,0,0,0,0
2001,122708,2,1,0,0,0,0,0,0,0,0,0,0
2001,122709,1,1,0,0,0,0,0,0,0,0,0,0
2001,122709,2,1,0,0,0,0,0,0,0,0,0,0
2001,122710,0,1,0,0,0,0,0,0,0,0,0,0
2001,122710,0,2,0,0,0,0,0,0,0,0,0,0
2001,122710,1,1,0,0,0,0,0,0,0,0,0,0
2001,122711,0,1,0,0,0,0,0,0,0,0,0,0
2001,122711,1,1,0,0,0,0,0,0,0,0,0,0
2001,122712,1,1,0,0,0,0,11,0,0,0,0,0
2001,122712,2,1,0,0,0,0,0,0,0,0,0,0
2001,122713,0,1,0,0,0,0,0,0,0,0,0,0
2001,122713,1,1,0,0,0,0,0,0,0,0,0,0
2001,122714,1,1,0,0,0,0,0,0,0,0,0,0
2001,122714,2,1,0,0,0,0,0,0,0,0,0,0
2001,122715,0,1,0,0,0,0,0,0,0,0,0,0
2001,122715,1,1,0,0,0,0,0,0,0,0,0,0
2001,122716,1,1,24,24,24,24,24,24,24,24,24,24
2001,122716,2,1,0,0,0,0,0,0,0,0,0,0
2001,122717,1,1,4,4,4,4,4,4,4,4,4,4
2001,122718,0,1,16,16,16,16,16,16,16,16,16,16
2001,122718,1,1,28,25,10,19,9,14,23,25,28,13
2001,122719,1,1,0,0,0,9,0,0,0,0,7,0
2001,122719,2,1,0,0,0,0,0,0,0,0,0,0
2001,122719,3,1,0,0,0,0,0,0,0,0,0,0
2001,122720,0,1,0,0,9,0,0,0,0,0,50,0
2001,122720,1,1,0,0,0,6,0,0,0,0,0,0
2001,130001,1,1,0,0,0,0,0,0,0,0,0,0
2001,130001,2,1,0,0,0,0,0,0,0,0,0,0
2001,130002,1,1,0,7,0,0,0,0,11,0,0,0
2001,130003,1,1,30,30,30,30,30,30,30,30,30,30
2001,130004,1,1,29,29,29,29,29,29,29,29,29,29
2001,130005,1,1,0,0,0,0,0,0,0,0,0,0
2001,130005,2,1,0,0,0,0,0,0,0,0,0,0
2001,130006,0,1,0,36,15,28,16,0,25,0,0,25
2001,130006,1,1,0,0,0,3,0,7,0,0,0,0
2001,130007,1,1,0,0,0,0,0,0,0,0,0,0
2001,130008,1,1,0,0,0,0,0,0,0,0,0,0
2001,130008,2,1,0,0,0,0,0,0,0,0,0,0
2001,130008,3,1,0,0,0,0,0,0,0,0,0,0
2001,130009,1,1,0,0,0,0,0,0,0,0,0,0
2001,130009,2,1,0,0,0,0,0,0,0,0,0,0
2001,130010,1,1,0,0,0,0,0,0,0,0,0,0
2001,130010,2,1,0,0,0,0,0,0,0,0,0,0
2001,130011,1,1,0,0,0,0,0,0,0,0,0,0
2001,130012,1,1,0,30,0,0,37,11,19,0,17,0
2001,130013,1,1,0,0,0,0,0,0,0,0,0,0
2001,130014,1,1,0,0,0,0,0,0,0,0,0,0
2001,130015,1,1,0,0,0,0,0,0,0,0,0,0
2001,130016,1,1,0,0,0,0,0,0,0,0,0,0
2001,130016,2,1,0,0,0,0,0,0,0,0,0,0
2001,130017,1,1,0,0,0,0,0,0,0,0,0,0
2001,130018,1,1,0,0,0,0,0,0,0,0,0,0
2001,130018,2,1,0,0,0,0,0,0,0,0,0,0
2001,130019,1,1,19,19,19,19,19,19,19,19,19,19
2001,130020,1,1,0,0,0,0,0,0,0,0,0,0
2001,130021,1,1,0,0,0,0,0,0,0,0,0,0
2001,130021,2,1,0,0,0,0,0,0,0,0,0,0
2001,130022,1,1,20,20,20,20,20,20,20,20,20,20
2001,130023,0,1,0,0,0,0,0,0,0,0,0,0
2001,130023,1,1,10,26,13,21,23,12,16,8,13,11
2001,130024,1,1,0,0,0,0,0,0,0,0,0,0
2001,130024,2,1,0,0,0,0,0,0,0,0,0,0
2001,130025,0,1,0,0,0,27,0,8,0,31,0,16
2001,130025,1,1,19,0,0,11,0,13,12,0,17,0
2001,130026,1,1,0,0,0,0,0,0,0,0,0,0
2001,130027,1,1,0,0,0,0,0,0,0,0,0,0
2001,130027,2,1,9,9,9,9,9,9,9,9,9,9
2001,130028,1,1,0,0,0,0,0,0,0,0,0,0
2001,130028,2,1,0,0,0,0,0,0,0,0,0,0
2001,130029,1,1,0,0,0,0,0,0,0,0,0,0
2001,130029,2,1,0,0,0,0,0,0,0,0,0,0
2001,130030,1,1,0,0,0,0,0,0,0,0,0,0
2001,130030,2,1,0,0,0,0,0,0,0,0,0,0
2001,130031,1,1,0,0,0,0,0,0,0,0,0,0
2001,130031,2,1,0,0,0,0,0,0,0,0,0,0
2001,130032,0,1,0,0,0,0,0,0,0,0,0,0
2001,130032,1,1,0,0,0,0,0,0,0,0,0,0
2001,130033,1,1,14,14,14,14,14,14,14,14,14,14
2001,130033,2,1,0,0,0,0,0,0,0,0,0,0
2001,130034,1,1,0,0,0,0,0,0,0,0,0,0
2001,130035,1,1,0,0,0,0,0,0,0,0,0,0
2001,130035,2,1,0,0,0,0,0,0,0,0,0,0
2001,130036,1,1,0,0,0,0,0,0,0,0,0,0
2001,130037,0,1,34,34,34,34,34,34,34,34,34,34
2001,130037,1,1,0,0,0,0,0,0,0,0,0,0
2001,130038,1,1,0,0,0,0,0,0,0,0,0,0
2001,130038,2,1,0,0,0,0,0,0,0,0,0,0
2001,130039,1,1,10,10,10,10,10,10,10,10,10,10
2001,130039,2,1,0,0,0,0,0,0,0,0,0,0
2001,130040,1,1,0,0,0,0,0,0,0,0,0,0
2001,130040,2,1,0,0,0,0,0,0,0,0,0,0
2001,130041,1,1,0,15,0,0,0,27,0,0,0,0
2001,130041,2,1,0,0,0,0,0,0,0,0,0,0
2001,130041,3,1,0,0,0,0,0,0,0,0,0,0
2001,130042,1,1,13,15,18,14,8,12,9,33,18,11
2001,130042,2,1,0,0,0,0,0,0,0,0,0,0
2001,130042,3,1,0,0,0,0,0,0,0,0,0,0
2001,130043,1,1,0,0,0,0,0,0,0,0,0,0
2001,130043,2,1,0,0,0,10,0,0,15,0,0,0
2001,130043,3,1,0,0,0,0,0,0,0,0,0,14
2001,130044,1,1,10,10,10,10,10,10,10,10,10,10
2001,130045,1,1,0,0,7,0,0,0,0,0,0,0
2001,130046,1,1,0,0,0,0,0,0,0,0,0,0
2001,130046,2,1,9,0,0,0,0,0,0,0,0,0
2001,130047,1,1,0,0,0,0,0,0,0,0,0,0
2001,130047,2,1,0,0,0,0,0,0,0,0,0,0
2001,130048,1,1,0,0,0,0,0,0,0,0,0,0
2001,130048,2,1,0,0,0,0,0,0,0,0,0,0
2001,130049,1,1,0,0,0,0,0,0,0,0,0,0
2001,130049,2,1,0,0,0,0,0,0,0,0,0,0
2001,130049,3,1,0,0,0,0,0,27,0,0,0,0
2001,130050,1,1,2,2,2,2,2,2,2,2,2,2
2001,130051,1,1,20,19,13,15,45,7,28,8,27,0
2001,130051,2,1,0,0,0,0,0,0,0,0,0,0
2001,130052,1,1,0,0,0,0,0,0,0,0,0,0
2001,130052,2,1,0,0,0,0,0,0,0,0,0,0
2001,130052,3,1,0,0,0,0,0,0,0,0,0,0
2001,130052,4,1,0,0,0,0,0,0,0,0,0,0
2001,130053,1,1,23,23,23,23,23,23,23,23,23,23
2001,130054,1,1,0,0,0,0,0,0,0,0,0,0
2001,130054,2,1,0,0,0,0,0,0,0,0,0,0
2001,130054,3,1,0,0,0,0,0,0,0,0,0,0
2001,130055,1,1,24,24,24,24,24,24,24,24,24,24
2001,130056,1,1,0,0,0,0,0,0,0,0,0,0
2001,130056,2,1,0,0,0,0,0,0,0,0,0,0
2001,130056,3,1,0,0,0,0,0,0,0,0,0,0
2001,130057,1,1,0,0,0,0,0,0,0,0,0,0
2001,130058,0,1,0,0,0,0,0,0,0,0,0,0
2001,130058,1,1,31,26,22,32,16,26,3,18,25,19
2001,130059,1,1,0,0,0,0,0,0,0,0,0,0
2001,130059,2,1,0,0,0,0,0,0,0,0,0,0
2001,130060,1,1,0,0,0,0,0,0,0,0,0,0
2001,130060,2,1,0,0,0,0,0,0,0,0,0,0
2001,130061,1,1,29,29,29,29,29,29,29,29,29,29
2001,130062,1,1,0,0,0,0,0,0,0,0,0,0
2001,130062,2,1,0,0,0,0,0,0,0,0,0,0
2001,130063,1,1,0,0,0,0,0,0,0,0,0,0
2001,130063,2,1,0,0,0,0,0,0,0,0,0,0
2001,130064,1,1,0,0,0,0,0,0,0,0,0,0
2001,130064,2,1,0,0,0,0,0,0,0,0,0,0
2001,130065,1,1,10,10,10,10,10,10,10,10,10,10
2001,130065,2,1,0,0,0,0,0,0,0,0,0,0
2001,130065,3,1,0,0,0,0,0,0,0,0,0,0
2001,130066,1,1,0,0,0,0,0,0,0,0,0,0
2001,130066,2,1,0,0,0,0,0,0,0,0,0,0
2001,130067,1,1,0,0,0,0,0,0,0,0,0,0
2001,130067,2,1,0,0,0,0,0,0,0,0,0,0
2001,130068,0,1,13,13,13,13,13,13,13,13,13,13
2001,130068,1,1,3,3,3,3,3,3,3,3,3,3
2001,130069,1,1,18,18,18,18,18,18,18,18,18,18
2001,130069,2,1,12,12,12,12,12,12,12,12,12,12
2001,130070,1,1,25,25,25,25,25,25,25,25,25,25
2001,130070,2,1,0,0,0,0,0,0,0,0,0,0
2001,130071,1,1,18,0,0,0,0,5,30,33,28,0
2001,130071,2,1,0,0,0,0,0,0,0,0,0,0
2001,130072,1,1,0,0,0,0,0,0,0,0,0,0
2001,130072,2,1,0,0,0,0,0,0,0,0,0,0
2001,130072,3,1,0,0,0,0,0,0,9,0,0,0
2001,130072,4,1,0,0,0,0,0,0,0,0,0,0
2001,130073,1,1,6,6,6,6,6,6,6,6,6,6
2001,130074,0,1,18,19,26,34,22,11,0,43,23,0
2001,130074,1,1,0,0,0,0,0,0,0,0,0,0
2001,130075,1,1,10,30,23,15,25,21,20,16,10,0
2001,130076,1,1,0,0,0,0,0,0,0,0,0,0
2001,130077,1,1,0,0,0,0,0,0,0,0,0,0
2001,130077,2,1,0,0,0,0,0,0,0,0,0,0
2001,130077,3,1,0,0,0,0,0,0,0,0,0,0
2001,130078,1,1,13,13,13,13,13,13,13,13,13,13
2001,130079,1,1,0,0,0,0,0,0,0,0,0,0
2001,130079,2,1,0,0,0,0,0,0,0,0,0,0
2001,130080,1,1,0,0,0,0,0,0,0,0,0,0
2001,130080,2,1,0,0,0,0,0,0,0,0,0,0
2001,130081,1,1,4,4,4,4,4,4,4,4,4,4
2001,130081,2,1,0,0,0,0,0,0,0,0,0,0
2001,130082,1,1,0,0,0,0,0,0,0,0,0,0
2001,130082,2,1,0,0,0,0,0,0,0,0,0,0
2001,130083,1,1,0,0,0,0,0,0,0,0,0,0
2001,130084,1,1,0,0,0,0,0,0,0,0,0,0
2001,130084,2,1,0,0,0,0,0,0,0,0,0,0
2001,130084,3,1,0,0,0,0,0,0,0,0,0,0
2001,130085,1,1,0,0,0,0,0,0,0,0,0,0
2001,130085,2,1,0,0,0,0,0,0,0,0,0,0
2001,130086,0,1,23,16,22,18,12,22,17,17,54,47
2001,130086,1,1,0,0,0,0,0,0,0,0,0,0
2001,130087,1,1,0,0,0,0,0,0,0,0,0,0
2001,130087,2,1,0,0,0,0,0,0,0,0,0,0
2001,130088,0,1,0,0,0,0,0,0,0,0,0,0
2001,130088,1,1,16,7,0,4,0,4,0,0,0,16
2001,130089,1,1,10,10,10,10,10,10,10,10,10,10
2001,130089,2,1,0,0,0,0,0,0,0,0,0,0
2001,130090,1,1,24,24,24,24,24,24,24,24,24,24
2001,130091,1,1,26,26,26,26,26,26,26,26,26,26
2001,130091,2,1,0,0,0,0,0,0,0,0,0,0
2001,130092,1,1,23,23,23,23,23,23,23,23,23,23
2001,130093,1,1,22,22,22,22,22,22,22,22,22,22
2001,130094,1,1,0,0,0,4,20,7,26,12,20,0
2001,130094,2,1,0,0,0,0,0,0,0,0,0,0
2001,130095,1,1,28,28,28,28,28,28,28,28,28,28
2001,130095,2,1,4,4,4,4,4,4,4,4,4,4
2001,130096,1,1,0,0,0,0,15,0,4,0,22,8
2001,130097,1,1,0,0,0,0,0,0,0,0,0,0
2001,130097,2,1,0,0,0,0,0,0,0,0,0,0
2001,130098,1,1,0,0,0,0,0,0,0,0,0,0
2001,130099,1,1,0,0,0,0,0,0,0,0,0,0
2001,130099,2,1,0,0,0,0,0,0,0,0,0,0
2001,130101,1,1,15,15,15,15,15,15,15,15,15,15
2001,130102,1,1,0,0,0,0,0,0,0,0,0,0
2001,130102,2,1,0,0,0,0,0,0,0,0,0,0
2001,130103,0,1,39,39,39,39,39,39,39,39,39,39
2001,130103,1,1,0,0,0,0,0,0,0,0,0,0
2001,130104,1,1,21,26,15,17,18,0,19,17,22,21
2001,130104,2,1,0,0,0,0,0,0,0,0,0,0
2001,130105,1,1,0,0,0,0,0,0,0,0,0,0
2001,130105,2,1,0,0,0,0,0,0,0,0,0,0
2001,130106,1,1,0,0,0,0,0,0,0,0,0,0
2001,130106,2,1,0,0,0,0,0,0,0,0,0,0
2001,130107,0,1,0,0,10,0,0,0,0,13,0,0
2001,130107,1,1,0,0,0,0,0,27,0,0,0,0
2001,130108,1,1,16,16,16,16,16,16,16,16,16,16
2001,130108,2,1,0,0,0,0,0,0,0,0,0,0
2001,130109,1,1,0,0,0,0,0,0,0,0,0,0
2001,130109,2,1,0,0,0,0,0,0,0,0,0,0
2001,130110,1,1,12,0,0,8,0,0,0,0,11,0
2001,130111,1,1,0,0,0,0,0,0,0,0,0,0
2001,130111,2,1,0,0,0,0,0,0,0,0,0,0
2001,130112,1,1,5,5,5,5,5,5,5,5,5,5
2001,130112,2,1,0,0,0,0,0,0,0,0,0,0
2001,130113,1,1,30,30,30,30,30,30,30,30,30,30
2001,130114,1,1,0,0,0,0,0,0,0,0,0,0
2001,130115,1,1,0,0,0,0,0,0,0,0,0,12
2001,130116,1,1,0,0,0,0,0,0,0,0,0,0
2001,130117,1,1,0,0,0,0,0,0,0,0,0,0
2001,130118,1,1,0,0,0,0,0,0,0,0,0,0
2001,130118,2,1,0,0,0,0,0,0,0,0,0,0
2001,130119,1,1,28,28,28,28,28,28,28,28,28,28
2001,130119,2,1,0,0,0,0,0,0,0,0,0,0
2001,130120,1,1,0,0,0,0,0,0,0,0,0,0
2001,130121,1,1,0,0,0,0,0,0,0,0,0,0
2001,130121,2,1,0,0,0,0,0,0,0,0,0,0
2001,130121,3,1,0,0,0,0,0,0,0,0,0,0
2001,130122,1,1,0,0,0,0,0,0,0,0,0,0
2001,130122,2,1,0,0,0,0,0,0,0,0,0,0
2001,130123,1,1,0,0,0,0,0,0,0,0,0,0
2001,130124,0,1,8,8,8,8,8,8,8,8,8,8
2001,130124,1,1,0,5,0,0,15,0,15,0,0,0
2001,130125,1,1,0,0,0,0,0,0,0,0,0,0
2001,130126,1,1,25,25,25,25,25,25,25,25,25,25
2001,130127,1,1,19,19,19,19,19,19,19,19,19,19
2001,130128,1,1,0,0,0,0,0,0,0,0,0,0
2001,130128,2,1,0,0,0,0,0,0,0,0,0,0
2001,130129,1,1,0,0,0,0,0,0,0,0,0,0
2001,130129,2,1,0,0,0,0,0,0,0,0,0,0
2001,130130,1,1,0,0,0,0,0,0,0,0,0,0
2001,130130,2,1,0,0,0,0,0,0,0,0,0,0
2001,130131,1,1,19,19,19,19,19,19,19,19,19,19
2001,130132,1,1,0,0,0,0,0,0,0,0,0,0
2001,130133,1,1,30,30,30,30,30,30,30,30,30,30
2001,130134,1,1,0,0,0,0,0,0,0,0,0,0
2001,130134,2,1,0,0,0,0,0,0,0,0,0,0
2001,130135,1,1,0,0,0,0,0,0,0,0,0,0
2001,130135,2,1,0,0,0,0,0,0,0,0,0,0
2001,130136,1,1,0,0,0,0,0,0,0,0,0,0
2001,130136,2,1,0,0,0,0,0,0,0,0,0,0
2001,130137,1,1,0,0,0,0,0,0,0,0,0,0
2001,130137,2,1,0,0,0,0,0,0,0,0,0,0
2001,130138,1,1,8,8,8,8,8,8,8,8,8,8
2001,130138,2,1,0,0,0,0,0,0,0,0,0,0
2001,130139,1,1,0,0,0,0,0,0,0,0,0,0
2001,130139,2,1,0,0,0,0,0,0,0,0,0,0
2001,130140,1,1,0,0,0,0,0,0,0,0,0,0
2001,130141,1,1,0,0,0,0,0,0,0,0,0,0
2001,130141,2,1,0,0,0,0,0,0,0,0,0,0
2001,130142,1,1,0,0,0,0,0,0,0,0,0,0
2001,130142,2,1,0,0,0,0,0,0,0,0,0,0
2001,130143,1,1,23,23,23,23,23,23,23,23,23,23
2001,130143,2,1,0,0,0,0,0,0,0,0,0,0
2001,130144,1,1,0,0,0,0,0,0,0,0,0,0
2001,130144,2,1,0,0,0,0,0,0,0,0,0,0
2001,130144,3,1,0,0,0,0,0,0,0,0,0,0
2001,130145,1,1,21,21,21,21,21,21,21,21,21,21
2001,130146,1,1,0,0,0,0,0,0,0,0,0,0
2001,130147,1,1,0,37,0,0,7,0,0,0,0,0
2001,130147,2,1,0,0,0,0,0,0,0,0,0,0
2001,130147,3,1,0,0,0,0,0,0,0,0,0,0
2001,130148,1,1,11,11,11,11,11,11,11,11,11,11
2001,130148,2,1,0,0,0,0,0,0,0,0,0,0
2001,130149,1,1,11,11,11,11,11,11,11,11,11,11
2001,130149,2,1,0,0,0,0,0,0,0,0,0,0
2001,130150,0,1,22,22,22,22,22,22,22,22,22,22
2001,130150,1,1,15,0,0,15,0,10,19,0,2,0
2001,130151,1,1,2,2,2,2,2,2,2,2,2,2
2001,130152,1,1,0,0,0,0,0,0,0,0,0,0
2001,130152,2,1,0,0,0,0,0,0,0,0,0,0
2001,130153,1,1,0,0,0,0,0,0,0,0,0,0
2001,130154,1,1,0,0,0,0,0,0,0,0,0,0
2001,130154,2,1,0,0,0,0,0,0,0,0,0,0
2001,130155,1,1,0,0,0,0,0,0,0,0,0,0
2001,130155,2,1,0,0,0,0,0,0,0,0,0,0
2001,130156,0,1,15,15,15,15,15,15,15,15,15,15
2001,130156,1,1,8,8,8,8,8,8,8,8,8,8
2001,130157,1,1,18,18,18,18,18,18,18,18,18,18
2001,130158,1,1,0,0,0,0,0,17,0,0,0,0
2001,130159,1,1,0,0,0,0,0,0,0,0,0,0
2001,130160,1,1,17,0,0,0,0,0,0,0,0,0
2001,130160,2,1,0,11,0,0,0,16,0,0,0,0
2001,130161,1,1,24,24,24,24,24,24,24,24,24,24
2001,130162,1,1,0,0,0,0,0,0,0,0,0,0
2001,130163,0,1,15,15,15,15,15,15,15,15,15,15
2001,130163,1,1,0,0,0,0,0,0,0,0,0,0
2001,130164,1,1,0,0,0,0,0,0,0,0,0,0
2001,130164,2,1,0,0,0,0,0,0,0,0,0,0
2001,130165,1,1,0,0,0,0,0,0,0,0,0,0
2001,130165,2,1,0,0,0,0,0,0,0,0,0,0
2001,130166,1,1,0,0,0,0,0,0,0,0,0,0
2001,130166,2,1,0,0,0,0,0,0,0,0,0,0
2001,130167,1,1,18,18,18,18,18,18,18,18,18,18
2001,130168,1,1,0,0,0,0,0,0,0,0,0,0
2001,130168,2,1,0,0,0,0,0,0,0,0,0,0
2001,130169,1,1,0,0,0,0,0,0,0,0,0,0
2001,130170,1,1,0,0,0,0,0,0,0,0,0,0
2001,130170,2,1,0,0,0,0,0,0,0,0,0,0
2001,130171,1,1,32,12,5,0,0,4,14,18,0,0
2001,130172,0,1,21,32,34,52,9,0,0,19,10,0
2001,130172,1,1,0,0,0,0,0,0,0,0,0,0
2001,130173,0,1,0,0,0,0,0,0,0,0,0,0
2001,130173,1,1,6,6,6,6,6,6,6,6,6,6
2001,130174,1,1,0,0,0,0,0,0,0,0,0,0
2001,130174,2,1,0,0,0,0,0,0,0,0,0,0
2001,130175,1,1,0,0,0,0,0,0,0,0,0,0
2001,130175,2,1,0,0,0,0,0,0,0,0,0,0
2001,130175,3,1,0,0,0,0,0,0,0,0,0,0
2001,130176,1,1,5,5,5,5,5,5,5,5,5,5
2001,130176,2,1,0,0,0,0,0,0,0,0,0,0
2001,130177,1,1,0,0,0,0,0,0,0,0,0,0
2001,130177,2,1,0,0,0,0,0,0,0,0,0,0
2001,130178,1,1,0,0,0,0,13,0,0,3,0,0
2001,130179,1,1,0,0,0,0,0,0,0,0,0,0
2001,130180,1,1,0,0,0,0,0,0,0,0,0,0
2001,130180,2,1,0,0,0,0,0,0,0,0,0,0
2001,130181,1,1,0,31,17,8,8,10,0,16,14,19
2001,130181,2,1,3,3,3,3,3,3,3,3,3,3
2001,130182,1,1,25,0,0,0,0,25,0,0,35,10
2001,130183,1,1,0,0,0,0,0,0,0,0,0,0