YEAR,st_case,veh_no,per_no,P1,P2,P3,P4,P5,P6,P7,P8,P9,P10
2001,150058,1,1,0,0,0,0,8,0,0,0,0,0
2001,150059,1,1,0,0,0,0,0,0,0,0,0,0
2001,150059,2,1,0,0,0,0,0,0,0,0,0,0
2001,150060,0,1,0,0,0,0,0,0,0,0,0,0
2001,150060,1,1,0,0,0,0,0,0,0,0,0,0
2001,150061,1,1,11,6,5,11,4,9,5,4,22,13
2001,150061,2,1,0,0,0,0,0,0,0,0,0,0
2001,150061,3,1,0,0,0,0,0,0,0,0,0,0
2001,150062,1,1,0,0,0,0,0,0,0,0,0,0
2001,150062,2,1,0,16,0,0,0,0,0,0,0,0
2001,150063,1,1,0,0,0,0,0,0,0,0,0,31
2001,150063,2,1,0,0,0,0,0,0,18,0,0,4
2001,150064,1,1,14,14,14,14,14,14,14,14,14,14
2001,150064,2,1,0,0,0,0,0,0,0,0,0,18
2001,150065,1,1,0,0,15,0,31,6,0,0,16,31
2001,150065,2,1,11,11,11,11,11,11,11,11,11,11
2001,150066,1,1,0,0,0,0,0,0,0,0,0,0
2001,150066,2,1,0,0,0,0,0,0,0,0,0,0
2001,150067,1,1,0,0,0,0,0,0,0,0,0,0
2001,150067,2,1,0,0,0,0,0,0,0,0,0,16
2001,150067,3,1,0,0,0,0,0,0,0,0,0,0
2001,150068,0,1,0,0,0,0,0,0,0,0,0,0
2001,150068,1,1,0,0,0,0,0,0,0,0,0,0
2001,150070,1,1,0,0,0,0,0,0,0,0,0,0
2001,150071,1,1,12,12,12,12,12,12,12,12,12,12
2001,150071,2,1,2,2,2,2,2,2,2,2,2,2
2001,150072,1,1,0,0,10,0,21,0,25,25,0,17
2001,150073,0,1,0,0,0,0,0,0,0,0,0,0
2001,150073,1,1,9,0,0,0,0,0,0,0,0,6
2001,150074,0,1,0,0,0,0,0,0,0,0,0,0
2001,150074,1,1,0,0,0,0,0,0,0,0,0,0
2001,150075,0,1,0,0,0,0,0,0,0,0,0,0
2001,150075,1,1,0,0,0,0,0,0,0,0,0,0
2001,150076,1,1,16,16,16,16,16,16,16,16,16,16
2001,150078,1,1,0,7,0,17,0,0,0,0,12,0
2001,150078,2,1,0,0,0,0,0,0,14,0,0,0
2001,150079,1,1,12,0,10,10,17,0,0,0,2,20
2001,150080,1,1,6,6,6,6,6,6,6,6,6,6
2001,150081,0,1,0,0,0,0,0,0,0,0,0,0
2001,150081,1,1,0,0,0,8,0,7,0,3,0,0
2001,150082,1,1,0,0,0,0,0,0,0,0,0,0
2001,150083,1,1,4,4,4,4,4,4,4,4,4,4
2001,150083,2,1,5,5,5,5,5,5,5,5,5,5
2001,150084,0,1,0,0,0,0,0,0,0,0,0,0
2001,150084,1,1,0,0,0,0,0,0,13,0,22,0
2001,150085,0,1,0,0,0,0,0,0,0,0,0,0
2001,150085,1,1,0,0,0,0,0,0,0,0,0,0
2001,150086,1,1,0,0,0,0,0,0,0,0,0,0
2001,150087,0,1,3,22,0,10,18,0,0,14,0,32
2001,150087,1,1,9,0,0,0,0,0,9,0,0,0
2001,150088,1,1,0,0,0,0,0,0,0,0,0,0
2001,150088,2,1,0,0,0,0,0,0,0,0,0,0
2001,150089,0,1,0,0,0,0,0,0,0,0,0,0
2001,150089,1,1,0,0,0,0,0,0,0,0,0,0
2001,150090,0,1,8,0,22,0,0,20,0,0,0,0
2001,150090,1,1,0,0,0,0,0,0,0,0,0,0
2001,150091,1,1,18,18,18,18,18,18,18,18,18,18
2001,150092,1,1,17,17,17,17,17,17,17,17,17,17
2001,150093,1,1,0,25,0,0,0,0,11,0,0,0
2001,150093,2,1,25,25,25,25,25,25,25,25,25,25
2001,150094,1,1,0,0,0,0,0,16,0,0,0,0
2001,150095,1,1,0,0,0,0,0,0,0,0,0,0
2001,150096,1,1,0,0,0,0,0,0,0,0,0,0
2001,150097,0,1,0,24,0,0,14,0,0,24,0,0
2001,150097,1,1,0,0,0,0,0,0,0,0,0,0
2001,150097,2,1,0,0,0,0,0,0,0,0,0,5
2001,150098,1,1,0,0,0,0,0,0,0,0,0,0
2001,150098,2,1,0,25,0,6,0,0,0,0,0,0
2001,150099,1,1,0,0,0,0,0,0,0,0,0,0
2001,150099,2,1,0,0,0,0,0,0,0,5,0,0
2001,150100,1,1,0,0,0,0,0,0,0,0,0,0
2001,150101,1,1,0,0,0,0,0,0,0,0,0,0
2001,150101,2,1,0,0,0,0,0,0,0,0,0,0
2001,150102,1,1,0,0,12,0,13,10,0,11,0,6
2001,150102,2,1,0,0,0,0,0,0,0,0,0,0
2001,150104,1,1,0,0,0,0,0,0,0,0,0,0
2001,150106,1,1,9,9,9,9,9,9,9,9,9,9
2001,150107,1,1,9,9,9,9,9,9,9,9,9,9
2001,150108,1,1,21,21,21,21,21,21,21,21,21,21
2001,150108,2,1,0,0,0,0,0,0,0,0,3,19
2001,150109,0,1,0,0,15,0,19,20,0,0,34,13
2001,150109,1,1,10,10,10,10,10,10,10,10,10,10
2001,150110,1,1,7,7,7,7,7,7,7,7,7,7
2001,150110,2,1,0,0,0,0,0,0,0,0,0,0
2001,150111,0,1,20,36,18,0,2,0,20,0,27,0
2001,150111,1,1,0,0,0,0,0,0,0,0,0,0
2001,150112,1,1,0,15,25,0,22,21,11,35,10,21
2001,150112,2,1,0,0,0,0,0,0,0,0,0,0
2001,150112,3,1,0,0,0,0,0,0,0,0,0,0
2001,150113,1,1,9,9,9,9,9,9,9,9,9,9
2001,150114,0,1,0,0,0,0,0,0,0,0,0,0
2001,150114,1,1,0,0,0,0,0,0,0,0,0,0
2001,150115,1,1,21,21,21,21,21,21,21,21,21,21
2001,150116,1,1,0,0,0,0,0,0,0,0,0,0
2001,150117,1,1,0,0,0,0,0,0,0,0,0,0
2001,150117,2,1,0,0,0,0,33,0,0,0,0,0
2001,150118,1,1,0,0,0,0,0,0,0,0,0,0
2001,150118,2,1,0,0,0,0,0,0,0,0,0,0
2001,150119,1,1,11,9,19,0,0,12,14,25,14,17
2001,150120,1,1,0,19,0,11,24,10,0,0,29,16
2001,150121,1,1,24,24,24,24,24,24,24,24,24,24
2001,150122,0,1,0,0,0,0,0,0,0,0,0,0
2001,150122,1,1,0,0,0,0,0,0,0,0,0,0
2001,150122,2,1,0,0,0,0,0,0,0,0,0,0
2001,150123,0,1,0,0,0,0,0,0,0,0,0,0
2001,150123,1,1,0,0,0,0,0,0,0,0,0,0
2001,150124,1,1,0,0,0,0,0,0,0,0,0,0
2001,150124,2,1,0,0,0,0,14,0,0,0,26,0
2001,150125,1,1,0,0,0,0,0,0,0,0,0,0
2001,150125,2,1,0,0,0,0,0,0,0,0,0,0
2001,150126,0,1,29,20,24,0,28,18,22,0,26,22
2001,150126,1,1,0,10,25,23,14,20,29,34,4,4
2001,150127,0,1,23,23,23,23,23,23,23,23,23,23
2001,150127,1,1,0,0,4,0,0,24,29,0,0,10
2001,150128,1,1,8,8,8,8,8,8,8,8,8,8
2001,150129,1,1,0,0,0,0,0,0,0,0,0,0
2001,150129,2,1,0,0,0,0,0,19,0,0,0,0
2001,150130,0,1,8,0,0,0,0,0,0,0,0,0
2001,150130,1,1,0,0,0,0,0,0,0,0,0,0
2001,150131,1,1,0,0,0,0,0,0,0,0,0,0
2001,150131,2,1,0,0,0,0,0,0,0,0,0,0
2001,150132,1,1,0,0,0,0,0,0,0,0,0,0
2001,150133,1,1,0,9,12,15,12,2,0,4,10,0
2001,150133,2,1,2,2,2,2,2,2,2,2,2,2
2001,150133,3,1,0,23,0,0,0,0,0,0,15,6
2001,150134,0,1,0,0,0,0,0,0,0,0,0,0
2001,150134,1,1,9,9,9,9,9,9,9,9,9,9
2001,150135,1,1,0,0,0,0,0,0,0,0,0,0
2001,150136,0,1,0,0,0,0,0,0,0,0,0,0
2001,150136,1,1,0,0,0,0,0,0,0,0,0,0
2001,160001,1,1,10,10,10,10,10,10,10,10,10,10
2001,160002,1,1,0,0,0,0,0,0,0,0,0,0
2001,160002,2,1,0,0,0,0,0,0,0,0,0,0
2001,160003,1,1,0,0,0,0,0,0,0,0,0,0
2001,160003,2,1,0,0,0,0,0,0,0,0,0,0
2001,160004,1,1,0,0,0,0,0,0,0,0,13,0
2001,160004,2,1,0,0,0,0,0,0,0,0,0,0
2001,160005,0,1,0,0,0,0,0,0,0,0,0,0
2001,160005,1,1,0,0,0,0,0,0,0,0,0,0
2001,160006,1,1,0,0,0,0,0,0,0,0,0,0
2001,160006,2,1,0,0,0,0,0,0,0,0,0,0
2001,160007,1,1,0,0,0,0,0,0,0,0,0,0
2001,160007,2,1,0,0,0,0,0,0,0,0,0,0
2001,160008,1,1,0,0,0,0,0,0,0,0,0,0
2001,160009,1,1,0,0,0,0,0,0,0,0,0,0
2001,160009,2,1,0,0,0,0,0,0,0,0,0,0
2001,160009,3,1,0,0,0,0,0,0,0,0,0,0
2001,160009,4,1,0,0,0,0,0,0,0,0,0,0
2001,160009,5,1,0,0,0,0,0,0,0,0,0,0
2001,160010,1,1,0,0,0,0,0,0,0,17,0,0
2001,160010,2,1,0,0,0,0,0,0,0,0,0,0
2001,160011,1,1,0,0,0,0,0,0,0,0,0,0
2001,160011,2,1,0,0,0,0,0,0,0,0,0,0
2001,160012,1,1,0,0,0,0,0,0,0,0,0,0
2001,160012,2,1,0,0,0,0,0,0,0,0,0,0
2001,160013,1,1,0,0,0,0,0,0,0,0,0,0
2001,160014,1,1,0,0,10,0,0,0,0,0,0,0
2001,160015,1,1,0,0,0,0,0,0,0,0,0,0
2001,160016,1,1,9,9,9,9,9,9,9,9,9,9
2001,160016,2,1,0,0,0,0,0,0,0,0,0,0
2001,160017,1,1,0,0,0,0,0,0,0,0,0,0
2001,160018,1,1,0,0,0,0,0,13,0,0,0,0
2001,160019,1,1,0,0,0,0,0,0,0,0,0,0
2001,160019,2,1,0,0,0,0,0,0,0,0,0,0
2001,160020,1,1,21,21,21,21,21,21,21,21,21,21
2001,160021,1,1,0,0,0,0,12,0,0,0,0,0
2001,160022,1,1,0,0,0,0,0,0,0,0,0,0
2001,160022,2,1,0,0,0,0,0,0,0,0,0,0
2001,160023,1,1,0,0,0,0,0,0,0,0,0,0
2001,160023,2,1,5,0,0,0,0,0,10,0,0,0
2001,160024,1,1,0,0,0,0,0,0,0,0,0,10
2001,160024,2,1,0,0,0,0,0,0,0,0,0,0
2001,160025,1,1,0,0,0,0,0,0,0,0,0,0
2001,160026,1,1,0,0,0,0,0,0,0,0,0,0
2001,160026,2,1,0,0,0,0,0,0,0,0,0,0
2001,160027,1,1,17,17,17,17,17,17,17,17,17,17
2001,160028,1,1,28,28,28,28,28,28,28,28,28,28
2001,160029,1,1,15,23,24,0,14,0,13,0,20,0
2001,160030,1,1,13,13,13,13,13,13,13,13,13,13
2001,160031,1,1,0,0,0,0,0,0,0,0,0,0
2001,160031,2,1,0,0,0,0,0,0,0,0,0,0
2001,160032,1,1,11,11,11,11,11,11,11,11,11,11
2001,160033,1,1,0,0,0,0,0,0,0,0,0,0
2001,160034,1,1,0,0,0,0,0,0,0,0,0,0
2001,160034,2,1,0,0,0,0,0,0,0,0,0,0
2001,160035,1,1,9,9,9,9,9,9,9,9,9,9
2001,160035,2,1,0,0,0,0,0,0,0,0,0,0
2001,160036,1,1,9,9,9,9,9,9,9,9,9,9
2001,160037,0,2,0,0,0,0,0,0,0,0,0,0
2001,160037,1,1,0,0,0,0,0,0,0,0,0,0
2001,160038,1,1,0,0,0,0,0,0,0,0,0,0
2001,160038,2,1,0,0,0,0,0,0,0,0,0,0
2001,160039,1,1,0,0,0,0,0,0,0,0,0,0
2001,160040,1,1,0,0,0,0,0,0,0,0,0,0
2001,160041,1,1,0,0,0,0,0,0,0,0,0,0
2001,160042,1,1,17,17,17,17,17,17,17,17,17,17
2001,160043,1,1,18,18,18,18,18,18,18,18,18,18
2001,160043,2,1,0,0,0,0,0,0,9,0,0,0
2001,160044,1,1,7,10,0,0,0,0,0,0,0,0
2001,160044,2,1,0,0,0,0,0,0,0,0,0,0
2001,160045,1,1,0,0,0,0,0,0,0,0,0,0
2001,160046,1,1,0,0,0,0,0,0,0,0,0,0
2001,160046,2,1,0,0,0,0,0,0,0,0,0,0
2001,160047,1,1,0,0,0,0,0,22,0,0,0,0
2001,160048,1,1,0,0,0,0,0,0,0,0,0,0
2001,160048,2,1,14,14,14,14,14,14,14,14,14,14
2001,160049,1,1,0,0,0,0,0,0,0,0,0,0
2001,160049,2,1,0,0,0,0,0,0,0,0,0,0
2001,160050,1,1,8,8,8,8,8,8,8,8,8,8
2001,160051,1,1,1,1,1,1,1,1,1,1,1,1
2001,160051,2,1,0,0,0,0,0,0,0,0,0,0
2001,160051,3,1,0,0,0,0,0,0,12,0,0,0
2001,160052,1,1,0,0,0,0,0,0,0,0,0,0
2001,160053,1,1,40,40,40,40,40,40,40,40,40,40
2001,160054,1,1,13,13,13,13,13,13,13,13,13,13
2001,160055,1,1,0,0,0,0,0,0,0,0,0,0
2001,160056,1,1,0,0,0,0,0,0,0,0,0,0
2001,160057,1,1,0,0,0,0,0,0,0,0,0,0
2001,160058,1,1,0,0,0,0,0,0,0,0,0,0
2001,160059,1,1,0,0,0,0,0,0,0,0,0,0
2001,160060,1,1,0,0,0,0,0,0,0,0,0,0
2001,160060,2,1,0,0,0,0,0,0,0,0,0,0
2001,160061,1,1,23,23,23,23,23,23,23,23,23,23
2001,160061,2,1,0,0,0,0,0,0,0,0,0,0
2001,160062,1,1,0,0,0,0,18,0,16,0,0,0
2001,160063,1,1,0,0,0,0,0,0,0,0,0,0
2001,160064,1,1,0,0,0,0,0,0,0,0,0,0
2001,160065,1,1,3,3,3,3,3,3,3,3,3,3
2001,160066,1,1,0,0,0,0,0,0,0,0,0,0
2001,160066,2,1,0,0,15,0,0,0,0,0,0,0
2001,160067,1,1,17,17,17,17,17,17,17,17,17,17
2001,160068,1,1,0,0,0,0,0,0,0,0,0,0
2001,160069,1,1,3,3,3,3,3,3,3,3,3,3
2001,160069,2,1,0,0,4,0,0,0,0,0,0,0
2001,160070,1,1,0,0,0,0,0,0,0,0,0,0
2001,160070,2,1,0,0,0,0,0,0,0,0,0,0
2001,160071,1,1,12,12,12,12,12,12,12,12,12,12
2001,160072,1,1,0,0,0,0,0,0,0,0,0,0
2001,160073,1,1,23,23,23,23,23,23,23,23,23,23
2001,160074,1,1,8,0,0,0,0,0,0,0,0,0
2001,160075,1,1,15,15,15,15,15,15,15,15,15,15
2001,160076,1,1,0,0,0,0,0,0,0,0,0,0
2001,160077,1,1,0,0,0,0,0,0,0,0,0,0
2001,160077,2,1,0,0,0,0,0,0,0,0,0,0
2001,160078,1,1,27,27,27,27,27,27,27,27,27,27
2001,160079,1,1,0,0,0,0,0,0,0,0,0,0
2001,160080,1,1,0,0,5,0,0,0,0,0,0,0
2001,160081,1,1,0,0,0,3,0,0,0,0,0,0
2001,160081,2,1,0,0,0,0,0,0,0,0,0,0
2001,160082,1,1,0,0,0,0,0,0,0,0,0,0
2001,160082,2,1,0,0,0,0,0,0,0,0,0,0
2001,160083,1,1,1,1,1,1,1,1,1,1,1,1
2001,160084,1,1,5,5,5,5,5,5,5,5,5,5
2001,160084,2,1,17,17,17,17,17,17,17,17,17,17
2001,160085,1,1,15,15,15,15,15,15,15,15,15,15
2001,160086,1,1,0,0,0,0,0,0,0,0,0,0
2001,160087,0,1,9,0,4,0,0,0,0,0,0,0
2001,160087,1,1,0,0,0,0,0,0,0,0,0,0
2001,160088,1,1,0,0,0,0,0,0,0,0,0,0
2001,160088,2,1,0,0,0,0,0,0,0,0,0,0
2001,160089,1,1,0,0,0,0,0,0,0,0,0,0
2001,160090,1,1,0,0,17,25,0,0,0,0,0,0
2001,160091,1,1,0,0,0,0,0,0,0,0,0,0
2001,160092,1,1,0,0,0,0,0,12,16,0,0,0
2001,160093,1,1,0,0,0,0,0,0,0,0,0,0
2001,160094,1,1,0,0,0,0,0,0,0,0,0,0
2001,160095,1,1,0,0,0,0,0,0,0,0,0,0
2001,160096,1,1,25,25,25,25,25,25,25,25,25,25
2001,160096,2,1,0,0,0,0,0,20,0,0,12,0
2001,160097,1,1,0,0,0,0,0,0,0,0,0,0
2001,160098,1,1,0,11,0,0,0,15,0,0,0,0
2001,160099,1,1,0,0,0,0,0,0,0,0,0,0
2001,160099,2,1,0,0,0,0,0,0,0,0,0,0
2001,160100,1,2,0,0,0,0,0,0,0,0,6,0
2001,160101,1,1,0,0,0,0,0,0,0,0,0,0
2001,160102,1,1,0,18,0,0,0,0,22,0,32,11
2001,160103,1,1,0,0,0,0,0,0,0,0,0,0
2001,160104,1,1,0,0,0,0,0,0,0,0,0,0
2001,160105,1,1,0,0,0,0,0,0,0,0,0,0
2001,160105,2,1,0,0,0,0,0,0,0,0,0,0
2001,160106,1,1,0,0,0,0,0,0,0,0,0,0
2001,160106,2,1,0,0,0,0,0,0,0,0,0,0
2001,160107,1,1,0,0,0,0,0,0,0,0,0,0
2001,160107,2,1,0,0,0,0,0,0,0,0,0,0
2001,160108,1,1,24,24,24,24,24,24,24,24,24,24
2001,160109,1,1,0,0,0,0,0,0,0,0,0,0
2001,160109,2,1,0,0,0,0,0,0,0,0,0,0
2001,160110,1,1,0,0,0,0,0,0,0,0,0,0
2001,160111,1,1,0,0,0,0,0,0,0,0,0,0
2001,160112,1,1,22,22,22,22,22,22,22,22,22,22
2001,160113,1,1,0,0,0,0,0,0,0,0,0,0
2001,160114,0,1,0,0,0,0,0,0,0,0,0,0
2001,160114,1,1,0,0,0,0,0,0,0,0,0,0
2001,160115,1,1,0,0,0,0,0,0,0,0,0,0
2001,160116,1,1,12,12,12,12,12,12,12,12,12,12
2001,160117,1,1,16,0,0,0,0,13,0,0,14,0
2001,160118,1,1,1,1,1,1,1,1,1,1,1,1
2001,160118,2,1,0,0,0,0,0,0,0,0,0,0
2001,160119,1,1,0,0,0,0,0,0,0,0,0,0
2001,160120,1,1,7,7,7,7,7,7,7,7,7,7
2001,160121,1,1,0,0,0,0,0,0,0,0,0,0
2001,160122,1,1,11,11,11,11,11,11,11,11,11,11
2001,160123,1,1,16,16,16,16,16,16,16,16,16,16
2001,160123,2,1,0,0,0,0,0,0,0,0,0,0
2001,160124,1,1,0,0,26,14,0,21,13,19,23,18
2001,160125,1,1,19,13,5,16,0,0,0,0,0,18
2001,160126,1,1,0,0,0,0,0,0,0,0,0,0
2001,160127,1,1,0,0,0,0,0,0,0,0,0,0
2001,160128,1,1,0,0,0,0,0,0,0,0,0,0
2001,160129,1,1,0,0,0,0,0,0,0,0,0,0
2001,160129,2,1,0,0,0,0,0,0,0,0,0,0
2001,160130,1,1,26,26,26,26,26,26,26,26,26,26
2001,160131,1,1,0,0,0,0,0,0,0,0,0,0
2001,160132,1,1,0,0,0,0,0,0,0,0,0,0
2001,160133,1,1,26,26,26,26,26,26,26,26,26,26
2001,160133,2,1,0,0,0,0,0,0,0,0,0,0
2001,160134,0,1,0,0,0,0,0,0,0,0,0,0
2001,160134,1,1,0,0,0,0,0,0,0,0,0,0
2001,160135,1,1,15,15,15,15,15,15,15,15,15,15
2001,160136,1,1,0,0,0,0,0,0,0,0,11,0
2001,160136,2,1,0,0,0,0,0,0,0,0,0,0
2001,160137,1,1,0,0,0,0,0,0,0,0,0,0
2001,160138,1,1,22,22,22,22,22,22,22,22,22,22
2001,160139,1,1,0,0,0,0,0,0,0,0,0,0
2001,160140,1,1,20,20,20,20,20,20,20,20,20,20
2001,160141,0,2,0,0,0,0,0,0,0,12,0,0
2001,160141,0,3,0,3,0,0,0,12,0,0,0,0
2001,160141,0,4,0,28,0,0,0,0,0,0,0,25
2001,160141,0,5,0,0,0,0,0,0,0,0,0,0
2001,160141,0,6,0,0,0,5,0,19,0,0,0,0
2001,160141,0,7,21,0,0,0,0,0,13,0,0,29
2001,160141,0,8,0,0,0,33,0,0,0,0,0,0
2001,160141,0,9,0,0,0,0,0,0,0,0,0,0
2001,160141,1,1,0,0,0,0,0,0,0,0,0,0
2001,160142,1,1,0,0,0,0,0,0,0,0,0,0
2001,160143,1,1,0,0,0,0,0,0,0,0,0,0
2001,160143,2,1,0,0,0,0,0,0,0,0,0,0
2001,160144,1,1,29,29,29,29,29,29,29,29,29,29
2001,160145,1,1,25,25,25,25,25,25,25,25,25,25
2001,160145,2,1,0,0,0,0,0,0,0,0,0,0
2001,160145,3,1,0,0,15,0,0,0,0,0,0,5
2001,160146,1,1,34,34,34,34,34,34,34,34,34,34
2001,160147,0,1,31,31,31,31,31,31,31,31,31,31
2001,160147,1,1,0,0,0,0,0,0,0,0,0,0
2001,160148,1,1,0,0,0,0,0,0,0,0,0,0
2001,160149,1,1,0,0,0,0,0,0,0,0,0,0
2001,160149,2,1,0,0,0,0,0,0,0,0,0,0
2001,160150,1,1,0,0,0,0,0,0,0,0,0,0
2001,160151,0,1,27,27,27,27,27,27,27,27,27,27
2001,160151,1,1,0,0,0,0,0,0,0,0,0,0
2001,160152,1,1,0,0,0,0,0,0,0,0,0,0
2001,160152,2,1,0,0,0,0,0,0,0,0,0,0
2001,160153,1,1,0,0,0,0,0,0,0,0,0,0
2001,160153,2,1,0,0,0,0,0,0,0,0,0,0
2001,160154,1,1,19,19,19,19,19,19,19,19,19,19
2001,160155,1,1,0,0,0,0,0,0,0,0,0,0
2001,160156,1,1,0,0,0,0,0,0,0,0,0,0
2001,160157,1,1,0,0,0,0,0,0,0,0,0,0
2001,160157,2,1,0,0,0,0,0,0,0,0,0,0
2001,160158,1,1,16,16,16,16,16,16,16,16,16,16
2001,160159,1,1,0,0,0,0,0,0,0,0,0,0
2001,160160,1,1,0,0,0,0,0,0,0,0,0,0
2001,160160,2,1,0,0,0,0,0,0,0,0,0,0
2001,160161,1,1,17,17,17,17,17,17,17,17,17,17
2001,160162,1,1,0,0,0,0,0,0,0,0,0,0
2001,160163,1,1,0,0,0,0,0,0,0,0,0,0
2001,160163,2,1,0,0,0,0,0,0,0,0,0,0
2001,160164,1,1,1,1,1,1,1,1,1,1,1,1
2001,160164,2,1,0,0,0,0,0,0,0,0,0,0
2001,160165,0,1,0,0,0,0,0,0,0,0,0,0
2001,160165,1,1,0,0,0,0,0,0,0,0,0,0
2001,160166,1,1,0,0,0,0,0,0,0,16,0,0
2001,160166,2,1,0,0,0,0,0,0,0,0,0,0
2001,160166,3,1,0,0,0,0,0,0,0,0,0,8
2001,160167,1,1,13,13,13,13,13,13,13,13,13,13
2001,160167,2,1,0,0,0,0,0,0,0,0,0,0
2001,160168,1,1,0,0,0,0,0,0,0,0,0,0
2001,160168,2,1,0,0,0,0,0,0,0,0,0,0
2001,160169,1,1,0,0,0,0,0,0,0,0,0,0
2001,160170,1,1,16,12,23,0,18,20,11,20,24,14
2001,160171,1,1,0,0,0,0,0,0,0,0,0,0
2001,160171,2,1,0,0,0,0,0,0,0,0,0,0
2001,160172,1,1,14,14,14,14,14,14,14,14,14,14
2001,160172,2,1,0,0,0,0,0,0,0,0,0,0
2001,160173,1,1,1,1,1,1,1,1,1,1,1,1
2001,160174,1,1,16,16,16,16,16,16,16,16,16,16
2001,160175,1,1,23,31,33,15,14,29,13,26,23,7
2001,160176,1,1,12,12,12,12,12,12,12,12,12,12
2001,160177,1,1,18,18,18,18,18,18,18,18,18,18
2001,160178,1,1,0,0,0,0,0,0,0,0,0,0
2001,160178,2,1,0,0,0,7,0,0,0,0,0,0
2001,160179,1,1,0,0,0,0,0,0,0,0,4,0
2001,160179,2,1,0,0,0,0,0,0,0,0,0,0
2001,160179,3,1,0,0,0,0,0,0,0,0,0,12
2001,160180,1,1,0,0,0,0,0,0,0,0,0,0
2001,160181,1,1,21,21,21,21,21,21,21,21,21,21
2001,160182,0,1,22,22,22,22,22,22,22,22,22,22
2001,160182,1,1,0,0,0,0,0,0,0,0,0,0
2001,160183,1,1,14,14,14,14,14,14,14,14,14,14
2001,160183,2,1,0,0,0,0,0,0,0,0,0,0
2001,160183,3,1,40,40,40,40,40,40,40,40,40,40
2001,160183,4,1,0,0,0,0,0,0,0,0,0,0
2001,160184,1,1,0,0,0,0,0,0,0,0,0,0
2001,160184,2,1,0,0,0,0,0,0,0,0,0,0
2001,160185,1,1,0,0,0,0,0,0,0,0,0,0
2001,160186,1,1,0,0,0,0,0,0,0,0,0,0
2001,160186,2,1,0,0,0,0,0,0,0,0,0,18
2001,160186,3,1,0,0,0,0,0,0,0,0,0,0
2001,160187,1,1,0,0,0,0,0,0,0,0,0,0
2001,160188,0,1,0,0,0,0,0,0,0,0,0,0
2001,160188,1,1,0,0,0,0,0,0,0,0,0,0
2001,160189,1,1,24,24,24,24,24,24,24,24,24,24
2001,160190,1,1,10,10,10,10,10,10,10,10,10,10
2001,160191,1,1,0,0,0,0,0,0,0,0,0,0
2001,160191,2,1,0,0,0,0,0,0,0,0,0,0
2001,160192,1,1,0,0,0,0,0,0,0,0,0,0
2001,160192,2,1,0,0,0,0,0,0,0,0,0,0
2001,160192,3,1,0,0,0,0,0,0,0,0,0,0
2001,160193,1,1,0,0,0,0,0,0,0,0,0,0
2001,160194,1,1,0,0,0,0,0,0,0,0,0,0
2001,160195,1,1,0,0,0,0,0,0,0,0,0,0
2001,160195,2,1,0,0,0,0,0,0,0,0,0,0
2001,160196,0,1,0,0,0,0,7,0,0,0,0,0
2001,160196,1,1,0,0,0,0,0,0,0,0,0,0
2001,160197,2,1,0,0,0,0,0,0,0,0,0,0
2001,160197,3,1,0,0,0,3,0,0,0,0,0,0
2001,160198,1,1,0,0,0,0,0,0,0,0,0,0
2001,160198,2,1,0,0,0,0,0,0,0,0,0,0
2001,160199,1,1,0,0,0,0,0,0,0,0,0,0
2001,160199,2,1,0,0,0,0,0,0,0,0,0,0
2001,160200,1,1,0,0,0,0,0,0,0,0,0,0
2001,160200,2,1,0,0,0,0,0,0,18,0,0,2
2001,160201,1,1,0,0,0,0,0,0,0,0,0,0
2001,160201,2,1,0,0,0,0,0,0,0,0,0,0
2001,160201,3,1,0,0,0,0,0,0,0,0,0,0
2001,160202,1,1,0,0,0,0,0,0,0,0,0,0
2001,160203,1,1,0,0,0,0,0,0,0,0,0,0
2001,160204,1,1,18,18,18,18,18,18,18,18,18,18
2001,160205,1,1,28,28,28,28,28,28,28,28,28,28
2001,160206,1,1,0,0,0,0,0,0,0,0,0,0
2001,160206,2,1,0,0,0,0,0,0,0,0,0,0
2001,160207,1,1,0,0,13,0,0,0,0,0,0,0
2001,160208,1,1,0,0,0,0,0,0,0,0,0,0
2001,160208,2,1,0,0,0,0,0,0,0,0,0,0
2001,160209,1,1,0,0,0,0,0,0,0,0,0,0
2001,160209,2,1,0,0,0,0,0,0,0,0,0,0
2001,160210,1,1,0,0,0,0,0,0,0,0,0,0
2001,160211,1,1,16,16,16,16,16,16,16,16,16,16
2001,160211,2,1,0,0,0,0,0,0,0,0,0,0
2001,160212,1,1,0,0,0,0,0,0,0,0,0,0
2001,160213,1,2,22,7,10,0,15,28,15,0,0,14
2001,160214,1,1,0,0,0,0,0,0,0,0,0,0
2001,160214,2,1,0,0,0,0,0,0,0,0,0,0
2001,160215,1,1,45,45,45,45,45,45,45,45,45,45
2001,160215,2,1,0,0,0,0,0,0,0,0,0,0
2001,160216,1,1,0,0,0,0,0,0,0,0,0,0
2001,160216,2,1,0,0,0,0,0,0,0,0,0,0
2001,160217,1,1,0,0,0,0,0,0,0,0,0,0
2001,160217,2,1,0,0,0,0,0,0,0,0,0,0
2001,160218,0,1,0,0,0,0,0,0,0,0,0,0
2001,160218,1,1,7,7,7,7,7,7,7,7,7,7
2001,160219,1,1,23,23,23,23,23,23,23,23,23,23
2001,160220,1,1,0,0,0,0,0,0,0,0,0,0