YEAR,st_case,veh_no,per_no,P1,P2,P3,P4,P5,P6,P7,P8,P9,P10
2001,170257,2,1,0,0,0,0,0,0,0,0,0,0
2001,170257,3,1,0,0,0,0,0,0,0,0,0,0
2001,170258,1,1,0,0,19,0,0,0,24,0,10,12
2001,170258,2,1,0,0,0,0,0,0,0,0,0,0
2001,170259,1,1,0,0,0,0,0,0,0,0,0,0
2001,170259,2,1,0,15,0,0,0,0,0,0,0,0
2001,170260,1,1,0,0,0,0,0,0,0,0,0,0
2001,170260,2,1,0,0,0,0,0,0,0,0,0,0
2001,170261,0,1,2,2,2,2,2,2,2,2,2,2
2001,170261,1,1,0,0,0,0,0,0,0,0,0,0
2001,170262,0,1,0,0,0,0,0,0,0,0,0,0
2001,170262,1,1,0,0,0,5,0,0,0,0,0,0
2001,170263,1,1,0,0,0,0,0,0,0,0,0,0
2001,170263,2,1,0,0,0,0,0,0,0,0,0,16
2001,170263,3,1,0,0,0,0,0,0,0,0,0,0
2001,170264,1,1,0,0,0,0,0,0,0,0,0,0
2001,170264,2,1,0,0,0,0,0,0,0,0,0,0
2001,170264,3,1,0,0,0,0,0,0,0,0,0,0
2001,170265,0,1,0,29,32,22,0,26,12,14,8,33
2001,170265,1,1,16,14,0,8,6,13,18,0,19,28
2001,170266,0,1,19,19,19,19,19,19,19,19,19,19
2001,170266,1,1,34,34,34,34,34,34,34,34,34,34
2001,170267,1,1,0,0,0,0,0,0,0,0,0,0
2001,170267,2,1,0,0,0,0,0,0,0,0,0,0
2001,170268,0,1,13,13,13,13,13,13,13,13,13,13
2001,170268,1,1,0,0,0,0,0,0,0,0,20,0
2001,170269,1,1,2,2,2,2,2,2,2,2,2,2
2001,170270,1,1,0,0,0,0,0,5,0,0,0,0
2001,170270,2,1,0,0,0,0,0,0,0,0,0,0
2001,170271,0,1,31,31,31,31,31,31,31,31,31,31
2001,170271,1,1,0,0,0,0,0,0,0,0,0,0
2001,170272,1,1,0,0,0,0,0,0,0,0,0,0
2001,170272,2,1,12,12,12,12,12,12,12,12,12,12
2001,170273,1,1,0,14,7,0,0,0,0,0,0,8
2001,170273,2,1,24,24,24,24,24,24,24,24,24,24
2001,170273,3,1,13,13,13,13,13,13,13,13,13,13
2001,170274,1,1,0,0,0,0,0,0,0,0,0,0
2001,170274,2,1,0,0,0,0,0,7,0,0,0,0
2001,170275,1,1,0,0,0,0,0,0,0,0,0,0
2001,170275,2,1,0,0,0,0,0,0,0,0,0,0
2001,170276,1,1,0,0,0,0,0,0,0,0,0,0
2001,170276,2,1,0,0,0,0,0,0,0,0,0,0
2001,170277,1,1,6,6,6,6,6,6,6,6,6,6
2001,170277,2,1,0,0,0,0,0,0,0,0,0,0
2001,170278,0,1,0,0,0,0,0,0,0,0,0,0
2001,170278,0,2,0,0,0,24,0,0,0,0,0,0
2001,170278,1,1,0,0,0,0,0,0,0,0,0,0
2001,170279,1,1,0,0,0,0,0,0,0,0,0,0
2001,170280,1,1,0,13,0,0,20,0,0,0,0,0
2001,170280,2,1,0,0,0,12,32,0,0,13,0,0
2001,170280,3,1,0,0,0,0,0,0,0,0,0,0
2001,170281,1,1,16,16,16,16,16,16,16,16,16,16
2001,170282,1,1,22,22,22,22,22,22,22,22,22,22
2001,170283,0,1,0,0,0,0,0,10,0,0,0,4
2001,170283,0,2,0,0,0,0,0,0,0,0,0,0
2001,170283,1,1,0,0,0,0,0,0,0,0,0,0
2001,170284,1,1,26,32,6,0,0,38,0,28,19,10
2001,170284,2,1,0,0,0,0,0,0,0,0,0,0
2001,170284,3,1,0,0,5,0,0,0,22,16,0,0
2001,170285,1,1,4,4,4,4,4,4,4,4,4,4
2001,170286,1,1,17,17,17,17,17,17,17,17,17,17
2001,170287,1,1,0,0,0,0,0,13,0,0,30,0
2001,170287,2,1,14,14,14,14,14,14,14,14,14,14
2001,170288,1,1,0,0,0,0,0,0,0,0,0,0
2001,170289,0,1,0,0,0,0,0,0,0,0,0,0
2001,170289,1,1,0,0,0,0,0,0,0,0,0,0
2001,170290,1,1,26,26,26,26,26,26,26,26,26,26
2001,170290,2,1,0,0,0,0,0,0,0,0,10,0
2001,170291,1,1,22,22,22,22,22,22,22,22,22,22
2001,170291,2,1,0,0,0,0,0,0,0,0,0,0
2001,170292,0,1,18,18,18,18,18,18,18,18,18,18
2001,170292,1,1,0,15,6,6,0,10,0,11,10,5
2001,170293,1,1,0,0,0,0,0,0,0,0,0,0
2001,170294,1,1,0,0,0,0,0,0,0,0,0,0
2001,170294,2,1,0,0,0,0,0,0,0,0,0,0
2001,170295,1,1,0,0,0,0,0,0,0,0,0,0
2001,170296,1,1,12,12,12,12,12,12,12,12,12,12
2001,170297,1,1,18,18,18,18,18,18,18,18,18,18
2001,170297,2,1,0,0,0,8,0,0,0,0,0,0
2001,170297,3,1,0,0,0,0,0,0,0,0,0,0
2001,170298,1,1,0,0,0,0,0,0,0,0,0,0
2001,170298,2,1,0,0,0,0,14,0,0,0,0,0
2001,170299,1,1,23,23,23,23,23,23,23,23,23,23
2001,170299,2,1,0,0,0,0,0,0,0,0,0,0
2001,170300,1,1,0,0,0,0,0,0,0,0,0,0
2001,170300,2,1,0,0,0,0,0,0,0,8,0,0
2001,170302,0,1,0,0,0,0,0,0,0,0,0,0
2001,170302,1,1,1,1,1,1,1,1,1,1,1,1
2001,170303,0,1,0,0,0,0,0,0,0,0,0,0
2001,170303,1,1,15,17,0,8,10,5,0,11,15,0
2001,170304,1,1,12,12,12,12,12,12,12,12,12,12
2001,170305,1,1,0,0,0,0,0,0,0,0,0,0
2001,170305,2,1,0,0,0,0,0,0,0,0,0,0
2001,170306,1,1,0,0,0,0,0,0,0,0,0,0
2001,170307,1,1,0,0,0,0,0,0,0,0,0,0
2001,170308,1,1,3,3,3,3,3,3,3,3,3,3
2001,170309,1,1,0,0,0,0,0,0,0,0,0,0
2001,170309,2,1,0,0,0,0,0,0,0,0,0,0
2001,170310,1,1,0,0,0,0,0,0,0,0,0,0
2001,170311,1,1,0,0,0,0,0,0,0,0,0,0
2001,170311,2,1,0,0,0,0,0,0,0,0,0,0
2001,170312,1,1,0,0,0,0,0,0,0,0,0,0
2001,170313,0,1,0,0,0,0,0,0,0,0,0,0
2001,170313,1,1,0,0,0,0,0,0,0,0,0,0
2001,170314,0,1,0,0,0,0,0,0,0,0,0,0
2001,170314,1,1,0,0,0,0,0,0,0,0,0,0
2001,170315,1,1,9,12,14,15,12,11,11,11,9,17
2001,170316,1,1,7,0,15,0,23,0,9,0,0,0
2001,170317,0,1,0,0,0,0,0,0,0,0,0,0
2001,170317,1,1,0,0,0,0,0,0,0,0,0,0
2001,170318,1,1,34,34,34,34,34,34,34,34,34,34
2001,170318,2,1,0,0,0,0,0,0,0,0,0,0
2001,170319,1,1,15,15,15,15,15,15,15,15,15,15
2001,170320,1,1,0,0,0,0,0,0,0,0,0,0
2001,170321,1,1,0,35,18,13,25,38,21,22,24,0
2001,170322,0,1,0,0,0,0,0,0,0,0,0,0
2001,170322,1,1,1,1,1,1,1,1,1,1,1,1
2001,170323,0,1,4,4,4,4,4,4,4,4,4,4
2001,170323,1,1,5,15,0,4,6,4,0,16,0,0
2001,170324,1,1,0,0,0,0,0,0,0,0,0,0
2001,170324,2,1,0,0,0,0,0,0,0,0,0,0
2001,170325,1,1,30,30,30,30,30,30,30,30,30,30
2001,170325,2,1,0,0,0,0,0,0,0,0,0,0
2001,170325,3,1,0,0,0,0,0,0,0,0,0,0
2001,170325,4,1,0,0,0,0,0,0,0,0,0,0
2001,170326,1,1,0,0,0,0,0,0,0,0,0,0
2001,170327,1,1,0,0,0,0,0,0,0,0,0,0
2001,170328,1,1,0,0,0,0,0,0,0,0,0,0
2001,170328,2,1,0,0,0,0,0,0,0,0,0,0
2001,170330,1,1,13,13,13,13,13,13,13,13,13,13
2001,170331,1,1,0,0,0,0,0,0,0,0,0,0
2001,170331,2,1,0,0,0,0,0,0,0,0,0,0
2001,170331,3,1,0,0,0,0,0,0,0,0,0,0
2001,170332,1,1,0,0,0,0,0,0,0,0,0,0
2001,170332,2,1,0,0,0,0,0,0,0,0,0,0
2001,170333,1,1,6,6,6,6,6,6,6,6,6,6
2001,170334,1,1,1,1,1,1,1,1,1,1,1,1
2001,170335,1,1,0,0,0,0,0,0,0,0,0,0
2001,170336,1,1,21,21,21,21,21,21,21,21,21,21
2001,170337,0,1,0,0,0,0,0,0,0,0,0,0
2001,170337,1,1,0,0,0,0,0,10,0,13,0,0
2001,170338,1,1,0,0,0,0,0,0,0,0,0,0
2001,170338,2,1,0,0,0,0,0,0,0,0,0,0
2001,170339,0,1,0,0,0,0,0,0,0,0,0,0
2001,170339,1,1,0,0,0,0,0,21,0,10,0,13
2001,170340,1,1,19,19,19,19,19,19,19,19,19,19
2001,170341,1,1,0,0,0,0,0,0,0,0,0,0
2001,170342,1,1,14,9,0,0,0,0,0,0,10,4
2001,170342,2,1,0,0,0,26,0,0,0,0,0,0
2001,170343,1,1,8,8,8,8,8,8,8,8,8,8
2001,170344,1,1,9,9,9,9,9,9,9,9,9,9
2001,170345,1,1,0,0,0,0,0,0,0,0,0,3
2001,170345,2,1,0,0,0,0,0,0,0,0,0,0
2001,170345,3,1,0,0,0,0,0,0,0,0,0,0
2001,170346,1,1,0,0,0,0,0,0,0,0,0,0
2001,170347,1,1,12,12,12,12,12,12,12,12,12,12
2001,170347,2,1,0,0,0,0,0,10,0,0,18,0
2001,170348,1,1,12,12,12,12,12,12,12,12,12,12
2001,170348,2,1,0,17,8,0,24,0,0,20,0,17
2001,170349,1,1,14,14,14,14,14,14,14,14,14,14
2001,170350,1,1,12,13,0,13,0,0,14,0,0,8
2001,170350,2,1,0,0,0,0,0,0,0,0,0,0
2001,170351,1,1,0,0,0,19,29,0,11,0,0,9
2001,170352,1,1,0,0,0,0,0,0,0,0,0,0
2001,170352,2,1,0,0,0,0,0,0,0,0,0,0
2001,170353,1,1,0,0,0,0,0,0,0,0,0,0
2001,170353,2,1,13,17,0,0,0,0,0,0,0,0
2001,170354,1,1,18,20,8,0,12,11,13,7,11,11
2001,170354,2,1,8,7,0,0,0,0,0,0,8,0
2001,170355,1,1,0,0,0,0,0,0,0,0,0,0
2001,170355,2,1,0,0,0,0,0,0,0,0,21,0
2001,170356,1,1,0,0,0,0,0,0,0,0,0,0
2001,170356,2,1,0,0,0,0,0,0,0,0,0,0
2001,170357,0,1,0,0,0,0,0,0,0,0,0,0
2001,170357,1,1,0,0,0,0,0,0,0,0,0,0
2001,170358,1,1,2,2,2,2,2,2,2,2,2,2
2001,170358,2,1,0,0,0,0,0,0,0,0,0,0
2001,170359,1,1,0,0,0,0,0,0,0,0,0,0
2001,170360,1,1,0,0,0,0,0,0,0,0,0,0
2001,170360,2,1,0,0,0,0,0,0,0,0,0,0
2001,170361,1,1,0,0,0,9,0,0,0,0,19,0
2001,170361,2,1,0,0,0,0,0,0,0,0,0,0
2001,170362,1,1,17,16,36,0,0,0,18,0,0,0
2001,170362,2,1,0,0,19,0,0,0,0,0,0,0
2001,170363,1,1,2,2,2,2,2,2,2,2,2,2
2001,170363,2,1,0,0,0,0,0,0,0,0,0,0
2001,170364,1,1,0,0,0,0,0,0,0,0,0,0
2001,170364,2,1,0,0,0,0,0,0,0,0,0,0
2001,170364,3,1,0,0,0,0,0,27,0,5,12,0
2001,170365,1,1,18,18,18,18,18,18,18,18,18,18
2001,170366,1,1,0,0,17,0,0,16,15,12,0,13
2001,170367,1,1,27,27,27,27,27,27,27,27,27,27
2001,170368,1,1,1,1,1,1,1,1,1,1,1,1
2001,170369,1,1,12,12,12,12,12,12,12,12,12,12
2001,170369,2,1,0,0,0,0,0,0,0,0,0,0
2001,170370,1,1,17,17,17,17,17,17,17,17,17,17
2001,170370,2,1,0,0,0,9,6,0,0,0,0,0
2001,170371,1,1,0,0,0,0,0,0,0,0,0,0
2001,170372,1,1,0,0,0,0,0,0,0,0,0,0
2001,170372,2,1,0,12,0,0,0,0,0,0,0,0
2001,170373,1,1,0,0,0,0,0,0,0,0,0,0
2001,170373,2,1,0,0,0,0,0,0,0,0,0,0
2001,170374,1,1,19,19,19,19,19,19,19,19,19,19
2001,170375,1,1,0,0,0,0,0,0,0,0,0,0
2001,170376,1,1,0,0,0,0,0,0,0,0,0,0
2001,170376,2,1,0,0,0,0,0,0,0,0,0,0
2001,170377,1,1,23,23,23,23,23,23,23,23,23,23
2001,170377,2,1,0,0,0,0,0,0,0,0,0,0
2001,170378,1,1,0,0,0,0,0,0,0,0,12,0
2001,170379,1,1,0,0,0,0,0,0,0,0,0,0
2001,170379,2,1,0,0,0,0,0,0,0,0,0,0
2001,170379,3,1,0,0,0,0,0,0,0,0,0,0
2001,170380,1,1,1,1,1,1,1,1,1,1,1,1
2001,170380,2,1,0,0,0,0,0,0,0,0,0,0
2001,170381,1,1,0,0,0,0,0,0,0,0,0,0
2001,170381,2,1,0,0,0,12,0,9,27,0,17,19
2001,170381,3,1,0,0,7,0,0,0,0,0,0,0
2001,170382,1,1,0,0,0,0,0,0,0,0,0,0
2001,170382,2,1,0,0,0,0,0,0,0,0,0,0
2001,170383,1,1,0,0,0,0,0,0,0,0,0,0
2001,170383,2,1,0,0,0,0,0,0,0,0,0,0
2001,170384,1,1,11,11,11,11,11,11,11,11,11,11
2001,170385,0,1,0,0,0,0,0,0,0,0,0,0
2001,170385,1,1,0,0,0,0,0,0,0,0,0,0
2001,170387,1,1,0,0,0,0,0,0,0,0,0,0
2001,170387,2,1,0,0,0,0,0,0,0,0,0,0
2001,170388,1,1,0,0,0,0,0,0,0,0,0,0
2001,170388,2,1,0,0,0,0,0,0,0,0,0,0
2001,170389,1,1,19,19,19,19,19,19,19,19,19,19
2001,170390,1,1,0,0,0,0,0,0,0,0,0,0
2001,170391,1,1,17,17,17,17,17,17,17,17,17,17
2001,170391,2,1,0,0,0,0,0,0,0,0,0,0
2001,170392,1,1,5,5,5,5,5,5,5,5,5,5
2001,170393,0,1,45,45,45,45,45,45,45,45,45,45
2001,170393,1,1,8,8,8,8,8,8,8,8,8,8
2001,170394,1,1,29,29,29,29,29,29,29,29,29,29
2001,170395,1,1,39,39,39,39,39,39,39,39,39,39
2001,170396,1,1,32,0,0,0,0,0,0,0,0,0
2001,170396,2,1,0,0,0,0,0,0,0,0,0,0
2001,170397,1,1,19,19,19,19,19,19,19,19,19,19
2001,170397,2,1,0,0,19,6,0,6,0,0,0,0
2001,170398,1,1,8,8,8,8,8,8,8,8,8,8
2001,170399,1,1,6,6,6,6,6,6,6,6,6,6
2001,170399,2,1,0,0,0,0,0,0,9,0,0,0
2001,170400,1,1,19,19,19,19,19,19,19,19,19,19
2001,170401,1,1,0,0,0,0,0,0,0,0,0,0
2001,170402,0,1,4,4,4,4,4,4,4,4,4,4
2001,170402,1,1,0,0,0,0,0,0,0,0,0,0
2001,170403,1,1,0,0,0,0,0,0,0,0,0,0
2001,170403,2,1,0,0,0,0,0,0,0,0,0,0
2001,170404,1,1,10,10,10,10,10,10,10,10,10,10
2001,170405,1,1,0,0,0,0,0,0,0,0,0,0
2001,170406,1,1,0,0,0,0,0,0,0,0,0,0
2001,170406,2,1,0,0,0,0,0,0,0,0,0,0
2001,170407,0,1,0,0,0,0,0,0,0,0,0,0
2001,170407,0,2,0,0,18,0,0,0,0,0,0,51
2001,170407,1,1,11,23,5,0,3,25,11,19,0,14
2001,170408,1,1,0,0,0,0,0,0,0,0,0,0
2001,170408,2,1,0,0,0,0,0,0,0,0,0,0
2001,170409,1,1,0,0,0,0,0,0,0,0,0,0
2001,170409,2,1,0,0,0,0,0,0,0,0,0,0
2001,170410,1,1,0,0,0,0,0,0,0,0,0,0
2001,170410,2,1,0,0,0,0,6,0,0,0,0,0
2001,170410,3,1,0,0,0,0,0,0,0,0,0,0
2001,170410,4,1,0,0,0,0,0,0,0,0,0,0
2001,170411,1,1,0,0,0,0,0,0,0,0,0,0
2001,170411,2,1,0,0,0,0,0,0,0,0,0,0
2001,170412,1,1,0,0,0,0,0,0,0,0,0,0
2001,170412,2,1,0,0,0,0,0,0,0,0,0,0
2001,170414,1,1,0,0,0,0,0,0,0,0,0,0
2001,170414,2,1,0,0,0,0,0,0,0,0,0,0
2001,170415,1,1,19,19,19,19,19,19,19,19,19,19
2001,170416,1,1,20,20,20,20,20,20,20,20,20,20
2001,170416,2,1,0,0,0,0,0,0,0,0,0,0
2001,170417,0,1,0,0,0,0,0,0,0,0,0,0
2001,170417,1,1,0,0,0,2,0,0,0,0,13,0
2001,170418,0,1,0,0,0,0,0,0,0,0,0,0
2001,170418,0,2,0,0,18,5,0,0,0,0,0,0
2001,170418,0,3,0,0,0,0,0,0,0,0,0,0
2001,170418,0,4,0,0,0,0,13,0,0,0,0,0
2001,170418,0,5,0,0,0,0,0,0,0,0,0,0
2001,170418,1,1,0,0,0,0,0,0,0,0,0,0
2001,170419,1,1,0,0,0,0,0,0,0,0,0,0
2001,170420,1,1,0,0,0,0,0,0,0,0,0,0
2001,170420,2,1,0,0,0,0,0,0,0,0,0,0
2001,170420,3,1,0,0,0,0,0,0,0,0,0,0
2001,170420,4,1,0,0,0,0,0,0,0,0,0,0
2001,170420,5,1,0,0,0,0,0,0,0,0,0,0
2001,170421,1,1,0,0,0,0,0,0,0,0,0,0
2001,170421,2,1,0,0,0,0,0,0,0,0,0,0
2001,170422,1,1,0,0,0,0,0,0,0,0,0,0
2001,170422,2,1,0,0,0,0,0,0,2,0,0,0
2001,170423,1,1,10,18,12,13,31,25,6,10,16,3
2001,170424,1,1,19,19,19,19,19,19,19,19,19,19
2001,170425,1,1,0,0,0,0,0,0,0,0,0,0
2001,170426,1,1,21,21,21,21,21,21,21,21,21,21
2001,170427,1,1,4,4,4,4,4,4,4,4,4,4
2001,170427,2,1,0,0,0,0,0,0,0,0,0,0
2001,170428,1,1,0,0,0,0,0,0,0,0,0,0
2001,170428,2,1,0,0,0,9,0,0,0,0,0,0
2001,170429,1,1,8,8,0,0,0,0,0,5,0,0
2001,170430,1,1,15,15,15,15,15,15,15,15,15,15
2001,170430,2,1,0,0,0,0,0,0,19,0,0,0
2001,170431,1,1,0,0,0,0,0,0,0,0,0,0
2001,170431,2,1,0,0,0,0,0,0,0,0,0,0
2001,170432,1,1,0,0,0,0,0,0,0,0,0,0
2001,170432,2,1,0,0,0,0,0,0,0,0,25,0
2001,170433,1,1,15,15,15,15,15,15,15,15,15,15
2001,170434,1,1,0,0,0,0,0,0,0,0,0,0
2001,170434,2,1,0,0,0,0,0,0,0,0,0,0
2001,170435,0,1,0,0,0,0,0,0,0,2,17,31
2001,170435,1,1,0,0,0,0,0,0,0,0,0,0
2001,170436,1,1,0,0,0,0,0,0,0,0,0,0
2001,170436,2,1,0,0,0,0,0,0,0,0,0,0
2001,170437,1,1,0,0,0,0,0,0,0,0,0,0
2001,170437,2,1,0,0,0,0,0,0,0,0,0,0
2001,170438,1,1,0,0,0,0,0,0,0,0,0,0
2001,170439,1,1,15,15,15,15,15,15,15,15,15,15
2001,170440,1,1,0,0,0,0,0,0,0,0,9,0
2001,170440,2,1,0,0,0,0,0,0,0,0,0,0
2001,170441,0,1,33,0,13,0,0,0,0,0,0,0
2001,170441,1,1,0,0,0,0,0,0,0,0,0,0
2001,170442,1,1,14,14,14,14,14,14,14,14,14,14
2001,170442,2,1,0,0,0,0,0,0,0,0,0,0
2001,170443,1,1,0,0,0,0,0,0,0,0,0,0
2001,170443,2,1,8,8,8,8,8,8,8,8,8,8
2001,170444,1,1,0,0,0,0,0,0,0,0,0,0
2001,170446,1,1,25,25,25,25,25,25,25,25,25,25
2001,170447,1,1,0,0,0,0,0,0,0,0,0,0
2001,170447,2,1,0,0,0,0,0,0,0,0,0,0
2001,170448,1,1,0,0,0,0,0,0,0,0,0,15
2001,170448,2,1,0,0,0,0,0,0,0,0,0,6
2001,170449,1,1,0,0,0,0,0,0,0,0,0,0
2001,170450,1,1,13,13,13,13,13,13,13,13,13,13
2001,170451,1,1,16,16,16,16,16,16,16,16,16,16
2001,170452,1,1,1,1,1,1,1,1,1,1,1,1
2001,170453,1,1,0,0,0,0,0,0,0,0,0,0
2001,170453,2,1,0,0,0,0,0,0,0,0,0,0
2001,170455,1,1,22,22,22,22,22,22,22,22,22,22
2001,170456,1,1,0,0,0,0,0,0,0,0,0,0
2001,170457,1,1,0,0,0,0,0,0,0,0,0,0
2001,170457,2,1,0,0,0,0,0,0,0,0,0,0
2001,170458,1,1,0,0,0,0,0,0,0,0,0,0
2001,170458,2,1,0,0,0,0,0,0,0,0,0,0
2001,170459,1,1,0,0,0,0,0,0,0,0,0,0
2001,170460,1,1,0,0,0,0,0,9,0,0,0,0
2001,170460,2,1,7,0,15,0,11,0,14,0,0,21
2001,170461,1,1,19,19,19,19,19,19,19,19,19,19
2001,170462,1,1,0,0,0,0,0,0,0,0,0,0
2001,170462,2,1,0,0,0,0,0,0,0,0,0,0
2001,170463,1,1,0,0,0,0,0,0,0,0,0,0
2001,170463,2,1,0,0,0,0,0,0,0,0,0,0
2001,170464,1,1,0,0,0,0,0,0,0,0,0,0
2001,170464,2,1,0,0,0,0,0,0,0,0,0,0
2001,170465,1,1,10,10,10,10,10,10,10,10,10,10
2001,170466,1,1,0,0,0,0,0,7,0,15,0,0
2001,170467,0,1,0,0,0,0,0,0,0,0,0,0
2001,170467,1,1,0,0,0,0,0,0,2,0,0,0
2001,170468,1,1,0,0,0,0,0,0,0,0,0,0
2001,170468,2,1,0,0,0,0,0,0,0,0,0,0
2001,170469,1,1,0,0,0,0,0,0,0,0,9,3
2001,170469,2,1,0,20,0,0,0,0,0,0,0,0
2001,170470,1,1,23,23,23,23,23,23,23,23,23,23
2001,170471,1,1,0,0,0,0,0,0,0,0,0,0
2001,170471,2,1,0,0,0,0,0,0,0,0,0,0
2001,170472,1,1,3,3,3,3,3,3,3,3,3,3
2001,170473,1,1,0,0,0,0,0,0,0,0,0,0
2001,170473,2,1,0,0,0,0,0,0,0,0,0,0
2001,170474,1,1,0,0,0,0,0,0,0,0,0,0
2001,170474,2,1,0,0,0,0,0,0,0,0,0,0
2001,170475,0,1,0,0,0,0,0,0,0,0,0,0
2001,170475,1,1,0,0,0,0,0,0,0,0,0,0
2001,170476,1,1,0,0,0,0,0,0,0,0,0,0
2001,170477,1,1,0,0,0,0,0,0,0,0,0,0
2001,170477,2,1,0,0,0,0,0,0,0,0,0,0
2001,170478,1,1,0,0,0,0,0,0,0,0,0,0
2001,170478,2,1,0,0,0,0,0,0,0,0,0,0
2001,170479,0,1,15,15,15,15,15,15,15,15,15,15
2001,170479,1,1,0,0,0,6,0,0,0,0,17,0
2001,170480,0,1,6,37,33,0,3,0,0,0,0,0
2001,170480,1,1,0,0,0,0,0,0,0,10,0,0
2001,170481,1,1,0,0,0,0,0,0,0,0,0,0
2001,170482,1,1,0,0,0,0,0,0,0,0,0,0
2001,170483,1,1,0,0,0,0,0,0,0,0,0,0
2001,170483,2,1,0,0,0,0,0,0,0,0,0,0
2001,170484,1,1,10,10,10,10,10,10,10,10,10,10
2001,170484,2,1,12,6,0,0,4,0,18,0,22,21
2001,170485,1,1,16,16,16,16,16,16,16,16,16,16
2001,170485,2,1,0,0,0,0,0,0,0,0,0,0
2001,170486,1,1,0,0,0,0,0,0,0,0,0,0
2001,170486,2,1,0,0,0,0,0,0,0,0,0,0
2001,170487,1,1,0,0,0,0,0,0,0,0,0,0
2001,170487,2,1,0,0,0,0,0,0,0,0,0,6
2001,170488,1,1,0,0,0,0,0,0,0,0,0,0
2001,170488,2,1,0,0,0,0,0,0,0,0,0,0
2001,170488,3,1,0,0,0,0,0,0,0,0,0,0
2001,170489,1,1,0,0,0,0,0,0,0,0,0,0
2001,170490,1,1,0,0,0,0,0,0,0,0,0,0
2001,170490,2,1,0,0,0,0,0,0,0,0,0,0
2001,170490,3,1,0,0,0,0,0,0,0,0,0,0
2001,170491,1,1,0,0,0,0,0,0,0,0,0,0
2001,170491,2,1,0,0,0,0,0,0,0,0,0,0
2001,170491,3,1,0,0,0,0,0,0,0,0,0,0
2001,170492,1,1,0,0,0,0,0,0,0,0,0,0
2001,170492,2,1,0,0,0,0,0,0,0,0,0,0
2001,170493,1,1,0,0,0,0,0,0,0,0,0,0
2001,170494,1,1,0,0,0,0,0,0,0,0,0,0
2001,170494,2,1,0,0,0,0,0,0,0,0,0,0
2001,170495,1,1,0,0,0,0,0,0,0,0,0,0
2001,170496,1,1,0,0,0,0,0,0,0,0,0,0
2001,170496,2,1,0,0,0,0,0,0,0,0,0,0
2001,170497,1,1,0,0,0,0,0,0,0,0,0,0
2001,170497,2,1,0,0,0,0,0,0,0,0,0,0
2001,170498,1,1,0,0,0,0,0,0,0,0,0,0
2001,170498,2,1,0,0,15,0,0,0,0,0,0,0
2001,170499,1,1,0,0,0,0,0,0,0,0,0,0
2001,170499,2,1,0,0,0,0,0,7,0,0,0,0
2001,170500,0,1,44,44,44,44,44,44,44,44,44,44
2001,170500,1,1,0,0,0,0,0,0,0,0,0,0
2001,170501,0,1,14,14,14,14,14,14,14,14,14,14
2001,170501,1,1,0,0,0,0,0,0,0,13,0,0
2001,170502,1,1,0,0,0,0,0,0,0,0,0,0
2001,170502,2,1,0,0,0,0,0,0,0,0,0,0
2001,170503,1,1,0,0,0,0,0,0,0,0,0,0
2001,170503,2,1,0,0,0,0,0,0,0,0,0,0
2001,170503,3,1,0,0,0,0,0,0,0,0,9,0
2001,170503,4,1,0,0,0,0,0,0,0,0,0,0
2001,170504,1,1,12,12,12,12,12,12,12,12,12,12
2001,170504,2,1,0,0,0,0,0,0,0,0,0,0
2001,170504,3,1,0,0,0,0,0,0,0,0,0,0
2001,170505,1,1,0,0,0,0,0,0,0,0,0,0
2001,170505,2,1,0,0,0,0,0,0,0,0,0,0
2001,170506,1,1,0,0,0,0,0,0,0,0,0,0
2001,170506,2,1,0,0,11,0,0,0,0,13,0,0
2001,170507,1,1,0,5,0,0,0,0,0,0,0,0
2001,170507,2,1,0,0,0,0,0,0,0,0,0,0
2001,170508,0,1,17,17,17,17,17,17,17,17,17,17
2001,170508,1,1,18,18,18,18,18,18,18,18,18,18
2001,170509,1,1,18,18,18,18,18,18,18,18,18,18
2001,170510,1,1,0,0,0,0,0,0,0,0,0,0
2001,170510,2,1,0,0,0,0,0,0,0,0,0,0
2001,170511,1,1,0,0,0,0,0,0,0,0,0,0
2001,170511,2,1,0,0,0,0,0,0,0,0,0,0
2001,170512,0,1,0,0,25,0,23,0,23,0,0,17
2001,170512,1,1,0,0,0,0,0,0,0,0,0,0
2001,170513,1,1,0,0,0,0,0,0,0,0,0,0
2001,170514,1,1,4,4,4,4,4,4,4,4,4,4
2001,170516,0,1,0,0,0,0,0,0,0,0,0,0
2001,170516,1,1,0,0,0,0,0,0,0,0,0,0
2001,170517,1,1,27,27,27,27,27,27,27,27,27,27
2001,170517,2,1,0,0,0,0,0,0,0,0,0,0
2001,170518,1,1,11,11,11,11,11,11,11,11,11,11
2001,170519,1,1,0,0,0,0,0,0,0,0,0,0
2001,170520,1,1,0,0,0,0,0,0,0,0,0,0
2001,170521,1,1,0,0,0,0,0,0,0,0,0,0
2001,170521,2,1,0,0,0,0,0,0,0,0,0,0
2001,170522,1,1,8,8,8,8,8,8,8,8,8,8
2001,170523,1,1,2,2,2,2,2,2,2,2,2,2
2001,170524,1,1,0,0,0,0,0,0,0,0,0,0
2001,170524,2,1,0,0,0,0,0,0,0,0,0,0
2001,170525,1,1,0,0,15,0,0,0,0,0,0,0
2001,170525,2,1,0,0,0,0,0,0,0,0,0,0