YEAR,st_case,veh_no,per_no,P1,P2,P3,P4,P5,P6,P7,P8,P9,P10
2001,170813,0,1,17,17,17,17,17,17,17,17,17,17
2001,170813,1,1,0,0,0,0,0,0,0,0,0,0
2001,170813,2,1,12,0,0,0,0,0,0,11,0,2
2001,170814,0,1,0,0,0,0,0,0,0,0,0,0
2001,170814,1,1,0,0,0,0,0,0,0,0,0,0
2001,170815,1,1,0,0,0,0,0,0,0,0,0,0
2001,170815,2,1,0,4,0,0,0,0,0,0,0,0
2001,170815,3,1,0,0,0,0,0,0,0,0,0,0
2001,170816,0,1,0,0,0,0,0,0,0,0,0,0
2001,170816,1,1,0,0,0,0,0,0,0,0,0,5
2001,170817,1,1,0,0,0,0,0,0,0,0,0,0
2001,170818,1,1,0,0,0,0,0,0,0,0,0,0
2001,170819,0,1,8,8,8,8,8,8,8,8,8,8
2001,170819,1,1,0,14,0,23,27,17,0,0,0,5
2001,170820,1,1,7,19,7,11,0,15,21,24,9,0
2001,170821,1,1,0,0,0,0,0,0,0,0,0,0
2001,170822,1,1,0,0,0,0,0,0,0,0,0,0
2001,170822,2,1,0,0,0,0,0,0,0,0,0,0
2001,170823,1,1,0,0,0,0,0,0,0,0,0,0
2001,170823,2,1,0,0,0,0,0,0,0,0,0,0
2001,170824,0,1,14,14,14,14,14,14,14,14,14,14
2001,170824,1,1,0,0,0,0,0,0,0,0,0,0
2001,170825,0,1,0,0,0,0,0,0,0,0,0,0
2001,170825,1,1,0,0,0,0,0,0,0,0,0,0
2001,170826,1,1,0,0,0,0,0,0,0,0,0,0
2001,170826,2,1,0,0,0,0,0,0,0,0,0,0
2001,170827,0,1,0,0,0,0,0,0,0,0,0,0
2001,170827,1,1,0,0,0,0,0,0,0,0,0,0
2001,170828,1,1,1,1,1,1,1,1,1,1,1,1
2001,170829,1,1,0,0,0,0,0,0,0,0,0,0
2001,170829,2,1,0,0,0,0,0,0,0,0,0,0
2001,170830,1,1,19,19,19,19,19,19,19,19,19,19
2001,170831,1,1,23,23,23,23,23,23,23,23,23,23
2001,170832,1,1,0,0,0,0,0,0,0,0,0,0
2001,170832,2,1,0,0,0,0,0,0,0,0,0,0
2001,170832,3,1,0,0,0,0,0,0,0,0,0,0
2001,170832,4,1,0,0,0,0,0,0,0,0,0,0
2001,170833,1,1,0,0,0,0,0,0,0,0,0,0
2001,170833,2,1,0,0,0,0,0,0,0,0,0,0
2001,170834,1,1,4,4,4,4,4,4,4,4,4,4
2001,170834,2,1,0,0,0,0,0,0,0,0,0,13
2001,170834,3,1,0,0,0,0,0,0,0,0,0,0
2001,170835,1,1,0,0,0,0,0,0,0,0,0,0
2001,170835,2,1,0,0,0,0,0,0,0,0,0,1
2001,170836,1,1,0,0,0,0,0,0,0,0,0,0
2001,170836,2,1,0,0,0,0,0,0,0,0,0,5
2001,170837,0,1,0,0,0,0,0,0,0,0,0,0
2001,170837,1,1,0,0,0,0,0,0,0,21,0,0
2001,170838,0,1,25,25,25,25,25,25,25,25,25,25
2001,170838,1,1,0,16,0,0,0,0,0,0,0,0
2001,170839,1,1,18,18,18,18,18,18,18,18,18,18
2001,170840,1,1,0,32,17,0,0,0,0,17,0,0
2001,170840,2,1,0,0,0,0,0,0,0,0,0,0
2001,170841,1,1,0,0,0,0,0,0,0,0,0,0
2001,170841,2,1,0,0,0,0,0,0,0,0,0,0
2001,170842,1,1,0,0,0,0,0,0,0,0,0,0
2001,170842,2,1,0,0,0,0,0,0,0,0,0,0
2001,170843,0,1,0,0,20,0,10,11,11,0,14,8
2001,170843,1,1,8,0,0,0,0,0,0,0,0,0
2001,170844,0,1,0,0,0,0,0,0,0,0,0,0
2001,170844,1,1,0,0,0,0,0,0,11,0,0,0
2001,170845,0,1,0,0,0,0,0,0,0,0,0,0
2001,170845,1,1,0,0,0,0,0,0,0,0,0,0
2001,170846,0,1,5,5,5,5,5,5,5,5,5,5
2001,170846,1,1,2,0,0,0,0,0,0,0,0,0
2001,170847,1,1,18,18,18,18,18,18,18,18,18,18
2001,170848,0,1,14,14,14,14,14,14,14,14,14,14
2001,170848,1,1,0,0,0,0,0,0,0,0,4,0
2001,170849,1,1,18,18,18,18,18,18,18,18,18,18
2001,170850,1,1,0,0,0,0,0,0,0,0,0,0
2001,170851,1,1,0,0,0,0,0,0,0,0,0,0
2001,170852,1,1,0,0,0,0,0,0,0,0,0,0
2001,170852,2,1,0,0,0,0,0,4,0,0,0,0
2001,170853,1,1,0,0,0,0,0,0,0,0,0,0
2001,170853,2,1,0,0,0,0,0,0,0,0,0,0
2001,170854,1,1,0,0,0,0,0,0,0,0,0,0
2001,170854,2,1,0,0,0,0,0,0,0,0,0,0
2001,170855,1,1,0,0,0,0,0,0,0,0,0,0
2001,170855,2,1,0,0,0,0,0,0,0,0,0,0
2001,170856,0,1,33,33,33,33,33,33,33,33,33,33
2001,170856,1,1,0,0,0,0,0,0,0,0,0,0
2001,170857,1,1,19,19,19,19,19,19,19,19,19,19
2001,170858,1,1,13,13,13,13,13,13,13,13,13,13
2001,170858,2,1,0,0,0,0,0,0,0,0,0,0
2001,170858,3,1,4,0,0,0,0,0,0,5,0,0
2001,170858,4,1,0,0,0,0,0,0,0,0,0,0
2001,170858,5,1,0,0,0,0,0,0,0,0,0,0
2001,170859,1,1,0,0,0,0,0,0,0,0,0,0
2001,170860,1,1,0,0,0,0,0,0,0,0,0,0
2001,170860,2,1,0,0,0,0,0,0,0,0,0,0
2001,170861,1,1,23,23,23,23,23,23,23,23,23,23
2001,170862,1,1,23,23,23,23,23,23,23,23,23,23
2001,170862,2,1,0,0,0,0,0,0,0,0,0,0
2001,170863,1,1,0,0,0,0,0,0,0,0,0,0
2001,170863,2,1,0,0,0,0,0,0,0,0,0,0
2001,170864,1,1,14,14,14,14,14,14,14,14,14,14
2001,170865,1,1,0,0,0,0,0,0,0,0,0,0
2001,170865,2,1,0,0,0,0,0,0,0,0,0,0
2001,170866,1,1,0,0,0,0,0,0,0,0,0,0
2001,170866,2,1,0,0,0,0,0,0,0,0,0,0
2001,170867,0,1,0,0,0,0,0,0,0,0,0,0
2001,170867,0,2,14,0,0,0,0,0,0,0,0,0
2001,170867,1,1,0,0,0,0,0,0,0,0,0,0
2001,170868,1,1,0,0,0,0,0,0,0,0,0,0
2001,170869,1,1,0,0,0,0,0,0,0,0,0,0
2001,170870,1,1,17,25,23,0,24,10,21,10,20,13
2001,170871,0,1,0,0,0,0,0,0,0,0,0,0
2001,170871,0,2,0,23,0,0,25,0,25,20,0,20
2001,170871,1,1,0,0,0,0,0,30,0,0,0,0
2001,170872,1,1,0,0,0,0,0,0,0,0,0,0
2001,170872,2,1,0,14,0,0,0,0,0,0,0,0
2001,170873,1,1,0,0,0,0,0,0,0,0,0,0
2001,170874,1,1,20,20,20,20,20,20,20,20,20,20
2001,170875,1,1,0,0,0,0,0,0,0,0,0,0
2001,170875,2,1,0,0,0,0,0,0,0,0,0,0
2001,170875,3,1,0,0,0,0,0,0,0,0,0,0
2001,170876,1,1,0,0,0,0,0,0,0,0,0,0
2001,170876,2,1,0,0,0,0,0,0,0,0,0,0
2001,170877,1,1,0,0,0,0,0,0,0,0,0,0
2001,170877,2,1,0,0,0,0,4,0,0,15,0,12
2001,170877,3,1,0,0,0,0,0,0,0,0,0,0
2001,170877,4,1,0,0,0,0,0,0,0,0,0,0
2001,170878,1,1,28,28,28,28,28,28,28,28,28,28
2001,170878,2,1,0,0,0,0,0,0,0,0,0,0
2001,170879,1,1,0,0,0,0,0,0,0,0,0,0
2001,170879,2,1,0,0,0,0,0,0,0,0,0,0
2001,170880,1,1,20,20,20,20,20,20,20,20,20,20
2001,170881,0,1,0,0,0,0,0,0,0,0,0,0
2001,170881,1,1,0,8,4,0,0,3,0,0,0,0
2001,170882,1,1,23,23,23,23,23,23,23,23,23,23
2001,170882,2,1,0,0,11,0,0,19,0,0,0,0
2001,170883,1,1,0,0,0,0,0,0,0,0,0,0
2001,170883,2,1,0,0,0,0,0,0,0,0,0,0
2001,170884,0,1,0,0,0,0,0,0,0,0,0,0
2001,170884,1,1,0,0,0,0,0,0,0,0,0,0
2001,170885,1,1,9,9,9,9,9,9,9,9,9,9
2001,170886,0,1,0,0,0,0,0,0,0,0,0,0
2001,170886,1,1,0,0,0,0,0,0,0,0,0,0
2001,170887,0,1,0,0,0,0,0,0,0,0,0,0
2001,170887,1,1,0,0,0,0,0,0,0,0,0,0
2001,170888,1,1,0,0,0,0,0,0,0,0,0,0
2001,170888,2,1,0,0,0,0,0,0,0,0,0,0
2001,170889,0,1,51,51,51,51,51,51,51,51,51,51
2001,170889,1,1,8,5,0,0,8,10,0,0,4,0
2001,170890,1,1,11,11,11,11,11,11,11,11,11,11
2001,170891,1,1,23,23,23,23,23,23,23,23,23,23
2001,170891,2,1,36,0,0,0,0,0,0,0,0,0
2001,170892,1,1,22,22,22,22,22,22,22,22,22,22
2001,170892,2,1,0,0,0,4,0,10,0,0,0,0
2001,170893,1,1,18,18,18,18,18,18,18,18,18,18
2001,170894,1,1,17,17,17,17,17,17,17,17,17,17
2001,170895,1,1,0,0,0,0,0,0,0,0,0,0
2001,170895,2,1,0,0,0,0,0,0,0,0,0,0
2001,170896,1,1,8,8,8,8,8,8,8,8,8,8
2001,170897,1,1,5,5,5,5,5,5,5,5,5,5
2001,170898,1,1,0,0,0,0,0,0,0,0,0,0
2001,170898,2,1,0,0,0,0,0,0,0,0,0,0
2001,170900,1,1,17,0,0,0,0,0,0,0,0,0
2001,170901,0,1,23,23,23,23,23,23,23,23,23,23
2001,170901,1,1,0,0,0,0,0,0,0,0,0,0
2001,170902,1,1,21,21,21,21,21,21,21,21,21,21
2001,170902,2,1,0,0,18,16,0,0,0,0,0,0
2001,170903,0,1,0,0,0,0,0,0,0,0,0,0
2001,170903,1,1,0,0,0,0,0,0,0,0,0,0
2001,170904,0,1,5,5,5,5,5,5,5,5,5,5
2001,170904,1,1,12,0,10,0,0,6,3,21,0,0
2001,170905,1,1,0,0,0,0,0,0,0,0,0,0
2001,170906,0,1,21,21,21,21,21,21,21,21,21,21
2001,170906,1,1,0,0,0,0,0,0,0,0,0,0
2001,170907,1,1,0,0,0,0,0,0,0,0,0,0
2001,170907,2,1,0,0,0,0,0,0,0,0,0,0
2001,170908,1,1,34,0,0,0,0,29,0,0,0,0
2001,170909,1,1,0,0,0,0,0,0,0,0,0,0
2001,170909,2,1,0,0,0,0,0,0,0,0,0,0
2001,170910,1,1,6,19,12,0,7,0,23,14,0,10
2001,170911,1,1,0,0,0,0,0,0,0,0,0,0
2001,170912,1,1,0,0,0,0,0,0,0,0,0,0
2001,170912,2,1,0,0,0,0,0,0,0,0,0,0
2001,170913,1,1,2,2,2,2,2,2,2,2,2,2
2001,170914,1,1,0,0,0,0,0,0,0,0,0,0
2001,170914,2,1,0,0,0,0,0,0,0,0,0,0
2001,170915,1,1,0,0,0,0,0,0,0,0,0,0
2001,170915,2,1,0,0,0,0,0,0,0,0,0,0
2001,170916,1,1,0,0,0,0,0,0,0,0,0,0
2001,170916,2,1,0,0,0,0,0,0,0,0,0,0
2001,170916,3,1,0,0,0,12,0,0,0,0,0,0
2001,170917,1,1,16,16,16,16,16,16,16,16,16,16
2001,170918,1,1,0,0,0,0,0,0,0,0,0,0
2001,170918,2,1,0,0,0,0,0,0,0,0,0,0
2001,170919,1,1,0,0,0,0,0,0,0,0,0,0
2001,170919,2,1,0,0,0,0,0,0,0,0,0,0
2001,170920,1,1,0,0,0,0,0,0,0,0,0,0
2001,170920,2,1,0,0,0,0,0,21,0,0,0,0
2001,170920,3,1,0,0,0,0,0,0,0,0,0,0
2001,170920,4,1,0,0,25,0,0,0,0,0,0,0
2001,170921,1,1,0,0,0,0,0,0,0,0,0,0
2001,170921,2,1,0,0,0,0,0,0,0,0,0,0
2001,170922,1,1,6,6,6,6,6,6,6,6,6,6
2001,170923,1,1,0,0,0,0,0,0,0,0,0,0
2001,170924,1,1,0,0,0,0,0,0,0,0,0,0
2001,170925,1,1,0,0,0,0,0,0,0,0,0,0
2001,170925,2,1,0,0,14,0,0,0,11,0,0,0
2001,170926,1,1,23,23,23,23,23,23,23,23,23,23
2001,170926,2,1,0,0,0,0,0,0,0,0,0,0
2001,170927,1,1,26,26,26,26,26,26,26,26,26,26
2001,170928,1,1,0,0,0,0,0,0,0,0,0,0
2001,170929,1,1,0,0,0,0,0,0,0,0,0,0
2001,170930,1,1,0,0,0,0,0,0,0,0,0,0
2001,170931,1,1,18,18,18,18,18,18,18,18,18,18
2001,170931,2,1,0,0,0,0,0,0,0,0,0,11
2001,170932,1,1,21,21,21,21,21,21,21,21,21,21
2001,170933,1,1,24,24,24,24,24,24,24,24,24,24
2001,170934,1,1,9,9,9,9,9,9,9,9,9,9
2001,170935,1,1,29,29,29,29,29,29,29,29,29,29
2001,170936,0,1,0,0,0,0,0,0,0,0,0,0
2001,170936,0,2,0,0,15,0,0,0,18,0,0,0
2001,170936,1,1,0,0,0,0,0,0,0,0,0,0
2001,170937,1,1,0,0,7,0,0,0,0,0,0,0
2001,170938,1,1,0,0,0,0,0,0,0,0,0,0
2001,170939,1,1,0,0,0,0,0,0,0,0,0,0
2001,170939,2,1,0,0,0,11,0,0,0,0,0,0
2001,170940,1,1,7,25,13,30,20,11,28,18,0,11
2001,170940,2,1,0,0,0,0,0,0,0,0,0,0
2001,170941,1,1,0,0,0,0,0,0,0,0,0,0
2001,170941,2,1,0,0,0,0,0,0,0,0,0,0
2001,170942,1,1,0,0,0,0,0,0,0,0,0,0
2001,170942,2,1,0,0,0,0,0,0,0,0,0,0
2001,170943,1,1,0,0,0,0,0,0,0,0,0,0
2001,170943,2,1,0,0,0,0,0,0,0,0,0,0
2001,170944,1,1,0,0,0,0,0,0,0,0,0,0
2001,170944,2,1,0,0,0,0,0,0,0,0,0,0
2001,170945,1,1,0,0,0,0,0,0,0,0,0,0
2001,170945,2,1,0,0,0,0,0,0,0,0,0,0
2001,170946,1,1,22,22,22,22,22,22,22,22,22,22
2001,170947,1,1,20,20,20,20,20,20,20,20,20,20
2001,170948,0,1,0,0,0,0,0,0,0,0,0,0
2001,170948,1,1,0,0,0,0,0,0,0,0,0,0
2001,170949,1,1,0,0,0,0,0,0,0,0,0,0
2001,170949,2,1,0,0,0,0,0,0,0,0,0,0
2001,170949,3,1,0,0,0,0,0,0,0,0,0,0
2001,170950,1,1,0,0,0,0,0,0,0,0,0,0
2001,170950,2,1,0,0,0,0,0,0,0,0,0,0
2001,170950,3,1,0,0,0,0,0,0,0,0,0,0
2001,170950,4,1,0,10,0,0,0,0,0,0,0,0
2001,170950,5,1,0,0,0,0,0,0,0,0,0,0
2001,170951,1,1,22,22,22,22,22,22,22,22,22,22
2001,170951,2,1,13,0,0,0,0,0,0,0,0,0
2001,170952,0,1,0,0,0,0,0,0,0,0,0,0
2001,170952,1,1,0,0,0,0,0,0,0,0,0,0
2001,170953,1,1,0,0,0,0,0,0,0,0,0,0
2001,170954,1,1,0,0,0,0,0,0,0,0,0,0
2001,170954,2,1,0,0,0,0,0,0,0,0,0,0
2001,170955,0,1,0,0,0,0,0,0,0,0,0,0
2001,170955,1,1,0,0,0,0,0,0,0,0,0,0
2001,170956,1,1,0,0,0,0,0,0,0,0,0,0
2001,170957,1,1,0,0,0,0,0,0,0,0,0,0
2001,170957,2,1,0,0,0,0,0,0,0,0,0,0
2001,170958,1,1,0,0,0,0,2,0,0,0,0,0
2001,170958,2,1,0,0,0,0,0,0,0,0,0,0
2001,170959,1,1,0,0,0,0,0,0,0,0,0,0
2001,170959,2,1,0,0,0,0,0,0,0,0,0,0
2001,170959,3,1,0,0,0,0,0,0,0,0,0,0
2001,170959,4,1,0,0,0,0,0,0,0,0,0,0
2001,170960,1,1,6,6,6,6,6,6,6,6,6,6
2001,170961,1,1,0,0,0,0,0,0,0,0,0,0
2001,170961,2,1,0,0,0,0,0,0,0,27,0,0
2001,170962,1,1,27,27,27,27,27,27,27,27,27,27
2001,170962,2,1,0,0,0,0,0,0,0,0,0,0
2001,170962,3,1,0,0,0,0,0,0,0,0,0,0
2001,170963,1,1,10,10,10,10,10,10,10,10,10,10
2001,170963,2,1,0,0,0,0,0,0,0,0,0,0
2001,170963,3,1,0,0,0,0,0,0,17,0,0,0
2001,170964,1,1,10,10,10,10,10,10,10,10,10,10
2001,170965,1,1,0,0,0,0,0,0,0,0,0,0
2001,170965,2,1,0,0,0,0,0,0,0,0,0,0
2001,170966,0,1,0,0,19,22,18,0,0,0,0,0
2001,170966,1,1,0,0,0,0,0,0,0,0,0,0
2001,170967,0,1,0,26,32,0,0,0,0,0,12,0
2001,170967,1,1,12,0,26,0,0,15,13,0,11,3
2001,170967,2,1,0,0,0,0,0,0,0,0,0,0
2001,170968,0,1,30,30,30,30,30,30,30,30,30,30
2001,170968,1,1,12,19,6,0,0,6,0,17,14,0
2001,170968,2,1,17,0,0,0,0,0,0,0,0,0
2001,170969,1,1,0,0,0,0,0,0,0,0,0,0
2001,170970,1,1,9,9,9,9,9,9,9,9,9,9
2001,170971,1,1,0,0,0,0,0,0,0,0,0,0
2001,170972,1,1,0,0,0,0,0,0,0,0,0,0
2001,170973,1,1,0,0,0,0,0,0,0,0,0,0
2001,170973,2,1,0,0,0,0,0,0,0,0,0,0
2001,170974,1,1,0,0,0,0,0,0,0,0,0,0
2001,170974,2,1,0,0,0,0,0,0,0,0,0,0
2001,170975,0,1,10,10,10,10,10,10,10,10,10,10
2001,170975,1,1,0,0,4,0,0,0,0,0,0,0
2001,170976,0,1,17,17,17,17,17,17,17,17,17,17
2001,170976,1,1,23,23,23,23,23,23,23,23,23,23
2001,170976,2,1,0,0,0,0,0,0,0,0,0,0
2001,170977,1,1,11,11,11,11,11,11,11,11,11,11
2001,170978,1,1,8,8,8,8,8,8,8,8,8,8
2001,170979,1,1,6,6,6,6,6,6,6,6,6,6
2001,170980,1,1,11,11,11,11,11,11,11,11,11,11
2001,170981,1,1,21,21,21,21,21,21,21,21,21,21
2001,170982,1,1,0,0,0,0,0,0,0,0,0,0
2001,170982,2,1,0,0,0,0,0,0,0,0,0,0
2001,170982,3,1,17,4,0,0,0,0,0,10,0,0
2001,170983,0,1,0,0,0,0,0,0,0,0,0,0
2001,170983,1,1,0,0,0,0,0,0,0,0,0,0
2001,170984,0,1,0,0,0,0,0,0,0,0,0,0
2001,170984,1,1,0,0,0,0,0,0,0,0,0,0
2001,170985,1,1,0,0,0,0,0,0,0,0,0,0
2001,170985,2,1,0,0,0,0,0,0,0,0,0,0
2001,170985,3,1,0,0,0,0,0,0,0,0,0,0
2001,170986,1,1,0,0,0,0,0,0,0,0,0,0
2001,170987,0,1,0,0,0,0,0,0,0,0,0,0
2001,170987,1,1,0,0,0,0,0,0,0,0,0,0
2001,170988,1,1,0,0,0,5,0,6,0,0,0,0
2001,170988,2,1,0,0,0,0,0,0,0,0,0,0
2001,170989,1,1,28,28,28,28,28,28,28,28,28,28
2001,170990,1,1,0,0,0,0,0,0,0,0,0,0
2001,170990,2,1,0,0,0,0,0,0,0,0,0,0
2001,170991,1,1,0,0,0,0,0,0,0,0,0,0
2001,170992,1,1,0,0,0,0,0,0,0,0,0,0
2001,170992,2,1,0,0,0,0,0,0,0,0,0,0
2001,170992,3,1,0,0,0,0,0,0,0,0,0,0
2001,170993,1,1,0,0,0,0,0,28,0,0,0,0
2001,170993,2,1,0,0,0,0,0,0,0,0,0,0
2001,170994,0,1,0,0,0,0,0,0,0,0,0,0
2001,170994,1,1,0,0,0,0,0,0,0,0,0,0
2001,170995,1,1,0,0,0,0,0,0,0,0,0,0
2001,170995,2,1,0,0,0,0,0,0,0,0,0,0
2001,170996,1,1,23,23,23,23,23,23,23,23,23,23
2001,170996,2,1,0,0,0,0,0,0,0,0,0,0
2001,170997,1,1,21,21,21,21,21,21,21,21,21,21
2001,170998,0,1,0,0,0,0,0,0,0,0,0,0
2001,170998,1,1,0,0,0,0,0,0,0,0,0,0
2001,170999,0,1,0,0,0,0,0,0,0,0,0,0
2001,170999,1,1,10,10,10,10,10,10,10,10,10,10
2001,171000,1,1,32,32,32,32,32,32,32,32,32,32
2001,171000,2,1,14,0,0,0,0,0,0,0,0,0
2001,171000,3,1,0,0,0,0,0,0,0,0,0,0
2001,171000,4,1,0,0,0,0,0,0,0,0,0,0
2001,171001,1,1,0,0,0,0,0,0,0,0,0,0
2001,171001,2,1,0,0,0,0,0,0,0,0,0,0
2001,171002,1,1,0,0,0,0,0,0,0,0,0,0
2001,171002,2,1,0,0,0,0,0,0,0,0,0,0
2001,171003,1,1,9,9,9,9,9,9,9,9,9,9
2001,171004,0,1,0,0,0,0,0,0,0,0,0,0
2001,171004,1,1,0,0,0,0,0,3,0,5,0,0
2001,171005,1,1,3,3,3,3,3,3,3,3,3,3
2001,171005,2,1,14,14,14,14,14,14,14,14,14,14
2001,171006,1,1,3,3,3,3,3,3,3,3,3,3
2001,171006,2,1,0,0,0,0,0,20,0,13,0,6
2001,171007,0,1,0,0,0,0,0,0,0,0,0,0
2001,171007,1,1,17,13,12,14,7,9,0,4,0,0
2001,171007,2,1,19,9,0,0,0,16,0,0,0,0
2001,171008,1,1,0,0,0,0,0,0,0,0,0,0
2001,171008,2,1,0,0,0,0,0,0,0,10,0,0
2001,171009,1,1,17,17,17,17,17,17,17,17,17,17
2001,171009,2,1,0,0,0,0,0,0,0,0,0,0
2001,171010,1,1,0,0,0,0,0,0,0,0,0,0
2001,171011,0,1,0,0,0,0,0,0,0,0,0,0
2001,171011,1,1,0,0,0,24,0,0,0,0,0,0
2001,171012,1,1,0,0,0,0,0,0,0,0,0,0
2001,171013,1,1,0,0,0,0,0,0,0,0,0,0
2001,171013,2,1,7,7,7,7,7,7,7,7,7,7
2001,171014,1,1,0,0,0,0,0,0,0,0,0,0
2001,171014,2,1,0,0,0,0,0,0,0,0,0,0
2001,171015,1,1,0,0,0,0,0,0,0,0,0,0
2001,171015,2,1,7,7,7,7,7,7,7,7,7,7
2001,171016,1,1,12,23,8,14,13,15,27,21,7,0
2001,171016,2,1,0,0,0,0,0,0,0,0,0,0
2001,171017,1,1,12,12,12,12,12,12,12,12,12,12
2001,171018,1,1,0,0,0,0,0,0,0,0,0,0
2001,171019,1,1,0,0,0,0,0,0,0,0,0,26
2001,171020,1,1,0,0,0,0,0,0,0,0,0,0
2001,171020,2,1,0,0,0,0,0,0,0,0,0,0
2001,171021,1,1,0,0,0,0,0,0,0,0,0,0
2001,171021,2,1,0,0,0,0,0,0,0,0,0,0
2001,171022,1,1,0,0,0,0,0,0,0,0,0,0
2001,171022,2,1,0,0,0,0,0,0,0,0,0,0
2001,171023,1,1,4,0,0,0,0,0,0,0,0,0
2001,171024,1,1,0,0,0,0,0,0,0,0,0,0
2001,171024,2,1,0,0,0,0,0,0,0,0,0,0
2001,171025,1,1,0,0,0,0,0,0,0,0,0,0
2001,171025,2,1,0,0,0,0,0,0,0,0,0,0
2001,171026,1,1,0,0,0,0,0,0,0,0,0,0
2001,171027,0,1,0,0,0,0,0,0,0,0,0,0
2001,171027,0,2,0,0,0,0,0,0,0,0,0,0
2001,171027,1,1,0,0,0,0,0,0,0,0,0,0
2001,171028,1,1,20,20,20,20,20,20,20,20,20,20
2001,171028,2,1,0,0,0,0,0,0,0,0,0,0
2001,171029,1,1,5,5,5,5,5,5,5,5,5,5
2001,171030,1,1,0,0,0,0,0,0,0,0,0,0
2001,171030,2,1,7,7,7,7,7,7,7,7,7,7
2001,171031,0,1,14,14,14,14,14,14,14,14,14,14
2001,171031,1,1,12,16,12,18,2,21,27,10,5,15
2001,171032,0,1,9,9,9,9,9,9,9,9,9,9
2001,171032,1,1,0,0,0,0,0,0,0,0,0,12
2001,171033,1,1,16,16,16,16,16,16,16,16,16,16
2001,171033,2,1,0,0,0,0,0,0,0,0,0,0
2001,171034,1,1,19,19,19,19,19,19,19,19,19,19
2001,171035,1,1,0,0,0,0,0,0,0,0,0,0
2001,171035,2,1,0,0,0,0,0,0,0,0,13,0
2001,171036,0,1,21,21,21,21,21,21,21,21,21,21
2001,171036,1,1,0,0,0,0,0,0,0,0,0,0
2001,171037,1,1,14,0,0,0,7,24,0,0,0,0
2001,171037,2,1,5,5,5,5,5,5,5,5,5,5
2001,171039,1,1,20,20,20,20,20,20,20,20,20,20
2001,171039,2,1,0,0,8,0,0,0,0,0,0,0
2001,171040,0,1,0,0,0,0,0,0,0,0,0,0
2001,171040,0,2,0,0,0,0,0,0,0,0,0,0
2001,171040,1,1,0,0,0,0,0,0,40,0,23,0
2001,171041,0,1,0,0,0,0,0,0,0,0,0,0
2001,171041,1,1,0,0,0,0,0,0,0,0,0,0
2001,171042,1,1,2,2,2,2,2,2,2,2,2,2
2001,171043,1,1,0,0,0,0,0,0,0,0,0,0
2001,171043,2,1,1,1,1,1,1,1,1,1,1,1
2001,171043,3,1,0,0,0,0,0,0,0,0,0,0
2001,171044,1,1,26,26,26,26,26,26,26,26,26,26
2001,171045,1,1,0,0,0,0,0,0,0,0,0,0
2001,171046,1,1,9,9,9,9,9,9,9,9,9,9
2001,171047,1,1,14,0,0,0,0,0,0,0,0,0
2001,171048,1,1,0,0,0,0,0,0,0,0,0,0
2001,171049,1,1,21,21,21,21,21,21,21,21,21,21
2001,171050,1,1,18,18,18,18,18,18,18,18,18,18
2001,171050,2,1,0,0,0,0,0,0,0,0,0,0
2001,171051,1,1,0,0,0,0,0,0,0,0,0,0
2001,171051,2,1,0,0,0,0,0,0,0,0,0,0
2001,171052,1,1,0,0,0,0,0,0,0,0,0,0
2001,171052,2,1,0,0,0,0,0,0,0,0,0,0
2001,171053,1,1,27,27,27,27,27,27,27,27,27,27
2001,171053,2,1,11,0,0,0,0,0,0,0,0,0
2001,171054,1,1,17,17,17,17,17,17,17,17,17,17
2001,171054,2,1,0,0,0,0,0,0,0,0,0,0
2001,171054,3,1,11,0,0,0,0,0,0,0,0,0
2001,171055,1,1,0,0,0,0,0,0,0,0,0,0
2001,171055,2,1,0,21,0,0,0,0,0,0,0,0
2001,171056,1,1,0,0,0,0,0,0,0,0,15,0
2001,171056,2,1,0,0,0,0,0,0,0,0,0,0
2001,171056,3,1,0,0,0,0,0,0,0,0,0,0
2001,171057,0,1,15,15,15,15,15,15,15,15,15,15
2001,171057,1,1,0,29,0,9,0,0,6,0,17,0
2001,171058,1,1,0,0,0,0,0,0,0,0,0,0
2001,171058,2,1,0,0,0,0,0,0,0,0,0,0
2001,171059,1,1,21,21,21,21,21,21,21,21,21,21
2001,171060,1,1,34,34,34,34,34,34,34,34,34,34
2001,171061,1,1,0,0,0,0,0,0,0,0,0,0
2001,171061,2,1,0,0,0,0,0,0,0,0,0,0
2001,171062,1,1,0,0,0,0,0,0,0,0,0,0
2001,171063,1,1,0,0,0,0,0,0,0,0,0,0
2001,171063,2,1,0,0,0,0,0,0,0,0,0,0
2001,171064,1,1,0,0,0,0,0,0,0,0,0,0
2001,171064,2,1,0,0,0,0,0,0,0,0,0,0
2001,171065,1,1,21,21,21,21,21,21,21,21,21,21
2001,171065,2,1,0,0,5,0,0,0,0,4,0,0
2001,171066,0,1,33,33,33,33,33,33,33,33,33,33
2001,171066,1,1,0,0,0,0,0,0,0,0,0,0
2001,171066,2,1,0,0,0,0,0,0,0,0,0,0
2001,171067,1,1,19,19,19,19,19,19,19,19,19,19
2001,171068,1,1,0,0,0,0,0,0,0,0,0,0
2001,171068,2,1,25,5,15,11,16,18,16,23,0,18
2001,171069,1,1,0,0,0,0,0,0,0,0,0,0
2001,171069,2,1,0,0,0,0,0,0,0,0,0,0
2001,171070,1,1,0,0,0,0,0,0,6,0,0,0