YEAR,st_case,veh_no,per_no,P1,P2,P3,P4,P5,P6,P7,P8,P9,P10
2001,171070,2,1,0,0,0,0,0,0,0,0,0,0
2001,171071,1,1,0,0,0,0,0,0,0,0,0,0
2001,171071,2,1,0,0,0,0,0,0,0,0,0,0
2001,171072,1,1,18,18,18,18,18,18,18,18,18,18
2001,171072,2,1,0,0,0,0,0,0,0,0,0,0
2001,171073,0,1,4,4,4,4,4,4,4,4,4,4
2001,171073,1,1,16,24,11,0,0,3,7,14,6,0
2001,171074,0,1,34,34,34,34,34,34,34,34,34,34
2001,171074,1,1,18,4,5,0,0,0,0,0,3,6
2001,171075,1,1,25,25,25,25,25,25,25,25,25,25
2001,171076,1,1,0,0,0,0,0,0,0,0,0,0
2001,171076,2,1,0,0,0,0,0,0,0,0,0,0
2001,171076,3,1,0,0,0,19,0,0,11,20,0,0
2001,171077,1,1,29,29,29,29,29,29,29,29,29,29
2001,171077,2,1,4,4,4,4,4,4,4,4,4,4
2001,171078,0,1,14,17,20,24,5,22,39,26,10,0
2001,171078,1,1,0,0,0,0,0,22,37,0,11,11
2001,171079,0,1,2,2,2,2,2,2,2,2,2,2
2001,171079,1,1,12,12,12,12,12,12,12,12,12,12
2001,171080,1,1,0,0,0,0,0,0,0,0,0,0
2001,171081,1,1,16,16,16,16,16,16,16,16,16,16
2001,171081,2,1,0,0,0,0,0,41,0,20,0,0
2001,171082,1,1,25,25,25,25,25,25,25,25,25,25
2001,171082,2,1,0,0,0,0,0,0,0,0,0,0
2001,171083,1,1,0,5,0,0,0,0,9,0,0,0
2001,171083,2,1,0,0,0,0,0,0,0,0,0,0
2001,171083,3,1,16,0,0,0,0,0,0,0,0,0
2001,171084,1,1,0,0,0,0,0,0,0,0,0,0
2001,171084,2,1,0,0,0,0,0,0,0,0,0,0
2001,171085,1,1,23,23,23,23,23,23,23,23,23,23
2001,171085,2,1,0,0,0,0,0,0,0,0,0,0
2001,171086,0,1,23,19,9,17,34,20,33,0,17,20
2001,171086,1,1,19,0,0,0,12,0,14,14,10,0
2001,171087,1,1,27,27,27,27,27,27,27,27,27,27
2001,171088,1,1,15,15,15,15,15,15,15,15,15,15
2001,171088,2,1,0,0,0,0,0,0,0,0,0,0
2001,171089,1,1,13,13,13,13,13,13,13,13,13,13
2001,171090,1,1,11,11,11,11,11,11,11,11,11,11
2001,171091,1,1,0,0,0,0,0,0,0,0,0,0
2001,171092,1,1,32,32,32,32,32,32,32,32,32,32
2001,171092,2,1,0,0,0,0,11,15,0,9,0,0
2001,171093,1,1,28,28,28,28,28,28,28,28,28,28
2001,171093,2,1,1,1,1,1,1,1,1,1,1,1
2001,171094,0,1,0,0,0,0,0,14,0,0,0,0
2001,171094,1,1,0,0,0,0,0,0,0,0,0,0
2001,171095,1,1,0,0,0,0,0,0,0,0,0,0
2001,171096,1,1,14,14,14,14,14,14,14,14,14,14
2001,171097,0,1,2,2,2,2,2,2,2,2,2,2
2001,171097,1,1,0,24,0,15,6,0,8,0,12,0
2001,171098,1,1,29,29,29,29,29,29,29,29,29,29
2001,171099,1,1,0,0,0,0,0,0,0,0,0,0
2001,171099,2,1,0,0,0,0,0,0,0,0,0,0
2001,171100,1,1,0,4,9,0,0,7,0,0,0,0
2001,171101,1,1,24,24,24,24,24,24,24,24,24,24
2001,171101,2,1,23,0,0,0,0,0,0,15,0,0
2001,171102,1,1,16,16,16,16,16,16,16,16,16,16
2001,171102,2,1,8,0,0,0,21,5,0,0,0,12
2001,171103,0,1,0,0,0,0,0,0,0,0,0,0
2001,171103,1,1,0,0,0,0,0,0,0,0,0,0
2001,171104,1,1,33,33,33,33,33,33,33,33,33,33
2001,171105,1,1,0,0,0,0,0,0,0,0,0,0
2001,171106,1,1,12,12,12,12,12,12,12,12,12,12
2001,171107,0,1,0,0,0,0,0,0,0,0,0,0
2001,171107,1,1,0,0,0,3,0,0,0,2,0,0
2001,171108,0,1,0,0,0,0,0,0,0,0,0,0
2001,171108,1,1,0,0,0,0,0,0,0,0,0,0
2001,171109,1,1,0,0,0,0,0,0,0,0,0,0
2001,171109,2,1,0,0,0,3,10,0,0,0,0,0
2001,171109,3,1,0,0,0,0,0,0,0,0,0,0
2001,171110,1,1,0,0,0,0,0,0,0,0,0,0
2001,171110,2,1,0,17,0,0,0,0,0,0,0,0
2001,171111,0,1,0,0,0,0,0,0,0,0,0,0
2001,171111,1,1,11,11,11,11,11,11,11,11,11,11
2001,171112,1,1,8,8,8,8,8,8,8,8,8,8
2001,171113,1,1,17,17,17,17,17,17,17,17,17,17
2001,171114,1,1,0,0,0,0,0,0,0,0,0,0
2001,171114,2,1,0,0,0,0,0,0,0,0,0,0
2001,171115,1,1,0,0,0,19,0,0,0,0,0,0
2001,171116,1,1,0,0,0,0,0,0,0,0,0,0
2001,171117,1,1,26,26,26,26,26,26,26,26,26,26
2001,171118,1,1,0,0,0,0,0,0,0,0,0,0
2001,171119,1,1,0,0,0,0,0,0,0,0,0,0
2001,171120,1,1,0,0,0,0,0,0,0,0,0,0
2001,171121,1,1,18,18,18,18,18,18,18,18,18,18
2001,171121,2,1,0,0,0,0,0,0,0,0,0,0
2001,171121,3,1,0,0,0,0,0,0,0,0,0,0
2001,171121,4,1,0,0,0,0,0,0,0,0,0,0
2001,171121,5,1,0,0,0,0,0,0,0,0,0,0
2001,171122,1,1,0,0,0,0,0,0,0,0,0,0
2001,171122,2,1,0,0,0,0,0,0,0,0,0,0
2001,171123,1,1,0,0,0,0,0,0,0,0,0,0
2001,171123,2,1,0,0,0,0,0,0,0,0,0,0
2001,171124,1,1,0,0,0,0,0,0,0,0,0,0
2001,171124,2,1,8,0,0,0,0,0,0,0,0,0
2001,171125,1,1,0,0,0,0,0,0,0,0,0,0
2001,171126,1,1,0,0,0,0,0,0,0,0,0,0
2001,171127,1,1,24,24,24,24,24,24,24,24,24,24
2001,171127,2,1,0,0,0,0,0,0,0,0,0,0
2001,171128,1,1,0,0,0,0,0,0,0,0,0,0
2001,171129,1,1,0,0,0,0,0,0,0,0,0,0
2001,171129,2,1,0,0,0,0,0,0,0,0,0,0
2001,171129,3,1,0,0,0,0,0,0,0,0,0,0
2001,171130,1,1,15,15,15,15,15,15,15,15,15,15
2001,171131,1,1,0,0,0,0,0,0,0,0,0,0
2001,171131,2,1,0,0,0,0,0,0,0,0,0,0
2001,171132,1,1,0,0,0,0,0,0,0,0,0,0
2001,171132,2,1,0,0,0,0,0,0,0,0,0,0
2001,171133,1,1,28,28,28,28,28,28,28,28,28,28
2001,171133,2,1,29,29,29,29,29,29,29,29,29,29
2001,171134,1,1,15,15,15,15,15,15,15,15,15,15
2001,171135,1,1,17,17,17,17,17,17,17,17,17,17
2001,171135,2,1,0,0,0,0,0,0,0,0,0,0
2001,171136,1,1,22,22,22,22,22,22,22,22,22,22
2001,171137,1,1,0,0,0,0,0,0,0,0,0,0
2001,171137,2,1,0,0,0,0,0,0,0,0,0,0
2001,171138,1,1,2,2,2,2,2,2,2,2,2,2
2001,171139,1,1,21,21,21,21,21,21,21,21,21,21
2001,171140,1,1,0,0,0,0,0,0,0,0,0,0
2001,171140,2,1,0,0,0,0,0,9,0,0,0,0
2001,171141,1,1,19,19,19,19,19,19,19,19,19,19
2001,171141,2,1,0,0,0,0,0,0,0,0,0,0
2001,171142,1,1,0,0,0,0,0,0,0,0,0,0
2001,171142,2,1,0,0,0,0,0,0,0,0,0,0
2001,171143,1,1,0,0,0,0,0,0,0,0,0,0
2001,171144,1,1,0,0,0,0,0,0,0,0,0,0
2001,171144,2,1,0,0,0,0,0,0,0,0,0,0
2001,171145,1,1,39,39,39,39,39,39,39,39,39,39
2001,171145,2,1,11,0,8,0,0,11,6,0,0,0
2001,171146,1,1,0,0,0,0,0,0,0,0,0,0
2001,171146,2,1,0,0,0,0,0,0,0,0,0,0
2001,171147,1,1,0,0,0,0,0,0,0,0,0,0
2001,171147,2,1,0,0,0,0,0,0,0,0,0,0
2001,171148,0,1,0,13,0,25,0,0,0,0,0,0
2001,171148,1,1,0,0,0,0,0,0,0,0,0,0
2001,171149,1,1,22,22,22,22,22,22,22,22,22,22
2001,171150,1,1,13,13,13,13,13,13,13,13,13,13
2001,171151,1,1,0,0,0,0,0,0,0,0,0,0
2001,171151,2,1,0,0,0,0,0,0,0,0,0,0
2001,171152,1,1,8,8,8,8,8,8,8,8,8,8
2001,171153,1,1,0,0,0,0,0,0,0,0,0,0
2001,171153,2,1,11,11,11,11,11,11,11,11,11,11
2001,171154,1,1,0,0,0,0,0,0,0,0,0,0
2001,171155,1,1,0,0,0,0,0,0,0,0,0,0
2001,171156,1,1,26,26,26,26,26,26,26,26,26,26
2001,171157,1,1,25,25,25,25,25,25,25,25,25,25
2001,171158,1,1,0,0,0,0,0,0,0,0,0,0
2001,171158,2,1,0,0,8,0,0,0,0,0,0,0
2001,171159,1,1,0,0,0,0,0,0,0,0,0,0
2001,171159,2,1,0,0,0,0,0,0,0,0,0,0
2001,171160,0,1,9,9,9,9,9,9,9,9,9,9
2001,171160,1,1,0,0,0,0,0,0,0,0,0,0
2001,171161,1,1,0,0,0,0,0,0,0,0,0,0
2001,171162,1,1,16,16,16,16,16,16,16,16,16,16
2001,171163,1,1,3,3,3,3,3,3,3,3,3,3
2001,171163,2,1,0,0,0,0,0,0,5,0,0,0
2001,171164,1,1,0,0,0,0,0,0,0,0,0,0
2001,171165,0,1,0,0,0,0,0,0,0,0,0,0
2001,171165,1,1,0,0,0,0,0,0,0,0,0,0
2001,171166,1,1,0,0,0,0,0,0,0,0,0,0
2001,171167,1,1,0,0,0,0,0,0,0,0,0,0
2001,171167,2,1,0,0,0,0,0,0,0,0,0,0
2001,171167,3,1,0,0,0,0,0,0,0,0,0,0
2001,171168,0,1,0,0,0,0,0,0,0,0,0,0
2001,171168,1,1,0,0,0,0,0,0,0,0,0,0
2001,171169,1,1,16,16,16,16,16,16,16,16,16,16
2001,171169,2,1,0,0,0,0,0,0,0,0,0,0
2001,171170,1,1,18,18,18,18,18,18,18,18,18,18
2001,171171,1,1,22,22,22,22,22,22,22,22,22,22
2001,171172,0,1,0,0,0,0,0,0,0,0,0,0
2001,171172,1,1,0,0,0,0,0,0,0,0,0,0
2001,171173,0,1,0,0,0,0,0,0,0,0,0,0
2001,171173,1,1,32,32,32,32,32,32,32,32,32,32
2001,171174,1,1,18,18,18,18,18,18,18,18,18,18
2001,171174,2,1,15,0,0,0,0,0,0,0,0,5
2001,171175,1,1,0,0,0,0,0,0,0,0,0,0
2001,171175,2,1,0,0,0,0,0,0,0,0,0,0
2001,171176,1,1,17,17,17,17,17,17,17,17,17,17
2001,171176,2,1,0,0,0,0,0,0,0,0,0,13
2001,171177,0,1,5,5,5,5,5,5,5,5,5,5
2001,171177,1,1,0,0,0,0,0,0,0,0,0,0
2001,171178,1,1,0,0,0,0,0,0,0,0,0,0
2001,171179,0,1,25,0,0,0,0,0,0,18,23,0
2001,171179,1,1,2,10,0,5,0,0,0,6,16,0
2001,171180,1,1,23,23,23,23,23,23,23,23,23,23
2001,171181,1,1,20,20,20,20,20,20,20,20,20,20
2001,171181,2,1,18,18,25,14,23,11,25,20,9,6
2001,171182,0,1,0,0,0,0,0,0,0,0,0,0
2001,171182,1,1,0,0,0,0,0,0,0,0,0,0
2001,171183,1,1,0,0,0,0,0,0,0,0,0,0
2001,171183,2,1,0,0,0,0,0,0,0,0,0,0
2001,171184,1,1,0,0,0,0,0,0,0,0,0,0
2001,171184,2,1,21,21,21,21,21,21,21,21,21,21
2001,171185,1,1,0,0,0,0,0,0,0,0,0,0
2001,171185,2,1,0,0,0,0,0,0,0,0,0,0
2001,171186,1,1,19,19,19,19,19,19,19,19,19,19
2001,171187,1,1,23,23,23,23,23,23,23,23,23,23
2001,171187,2,1,7,0,0,0,0,0,0,0,0,0
2001,171188,0,1,0,0,0,0,26,0,0,0,9,0
2001,171188,1,1,0,0,0,0,0,0,0,0,0,0
2001,171189,1,1,0,0,0,0,22,0,0,0,0,15
2001,171189,2,1,0,0,0,0,0,0,0,0,0,0
2001,171190,1,1,0,0,0,0,0,0,0,0,0,0
2001,171190,2,1,0,0,0,0,0,0,0,0,0,0
2001,171191,1,1,0,0,0,0,0,0,0,0,0,0
2001,171191,2,1,0,0,0,0,0,0,0,0,0,0
2001,171192,0,1,0,0,0,0,0,0,0,0,0,0
2001,171192,1,1,0,0,0,0,0,0,0,0,0,0
2001,171193,1,1,16,16,16,16,16,16,16,16,16,16
2001,171194,1,1,24,24,24,24,24,24,24,24,24,24
2001,171195,1,1,0,0,0,0,0,0,0,0,0,0
2001,171195,2,1,0,0,0,0,0,0,0,0,0,0
2001,171196,1,1,0,0,9,0,0,0,0,0,0,0
2001,171197,1,1,0,0,0,0,0,0,0,0,0,0
2001,171197,2,1,0,0,0,0,0,0,0,0,0,0
2001,171197,3,1,0,0,0,0,0,0,0,0,0,0
2001,171198,1,1,0,0,0,0,0,0,0,0,0,0
2001,171198,2,1,0,4,0,0,0,0,0,0,0,0
2001,171198,3,1,0,0,0,0,0,0,0,0,0,0
2001,171199,0,1,0,0,0,0,0,0,0,0,0,0
2001,171199,0,2,0,0,0,0,0,0,0,0,10,0
2001,171199,1,1,0,0,0,0,0,0,0,0,0,0
2001,171200,1,1,0,0,0,0,0,0,0,0,0,0
2001,171201,1,1,19,19,19,19,19,19,19,19,19,19
2001,171202,1,1,0,0,0,0,0,0,0,0,0,0
2001,171202,2,1,0,0,0,0,0,0,0,0,0,0
2001,171203,1,1,0,0,0,0,0,0,0,0,0,0
2001,171203,2,1,0,0,0,0,0,0,0,0,0,0
2001,171204,1,1,0,0,0,0,0,0,0,0,0,0
2001,171204,2,1,0,0,0,0,0,0,0,0,0,0
2001,171205,1,1,0,0,0,0,0,0,0,0,0,0
2001,171206,1,1,0,0,0,0,0,0,0,0,0,0
2001,171207,0,1,12,12,12,12,12,12,12,12,12,12
2001,171207,1,1,0,0,0,0,0,0,0,0,0,19
2001,171208,1,1,0,0,0,0,0,0,0,0,0,0
2001,171208,2,1,0,0,0,0,0,0,0,0,0,0
2001,171209,0,1,0,0,0,0,0,0,0,0,0,0
2001,171209,1,1,0,0,0,0,0,0,0,0,0,0
2001,171210,1,1,22,22,22,22,22,22,22,22,22,22
2001,171210,2,1,0,0,0,0,0,16,31,0,3,10
2001,171211,0,1,0,0,0,0,30,0,0,0,22,0
2001,171211,1,1,0,0,0,0,0,0,0,0,0,0
2001,171211,2,1,0,0,0,0,0,0,0,0,0,0
2001,171212,1,1,0,0,0,0,0,0,0,0,0,0
2001,171213,1,1,0,0,0,0,0,0,0,0,0,0
2001,171214,1,1,22,22,22,22,22,22,22,22,22,22
2001,171214,2,1,0,0,0,0,0,0,0,0,0,0
2001,171214,3,1,0,0,0,0,0,4,0,0,0,0
2001,171214,4,1,0,0,0,0,0,0,0,0,0,0
2001,171214,5,1,0,0,0,0,0,0,0,0,0,0
2001,171215,0,1,27,27,27,27,27,27,27,27,27,27
2001,171215,1,1,0,0,0,0,0,0,0,0,0,0
2001,171216,1,1,0,0,0,0,0,0,16,6,0,0
2001,171217,1,1,0,0,0,0,0,0,0,0,0,0
2001,171217,2,1,0,0,0,0,16,0,0,0,0,0
2001,171218,1,1,19,19,19,19,19,19,19,19,19,19
2001,171219,1,1,0,0,0,0,0,0,0,0,0,0
2001,171219,2,1,0,0,0,0,0,0,0,0,0,0
2001,171220,1,1,0,0,0,0,0,0,0,0,0,0
2001,171221,1,1,15,15,15,15,15,15,15,15,15,15
2001,171222,1,1,0,0,0,0,0,0,0,0,0,0
2001,171222,2,1,0,0,0,0,0,0,0,0,0,0
2001,171222,3,1,0,0,0,0,0,0,0,0,0,0
2001,171222,4,1,0,0,0,0,0,0,0,0,0,0
2001,171223,0,1,0,0,0,0,0,0,0,0,0,0
2001,171223,1,1,0,0,0,0,0,0,0,0,0,0
2001,171224,1,1,16,16,16,16,16,16,16,16,16,16
2001,171225,0,1,0,0,0,0,0,0,0,0,0,0
2001,171225,1,1,0,0,0,0,0,0,0,0,0,0
2001,171226,1,1,12,12,12,12,12,12,12,12,12,12
2001,171226,2,1,0,0,0,0,0,0,0,0,0,0
2001,171227,1,1,0,0,0,0,0,0,0,0,0,0
2001,171227,2,1,0,0,0,0,0,0,0,0,0,0
2001,171228,1,1,23,23,23,23,23,23,23,23,23,23
2001,171228,2,1,0,0,0,0,0,0,0,0,0,0
2001,171229,1,1,22,22,22,22,22,22,22,22,22,22
2001,171230,1,1,0,0,0,0,0,0,0,0,0,0
2001,171230,2,1,0,0,0,0,0,0,0,0,0,0
2001,171231,0,1,0,0,0,0,0,0,0,0,0,0
2001,171231,1,1,0,0,0,0,0,0,0,0,0,0
2001,171232,1,1,0,0,0,0,0,0,0,0,0,0
2001,171232,2,1,0,0,0,0,0,0,0,0,0,0
2001,171233,0,1,0,0,0,0,0,0,0,0,0,0
2001,171233,1,1,0,15,0,0,0,0,0,0,0,0
2001,171233,2,1,0,0,0,0,0,0,0,0,0,0
2001,171234,1,1,0,0,0,0,0,0,0,0,0,0
2001,171234,2,1,0,0,0,0,0,0,0,0,0,0
2001,171235,0,1,0,0,0,0,0,0,0,0,0,0
2001,171235,1,1,0,0,0,0,0,0,0,0,0,0
2001,171236,1,1,0,0,0,0,0,0,0,0,0,0
2001,171236,2,1,0,0,0,0,0,0,0,0,0,0
2001,171237,1,1,0,0,0,0,0,0,0,0,0,0
2001,171238,1,1,12,12,12,12,12,12,12,12,12,12
2001,171239,1,1,23,23,23,23,23,23,23,23,23,23
2001,171240,1,1,0,0,0,0,0,0,0,0,0,0
2001,171240,2,1,0,0,0,0,0,0,0,0,0,0
2001,171241,0,1,0,0,0,0,0,0,0,0,0,0
2001,171241,0,2,17,27,29,19,0,17,0,10,0,16
2001,171241,1,1,16,0,19,0,10,22,0,25,5,6
2001,171242,1,1,16,16,16,16,16,16,16,16,16,16
2001,171243,1,1,0,0,0,27,0,0,0,0,0,0
2001,171243,2,1,0,0,0,0,0,0,0,0,0,0
2001,171244,0,1,0,0,0,0,0,0,0,0,0,0
2001,171244,1,1,0,0,0,0,0,0,0,0,0,0
2001,171245,1,1,0,0,0,0,0,0,0,0,0,0
2001,171246,1,1,0,0,0,0,0,0,0,0,0,0
2001,171247,1,1,0,0,0,0,0,0,0,0,0,0
2001,171248,1,1,7,7,7,7,7,7,7,7,7,7
2001,171249,1,1,0,0,0,0,0,0,0,0,0,0
2001,171249,2,1,0,0,0,0,0,0,0,0,0,0
2001,171250,1,1,20,20,20,20,20,20,20,20,20,20
2001,171251,1,1,0,0,0,0,8,0,0,0,0,0
2001,171251,2,1,0,0,0,0,0,0,0,0,0,0
2001,171251,3,1,0,0,0,0,0,0,0,0,0,0
2001,171252,1,1,14,14,14,14,14,14,14,14,14,14
2001,171252,2,1,0,0,0,0,0,0,0,0,0,0
2001,171252,3,1,0,0,11,9,0,0,0,0,0,0
2001,171253,1,1,0,0,0,0,0,0,0,0,0,0
2001,171254,1,1,0,0,0,0,0,0,0,0,0,0
2001,171254,2,1,0,0,0,0,0,0,0,0,0,0
2001,171254,3,1,0,0,0,0,0,0,0,0,0,0
2001,171254,4,1,0,0,0,0,0,0,0,0,0,0
2001,171255,0,1,0,0,0,0,0,0,0,0,0,0
2001,171255,1,1,0,0,0,0,0,0,0,0,0,0
2001,171256,1,1,0,0,0,0,0,0,0,0,0,0
2001,171256,2,1,0,0,0,0,0,0,0,0,0,0
2001,171257,1,1,0,0,0,0,0,0,0,0,0,0
2001,171258,1,1,0,0,0,0,0,0,0,0,0,0
2001,171259,1,1,0,0,0,0,0,0,0,0,0,0
2001,171259,2,1,0,0,0,0,0,0,0,0,0,0
2001,171260,1,1,9,9,9,9,9,9,9,9,9,9
2001,171261,1,1,0,0,0,0,0,0,0,0,0,0
2001,171262,1,1,12,12,12,12,12,12,12,12,12,12
2001,171263,1,1,0,0,0,0,0,0,0,0,0,0
2001,171263,2,1,0,0,0,0,0,0,0,0,0,0
2001,171263,3,1,0,0,0,0,0,0,0,0,0,0
2001,171264,0,1,0,0,0,0,0,0,0,0,0,0
2001,171264,2,1,0,0,0,0,0,0,0,0,0,0
2001,171265,1,1,0,0,0,0,0,0,0,0,0,0
2001,171265,2,1,0,0,0,0,0,0,0,0,0,0
2001,171265,3,1,0,0,0,0,0,0,26,0,0,0
2001,171266,1,1,23,0,12,0,0,17,0,0,0,5
2001,171267,1,1,18,18,18,18,18,18,18,18,18,18
2001,171268,1,1,4,4,4,4,4,4,4,4,4,4
2001,171269,1,1,11,11,11,11,11,11,11,11,11,11
2001,171270,0,1,1,1,1,1,1,1,1,1,1,1
2001,171270,1,1,6,6,6,6,6,6,6,6,6,6
2001,171271,1,1,14,14,14,14,14,14,14,14,14,14
2001,171272,0,1,23,23,23,23,23,23,23,23,23,23
2001,171272,1,1,0,0,25,0,0,0,0,0,0,0
2001,171272,2,1,0,0,0,0,0,0,0,0,0,0
2001,171273,1,1,21,21,21,21,21,21,21,21,21,21
2001,171274,1,1,0,9,9,19,13,8,16,31,22,17
2001,171275,1,1,18,18,18,18,18,18,18,18,18,18
2001,171276,1,1,0,0,0,0,0,0,0,0,0,0
2001,171276,2,1,0,0,0,0,0,0,0,0,0,0
2001,171277,1,1,10,44,0,11,0,0,15,14,13,23
2001,171277,2,1,0,0,0,0,0,0,7,0,0,0
2001,171278,1,1,16,16,16,16,16,16,16,16,16,16
2001,171279,1,1,12,12,12,12,12,12,12,12,12,12
2001,171280,1,1,0,0,0,0,0,0,0,0,0,0
2001,171281,1,1,0,0,0,0,0,0,0,0,0,0
2001,171281,2,1,0,0,0,0,0,0,0,0,0,0
2001,171282,1,1,20,20,20,20,20,20,20,20,20,20
2001,171282,2,1,0,0,0,0,0,0,0,0,0,0
2001,171283,0,1,0,0,0,0,0,0,0,0,0,0
2001,171283,1,1,0,0,0,0,0,0,0,0,0,0
2001,171284,0,1,4,4,4,4,4,4,4,4,4,4
2001,171284,1,1,0,0,0,0,0,0,0,0,0,0
2001,171285,0,1,4,19,26,21,16,18,19,31,24,0
2001,171286,1,1,0,0,0,0,0,11,0,0,0,0
2001,171286,2,1,0,0,0,0,0,0,0,0,0,0
2001,171287,1,1,0,0,0,0,0,0,30,21,0,0
2001,180001,0,1,0,0,0,0,0,0,0,0,0,0
2001,180001,1,1,0,0,0,0,0,0,0,0,0,0
2001,180002,1,1,0,0,0,0,0,0,0,0,0,0
2001,180003,1,1,0,0,0,0,6,0,0,0,0,0
2001,180003,2,1,0,0,0,0,0,0,0,0,0,0
2001,180003,3,1,0,0,0,0,0,0,0,0,0,0
2001,180004,1,1,9,0,0,0,0,0,0,0,0,0
2001,180005,1,1,0,8,8,0,0,0,0,0,0,0
2001,180005,2,1,0,0,0,0,0,0,0,0,0,0
2001,180006,1,1,0,0,0,0,0,0,0,0,0,0
2001,180006,2,1,0,17,0,0,0,0,0,0,0,0
2001,180007,1,1,0,0,0,0,0,0,0,0,0,0
2001,180007,2,1,0,0,0,0,0,0,0,0,0,0
2001,180008,1,1,0,0,0,0,0,0,0,0,0,0
2001,180009,1,1,0,0,0,0,0,0,0,0,0,0
2001,180009,2,1,0,0,0,0,0,0,0,0,0,0
2001,180010,1,1,0,0,0,0,0,0,0,0,0,0
2001,180010,2,1,0,0,0,0,0,0,0,0,0,0
2001,180010,3,1,0,0,0,0,0,0,0,0,0,0
2001,180011,1,1,0,0,0,0,0,0,0,0,0,0
2001,180011,2,1,0,0,0,0,0,0,0,0,0,0
2001,180012,0,1,0,0,0,0,0,0,0,0,0,0
2001,180012,1,1,0,20,14,14,26,13,3,18,29,18
2001,180013,1,1,0,0,0,0,0,0,0,0,0,0
2001,180013,2,1,0,0,0,0,0,0,0,0,0,0
2001,180014,1,1,36,36,36,36,36,36,36,36,36,36
2001,180015,0,1,0,0,0,0,0,0,0,3,0,0
2001,180015,1,1,0,0,0,0,0,0,0,0,0,0
2001,180016,1,1,22,22,22,22,22,22,22,22,22,22
2001,180017,1,1,39,11,19,18,14,34,15,15,19,23
2001,180018,0,1,0,0,0,0,0,0,0,0,0,0
2001,180018,1,1,0,0,0,0,0,0,0,0,0,0
2001,180019,1,1,0,0,0,0,0,0,0,0,0,0
2001,180019,2,1,0,0,0,0,0,0,0,0,0,0
2001,180020,1,1,0,0,0,0,0,0,0,0,0,0
2001,180021,0,1,0,0,0,0,0,0,0,0,0,0
2001,180021,1,1,0,0,0,0,0,0,0,0,0,0
2001,180022,1,1,0,0,0,0,0,0,0,0,0,0
2001,180022,2,1,0,0,0,0,0,0,0,0,0,0
2001,180023,1,1,0,0,0,0,0,0,0,0,0,0
2001,180024,1,1,12,12,12,12,12,12,12,12,12,12
2001,180025,1,1,0,0,0,0,0,0,0,0,0,0
2001,180025,2,1,0,0,0,0,0,0,0,0,0,0
2001,180026,1,1,20,20,20,20,20,20,20,20,20,20
2001,180026,2,1,0,0,0,0,0,0,0,0,0,0
2001,180027,1,1,0,0,0,0,0,0,0,0,0,0
2001,180027,2,1,0,0,0,0,0,0,0,0,0,0
2001,180028,1,1,0,0,0,0,0,0,0,0,0,0
2001,180028,2,1,0,0,0,0,0,0,0,0,0,0
2001,180029,1,1,0,0,0,0,0,0,0,0,0,0
2001,180029,2,1,0,0,0,0,0,0,0,0,0,0
2001,180030,1,1,0,0,0,0,0,0,0,0,0,0
2001,180030,2,1,0,0,0,0,0,0,0,0,0,0
2001,180031,1,1,0,0,0,0,0,0,0,0,0,0
2001,180031,2,1,0,0,0,0,0,0,0,0,0,0
2001,180032,1,2,0,22,26,11,6,15,32,26,0,0
2001,180033,1,1,4,4,4,4,4,4,4,4,4,4
2001,180034,1,1,20,20,20,20,20,20,20,20,20,20
2001,180035,1,1,0,0,0,0,0,0,0,0,0,0
2001,180035,2,1,0,0,0,0,0,0,0,0,0,0
2001,180036,1,1,0,0,0,0,0,0,0,0,0,0
2001,180036,2,1,0,0,0,0,0,0,0,0,0,0
2001,180037,1,1,0,0,0,14,0,0,0,0,0,0
2001,180037,2,1,0,0,0,0,0,0,0,0,0,0
2001,180038,1,1,11,0,3,6,0,0,0,7,24,0
2001,180039,1,1,0,0,0,0,0,0,0,0,0,0
2001,180040,1,1,0,0,0,0,0,0,0,0,0,0
2001,180040,2,1,0,0,0,0,0,0,0,0,0,0
2001,180041,1,1,0,0,0,0,0,0,0,0,0,0
2001,180041,2,1,0,0,0,0,0,0,0,0,0,0
2001,180042,1,1,2,2,2,2,2,2,2,2,2,2
2001,180043,1,1,0,0,0,0,0,0,0,0,0,0
2001,180043,2,1,0,0,0,0,0,0,0,0,0,0
2001,180044,1,1,33,20,10,19,23,16,12,30,0,0
2001,180044,2,1,0,0,0,0,0,0,0,0,0,0
2001,180045,1,1,0,0,0,0,0,0,0,0,0,0
2001,180045,2,1,0,0,0,0,0,0,0,0,0,0
2001,180046,1,1,0,0,0,0,0,0,0,0,0,0
2001,180046,2,1,0,0,0,0,0,0,0,0,0,0
2001,180047,1,1,0,0,0,0,0,0,0,0,0,0
2001,180047,2,1,0,0,0,0,0,0,0,0,0,0
2001,180048,1,1,0,0,0,0,0,0,0,0,0,0
2001,180048,2,1,0,0,0,0,0,0,0,0,0,0
2001,180049,1,1,0,0,0,0,0,0,0,0,0,0
2001,180049,2,1,0,0,0,0,0,0,0,0,0,0
2001,180049,3,1,0,0,0,0,0,0,0,0,0,0