YEAR,st_case,veh_no,per_no,P1,P2,P3,P4,P5,P6,P7,P8,P9,P10
2001,180322,4,1,0,0,0,0,0,0,0,0,0,0
2001,180323,1,1,0,0,0,0,0,0,0,0,0,0
2001,180324,1,1,0,0,0,0,0,0,0,0,0,0
2001,180324,2,1,0,0,0,0,0,0,0,0,0,0
2001,180325,1,1,9,6,0,0,0,0,0,0,0,0
2001,180325,2,1,0,0,0,0,0,0,0,0,0,0
2001,180326,1,1,0,15,27,26,25,0,15,25,18,0
2001,180327,1,1,4,4,4,4,4,4,4,4,4,4
2001,180328,1,1,0,0,0,0,0,0,0,0,0,0
2001,180328,2,1,0,13,0,8,0,21,0,16,8,13
2001,180329,1,1,11,11,11,11,11,11,11,11,11,11
2001,180330,1,1,0,0,0,0,0,0,0,0,0,0
2001,180331,1,1,0,0,0,19,0,0,0,0,0,0
2001,180332,1,1,0,0,13,0,0,13,21,0,30,0
2001,180333,1,1,0,0,0,0,0,0,0,0,0,0
2001,180333,2,1,0,0,0,0,0,0,0,0,0,0
2001,180334,0,1,17,23,0,0,38,0,0,28,0,0
2001,180334,1,1,0,0,0,19,0,0,0,0,0,0
2001,180335,1,1,0,0,0,0,0,0,0,0,0,0
2001,180335,2,1,0,0,0,0,0,0,0,0,0,0
2001,180335,3,1,0,0,0,0,0,0,0,0,0,0
2001,180335,4,1,0,0,0,0,0,0,0,0,0,0
2001,180335,5,1,0,0,0,0,0,0,0,0,0,0
2001,180335,6,1,0,0,0,0,0,0,0,0,0,0
2001,180336,1,1,0,0,0,0,0,0,0,0,0,0
2001,180337,0,1,0,0,8,0,0,0,0,0,0,0
2001,180337,1,1,0,0,0,0,0,0,0,0,0,0
2001,180338,1,1,0,0,0,0,0,0,0,0,0,0
2001,180339,1,1,0,0,0,0,0,0,0,0,0,0
2001,180339,2,1,0,0,0,0,0,12,0,0,0,0
2001,180339,3,1,0,14,0,0,0,0,0,0,0,0
2001,180340,1,1,23,23,23,23,23,23,23,23,23,23
2001,180341,1,1,0,0,0,0,0,0,0,0,0,0
2001,180341,2,1,4,0,12,0,0,9,0,0,5,0
2001,180342,1,1,0,0,0,0,0,0,0,0,0,0
2001,180343,0,1,5,47,0,20,0,0,0,0,20,14
2001,180343,1,1,0,0,0,0,0,0,0,0,0,0
2001,180344,1,1,4,4,4,4,4,4,4,4,4,4
2001,180344,2,1,10,10,10,10,10,10,10,10,10,10
2001,180344,3,1,2,2,2,2,2,2,2,2,2,2
2001,180345,1,1,7,7,7,7,7,7,7,7,7,7
2001,180346,1,1,18,18,18,18,18,18,18,18,18,18
2001,180346,2,1,0,0,0,0,0,0,0,0,0,0
2001,180347,1,1,14,14,14,14,14,14,14,14,14,14
2001,180348,1,1,0,0,0,0,0,0,0,0,0,0
2001,180349,1,1,0,0,0,0,0,0,0,0,0,0
2001,180350,0,1,11,0,0,0,8,0,27,15,17,0
2001,180350,1,1,11,7,16,21,0,0,22,0,0,0
2001,180350,2,1,0,0,0,0,0,0,0,0,0,0
2001,180351,1,1,0,0,0,0,0,0,0,0,0,0
2001,180351,2,1,0,0,0,0,0,0,0,0,0,0
2001,180352,1,1,0,0,0,19,0,0,0,0,0,0
2001,180352,2,1,0,0,0,0,0,0,0,0,0,0
2001,180353,1,1,10,10,10,10,10,10,10,10,10,10
2001,180354,1,1,0,0,0,0,0,0,0,0,0,0
2001,180355,1,1,0,0,0,0,0,0,0,0,0,0
2001,180355,2,1,0,0,0,0,0,0,0,0,0,0
2001,180355,3,1,0,0,0,0,0,0,0,0,0,0
2001,180356,1,1,0,0,0,0,0,0,0,0,0,0
2001,180356,2,1,0,0,0,0,0,0,0,0,0,0
2001,180357,1,1,20,31,15,15,13,22,14,26,22,25
2001,180358,1,1,22,0,0,24,18,20,14,0,12,6
2001,180359,1,1,0,0,0,0,0,0,0,0,0,0
2001,180360,1,1,39,39,39,39,39,39,39,39,39,39
2001,180360,2,1,11,11,11,11,11,11,11,11,11,11
2001,180361,1,1,17,17,17,17,17,17,17,17,17,17
2001,180362,1,1,0,0,0,0,0,0,0,0,0,0
2001,180362,2,1,0,0,0,0,0,0,0,0,0,0
2001,180363,1,1,0,0,0,0,0,0,0,0,0,0
2001,180364,1,1,0,0,0,0,0,0,0,0,0,0
2001,180364,2,1,4,0,0,0,0,0,0,0,0,0
2001,180365,1,1,11,11,11,11,11,11,11,11,11,11
2001,180366,1,1,0,0,0,0,0,0,0,0,0,0
2001,180367,1,1,10,10,10,10,10,10,10,10,10,10
2001,180368,0,1,0,0,19,0,18,0,0,0,0,0
2001,180368,1,1,0,0,0,0,0,0,0,0,0,0
2001,180369,1,1,0,0,0,0,0,0,0,0,0,0
2001,180369,2,1,0,0,0,0,0,0,0,0,0,0
2001,180369,3,1,0,0,0,0,0,0,0,0,0,0
2001,180370,1,1,0,0,0,0,0,0,0,0,0,0
2001,180370,2,1,0,0,0,0,0,0,0,0,0,0
2001,180371,1,1,0,0,0,0,0,0,0,0,0,0
2001,180372,1,1,14,0,0,16,0,4,0,0,8,0
2001,180373,1,1,15,15,15,15,15,15,15,15,15,15
2001,180374,0,1,0,0,17,0,0,0,0,0,0,0
2001,180374,1,1,0,0,0,0,0,0,0,0,0,0
2001,180375,1,1,29,29,29,29,29,29,29,29,29,29
2001,180376,1,1,0,0,0,0,0,0,0,0,0,0
2001,180377,1,1,9,9,9,9,9,9,9,9,9,9
2001,180378,1,1,3,3,3,3,3,3,3,3,3,3
2001,180379,1,1,13,13,13,13,13,13,13,13,13,13
2001,180380,1,1,0,0,0,0,0,0,0,0,0,0
2001,180380,2,1,0,0,0,0,0,0,0,0,0,0
2001,180381,1,1,22,0,0,0,24,14,13,0,0,15
2001,180382,1,1,0,0,0,0,0,0,0,0,0,0
2001,180383,1,1,0,0,0,0,0,0,0,0,0,0
2001,180383,2,1,0,0,0,0,0,0,0,0,0,0
2001,180384,1,1,0,0,0,0,0,0,0,0,0,0
2001,180384,2,1,0,0,0,0,0,0,0,0,0,0
2001,180384,3,1,0,0,0,0,0,0,0,0,0,0
2001,180385,1,1,0,0,0,0,0,0,0,0,0,0
2001,180386,1,1,3,3,3,3,3,3,3,3,3,3
2001,180387,0,1,0,0,0,0,0,0,0,0,0,0
2001,180387,1,1,0,0,0,0,0,0,0,0,0,0
2001,180388,1,1,0,0,0,0,18,0,0,0,0,0
2001,180389,0,1,0,0,0,9,0,0,0,0,0,0
2001,180389,1,1,0,0,0,0,0,0,0,0,0,0
2001,180390,1,1,13,13,13,13,13,13,13,13,13,13
2001,180390,2,1,0,0,12,3,18,0,11,12,0,10
2001,180391,1,1,1,1,1,1,1,1,1,1,1,1
2001,180391,2,1,0,0,0,0,0,0,0,0,0,0
2001,180392,1,1,21,21,21,21,21,21,21,21,21,21
2001,180393,1,1,2,2,2,2,2,2,2,2,2,2
2001,180393,2,1,10,0,0,0,0,0,0,0,0,0
2001,180394,1,1,0,0,0,0,0,0,0,0,0,0
2001,180394,2,1,0,0,0,0,0,0,0,0,0,0
2001,180395,1,1,0,9,0,0,0,0,0,0,0,0
2001,180395,2,1,15,15,15,15,15,15,15,15,15,15
2001,180396,1,1,0,11,19,7,0,0,21,0,0,17
2001,180396,2,1,0,0,0,0,0,0,0,0,0,0
2001,180397,1,1,2,2,2,2,2,2,2,2,2,2
2001,180398,1,1,37,11,33,13,18,28,27,0,12,27
2001,180399,1,1,0,0,0,0,0,0,0,0,0,0
2001,180399,2,1,0,0,0,0,0,0,0,0,0,0
2001,180400,1,1,7,7,7,7,7,7,7,7,7,7
2001,180401,1,1,25,25,25,25,25,25,25,25,25,25
2001,180401,2,2,0,0,0,0,0,0,0,0,0,0
2001,180402,1,1,0,0,10,10,19,19,27,17,19,19
2001,180403,1,1,0,0,0,0,0,0,0,12,14,0
2001,180403,2,1,0,0,0,3,0,0,0,0,0,0
2001,180404,1,1,15,15,15,15,15,15,15,15,15,15
2001,180405,1,1,0,0,0,0,0,0,0,0,0,0
2001,180406,1,1,0,0,0,0,0,0,0,0,0,0
2001,180406,2,1,0,0,0,0,0,0,0,0,0,0
2001,180407,1,1,18,18,18,18,18,18,18,18,18,18
2001,180408,1,1,0,0,0,20,0,0,0,0,0,0
2001,180408,2,1,0,0,0,0,0,0,0,0,0,0
2001,180409,1,1,0,0,0,0,0,0,0,0,0,0
2001,180410,1,1,0,0,0,0,0,0,0,0,0,0
2001,180410,2,1,0,0,0,0,0,0,0,0,0,0
2001,180411,1,1,0,0,0,0,0,0,0,0,0,0
2001,180411,2,1,0,0,0,0,0,0,0,0,0,0
2001,180412,1,1,0,0,0,0,0,0,0,0,0,0
2001,180413,1,1,28,28,28,28,28,28,28,28,28,28
2001,180414,1,1,0,0,0,0,0,0,0,0,0,0
2001,180414,2,1,0,0,0,11,0,0,23,14,0,0
2001,180415,1,1,0,0,0,0,0,0,0,0,0,0
2001,180416,1,1,0,0,0,0,0,0,0,0,0,0
2001,180417,1,1,0,0,0,0,0,0,0,0,0,0
2001,180417,2,1,0,0,0,0,0,0,0,0,0,0
2001,180418,0,1,0,0,0,0,0,0,0,0,0,0
2001,180418,1,1,6,6,6,6,6,6,6,6,6,6
2001,180419,1,1,0,0,0,0,0,0,0,0,0,0
2001,180420,1,1,0,0,0,0,0,0,10,0,0,0
2001,180421,1,1,15,15,15,15,15,15,15,15,15,15
2001,180422,1,1,0,0,0,0,0,0,0,0,0,0
2001,180422,2,1,0,0,0,0,0,0,0,0,0,0
2001,180423,1,1,0,0,0,0,0,0,0,0,0,0
2001,180423,2,1,0,0,0,0,0,0,0,0,0,0
2001,180424,1,1,0,0,0,0,0,0,0,0,0,0
2001,180424,2,1,0,0,0,0,0,0,0,15,0,0
2001,180425,1,1,0,0,0,0,0,0,0,0,0,0
2001,180426,1,1,0,0,0,0,0,0,0,0,0,0
2001,180426,2,1,0,0,0,0,0,0,0,0,0,0
2001,180427,1,1,5,0,0,0,21,0,0,0,0,8
2001,180428,1,1,0,0,0,0,0,0,0,0,0,0
2001,180429,1,1,0,0,0,0,0,0,0,0,0,0
2001,180429,2,1,0,0,0,0,0,0,0,0,0,0
2001,180430,1,1,34,19,17,25,19,30,37,18,11,32
2001,180431,1,1,0,14,20,22,0,15,0,17,0,0
2001,180432,1,1,23,0,0,0,0,0,0,0,0,11
2001,180432,2,1,0,0,0,0,0,0,0,0,0,10
2001,180433,1,1,22,22,22,22,22,22,22,22,22,22
2001,180433,2,1,0,0,0,0,0,0,0,0,0,0
2001,180434,1,1,0,0,0,0,0,0,0,0,0,16
2001,180434,2,1,0,0,0,0,0,0,0,0,0,0
2001,180435,1,1,0,0,0,0,0,0,0,0,0,0
2001,180436,1,4,6,38,25,0,16,19,12,7,0,15
2001,180437,1,1,0,0,0,0,0,0,0,0,0,0
2001,180438,1,1,27,27,27,27,27,27,27,27,27,27
2001,180439,1,1,0,0,0,0,0,0,0,0,0,0
2001,180440,1,1,0,0,0,0,0,0,0,0,0,0
2001,180440,2,1,0,0,0,0,0,0,0,0,0,0
2001,180441,0,1,0,0,0,0,0,0,0,0,39,0
2001,180441,1,1,0,0,0,0,0,0,0,0,0,0
2001,180442,1,1,0,0,0,0,0,0,0,0,0,0
2001,180442,2,1,0,0,0,0,0,0,0,0,0,0
2001,180443,1,1,0,0,0,0,0,0,0,0,0,0
2001,180443,2,1,0,0,0,0,0,0,0,0,0,0
2001,180444,1,1,0,0,0,0,0,0,0,0,0,0
2001,180444,2,1,0,0,0,0,0,0,0,0,0,0
2001,180445,1,1,0,0,0,0,0,0,0,0,0,0
2001,180445,2,1,0,0,0,0,0,0,0,0,0,0
2001,180446,1,1,0,0,0,0,0,0,0,0,0,0
2001,180446,2,1,0,0,0,0,0,0,0,0,0,0
2001,180447,1,1,0,0,0,0,0,0,0,0,36,0
2001,180447,2,1,0,0,0,0,0,0,0,0,0,0
2001,180448,1,1,0,0,0,0,0,0,0,0,0,0
2001,180448,2,1,0,0,0,0,0,0,0,0,0,0
2001,180449,1,1,0,0,0,0,0,0,0,0,0,0
2001,180450,1,1,0,0,0,0,0,0,0,0,0,0
2001,180450,2,1,0,0,0,0,0,0,0,5,0,0
2001,180451,1,1,8,8,8,8,8,8,8,8,8,8
2001,180451,2,1,0,0,0,0,0,0,0,0,0,0
2001,180452,1,1,0,0,0,0,0,0,0,0,0,0
2001,180452,2,1,0,0,0,0,0,0,0,0,0,0
2001,180453,1,1,9,9,9,9,9,9,9,9,9,9
2001,180453,2,1,0,0,0,0,0,0,0,0,7,0
2001,180454,1,1,0,0,0,0,0,0,0,0,0,18
2001,180454,2,1,0,0,0,0,0,0,0,0,0,0
2001,180455,1,1,0,0,0,0,0,0,0,0,0,0
2001,180455,2,1,0,0,0,0,0,0,0,0,0,0
2001,180456,1,1,0,0,0,0,0,0,0,0,0,0
2001,180457,1,1,0,0,0,0,0,0,0,0,0,0
2001,180458,1,1,11,11,11,11,11,11,11,11,11,11
2001,180459,1,1,0,0,0,0,14,0,0,0,0,0
2001,180459,2,1,7,0,17,0,12,0,0,0,0,0
2001,180460,1,1,0,0,0,0,0,0,0,0,0,0
2001,180460,2,1,0,0,0,0,0,0,0,0,0,0
2001,180461,1,1,7,7,7,7,7,7,7,7,7,7
2001,180462,1,1,0,0,0,0,0,0,0,0,0,0
2001,180462,2,1,0,0,0,0,0,0,0,0,0,0
2001,180463,1,1,6,6,6,6,6,6,6,6,6,6
2001,180463,2,1,6,6,6,6,6,6,6,6,6,6
2001,180464,1,1,0,0,0,0,20,0,11,0,0,0
2001,180465,1,1,0,0,0,0,0,0,0,0,0,0
2001,180465,2,1,8,17,0,0,0,0,8,0,0,0
2001,180466,1,1,25,25,25,25,25,25,25,25,25,25
2001,180466,2,1,0,0,0,0,0,0,0,0,0,0
2001,180467,1,1,0,0,0,0,0,0,0,0,0,0
2001,180467,2,1,0,0,0,0,0,0,0,0,0,0
2001,180468,1,1,5,5,5,5,5,5,5,5,5,5
2001,180468,2,1,0,0,0,0,0,0,0,0,0,0
2001,180468,3,1,0,0,0,0,0,0,0,0,0,0
2001,180469,1,1,0,0,0,0,0,0,0,0,0,0
2001,180469,2,1,0,0,0,0,0,0,0,0,0,0
2001,180470,1,1,0,0,0,0,0,0,0,0,0,0
2001,180471,1,1,0,0,0,0,0,0,0,0,0,0
2001,180471,2,1,18,13,21,8,11,0,0,8,9,14
2001,180472,1,1,34,34,34,34,34,34,34,34,34,34
2001,180472,2,1,0,0,0,0,0,0,0,0,0,0
2001,180473,1,1,0,0,0,0,0,0,23,0,20,0
2001,180473,2,1,0,0,0,0,0,0,0,0,0,0
2001,180474,1,1,0,0,0,0,0,0,0,0,0,0
2001,180474,2,1,20,0,0,0,0,0,0,0,0,0
2001,180474,3,1,19,0,0,0,0,4,6,0,0,0
2001,180475,1,1,20,20,20,20,20,20,20,20,20,20
2001,180475,2,1,0,30,19,14,0,17,23,20,6,16
2001,180475,3,1,0,0,0,0,0,0,0,0,0,0
2001,180476,1,1,0,0,0,0,0,0,0,0,0,0
2001,180477,1,1,0,0,0,0,0,0,0,0,0,0
2001,180477,2,1,0,0,0,0,8,0,0,11,0,0
2001,180478,1,1,0,0,0,0,0,0,0,0,0,0
2001,180478,2,1,0,0,0,0,0,0,0,0,0,0
2001,180479,1,1,0,0,6,0,0,10,0,0,0,0
2001,180479,2,1,0,0,0,0,0,0,0,0,0,0
2001,180480,1,1,0,0,0,0,0,0,0,0,0,0
2001,180481,1,1,0,0,0,0,0,24,0,0,0,0
2001,180481,2,1,0,0,0,0,0,0,0,0,0,0
2001,180482,1,1,0,0,0,0,0,0,0,0,0,0
2001,180483,0,1,23,16,24,10,25,17,23,35,21,18
2001,180483,1,1,0,7,0,0,0,15,5,0,0,0
2001,180484,1,1,0,6,0,0,0,0,0,24,0,0
2001,180485,1,1,0,0,0,0,0,0,0,0,0,0
2001,180485,2,1,0,0,0,0,0,0,0,0,0,0
2001,180486,1,1,0,0,0,0,0,0,0,0,0,0
2001,180487,1,1,10,10,10,10,10,10,10,10,10,10
2001,180487,2,1,0,0,0,0,0,0,0,0,0,0
2001,180488,1,1,23,23,23,23,23,23,23,23,23,23
2001,180489,1,1,0,0,0,0,0,0,0,0,0,0
2001,180489,2,1,0,0,0,0,0,0,0,0,0,0
2001,180490,0,1,0,0,0,0,0,0,0,0,0,0
2001,180490,1,1,0,0,0,0,0,0,0,0,0,0
2001,180491,1,1,23,23,23,23,23,23,23,23,23,23
2001,180492,1,1,0,0,0,0,0,0,0,0,0,0
2001,180493,0,1,0,0,0,0,0,0,0,0,0,0
2001,180493,1,1,13,20,18,6,19,0,0,16,0,16
2001,180494,1,1,0,0,0,0,0,0,0,0,0,0
2001,180494,2,1,0,0,0,0,0,0,0,0,0,0
2001,180495,1,1,22,38,15,29,0,9,4,0,2,31
2001,180496,1,1,0,0,0,0,0,0,0,0,0,0
2001,180497,1,1,0,0,0,0,0,0,0,0,0,0
2001,180498,1,1,0,0,0,18,0,11,0,0,0,16
2001,180498,2,1,0,0,0,0,0,0,0,0,0,0
2001,180499,1,1,0,0,0,0,0,0,0,0,0,0
2001,180499,2,1,0,0,0,0,0,5,0,0,0,0
2001,180500,1,1,0,0,0,0,0,0,0,0,0,0
2001,180500,2,1,0,0,13,12,8,0,0,0,0,0
2001,180501,1,1,0,0,0,0,0,0,0,0,0,0
2001,180502,1,1,0,0,18,0,11,7,0,0,22,15
2001,180502,2,1,29,19,7,11,13,0,0,15,17,16
2001,180502,3,1,13,11,18,20,12,31,0,27,15,16
2001,180502,4,1,22,0,0,8,20,0,0,0,18,0
2001,180502,5,1,0,12,0,16,11,0,13,11,18,9
2001,180503,1,1,11,11,11,11,11,11,11,11,11,11
2001,180504,1,1,19,19,19,19,19,19,19,19,19,19
2001,180505,1,1,0,0,0,0,0,0,0,0,0,0
2001,180506,1,1,0,0,0,0,0,0,0,0,0,0
2001,180506,2,1,0,0,0,0,0,0,0,0,0,0
2001,180507,1,1,0,0,0,0,0,0,0,0,0,0
2001,180507,2,1,0,0,0,0,0,0,0,0,0,0
2001,180508,1,1,0,0,0,0,0,0,0,0,0,0
2001,180508,2,1,0,0,0,0,0,0,0,0,0,0
2001,180508,3,1,0,0,0,0,0,0,0,0,0,0
2001,180509,1,1,0,0,0,0,0,0,0,0,0,0
2001,180509,2,1,0,0,0,0,0,0,0,0,0,0
2001,180509,3,1,0,18,0,0,23,0,5,0,0,0
2001,180510,1,1,0,0,0,0,0,0,0,0,0,0
2001,180510,2,1,0,0,0,0,0,0,0,0,0,0
2001,180511,1,1,0,6,0,0,0,0,0,0,0,0
2001,180512,1,1,0,0,0,0,0,0,0,0,0,0
2001,180512,2,1,0,0,0,0,0,0,0,0,0,0
2001,180512,3,1,0,0,0,0,0,0,0,0,0,0
2001,180512,4,1,0,0,0,0,0,0,0,0,0,0
2001,180512,5,1,0,11,0,0,0,0,0,0,0,0
2001,180513,1,1,0,0,0,0,0,0,0,0,0,0
2001,180513,2,1,0,0,0,0,0,0,0,0,0,0
2001,180513,3,1,0,0,0,0,0,0,0,0,0,0
2001,180514,1,1,0,0,0,0,0,0,0,0,0,0
2001,180515,1,1,7,7,7,7,7,7,7,7,7,7
2001,180516,1,1,0,0,0,0,0,0,0,0,0,0
2001,180516,2,1,0,0,0,0,0,0,0,0,0,0
2001,180517,1,1,25,25,25,25,25,25,25,25,25,25
2001,180518,1,1,12,12,12,12,12,12,12,12,12,12
2001,180519,1,1,0,0,0,0,0,0,0,0,0,0
2001,180519,2,1,0,0,0,0,0,0,0,0,0,0
2001,180520,1,1,0,0,0,0,0,0,0,0,0,0
2001,180520,2,1,0,0,0,0,0,0,0,0,0,0
2001,180521,1,1,17,17,17,17,17,17,17,17,17,17
2001,180522,1,1,0,0,0,0,0,0,0,0,0,0
2001,180523,1,1,0,0,0,0,0,20,0,0,0,0
2001,180524,1,1,22,22,22,22,22,22,22,22,22,22
2001,180525,1,1,0,0,0,0,0,0,0,0,0,0
2001,180525,2,1,0,0,0,0,0,0,0,0,0,0
2001,180526,1,1,22,22,22,22,22,22,22,22,22,22
2001,180527,1,1,0,0,0,8,0,0,0,20,13,0
2001,180528,1,1,0,0,0,0,0,0,0,0,0,0
2001,180529,1,1,0,0,0,0,15,0,0,0,0,0
2001,180529,2,1,0,0,0,0,0,0,0,0,0,0
2001,180530,1,1,12,20,0,8,0,0,9,18,0,27
2001,180531,1,1,0,0,0,0,0,0,0,0,0,0
2001,180531,2,1,0,0,0,0,0,0,0,0,0,0
2001,180532,1,1,0,0,0,0,0,0,0,0,0,0
2001,180532,2,1,0,0,0,0,0,0,0,0,0,0
2001,180533,1,1,5,5,5,5,5,5,5,5,5,5
2001,180534,1,1,0,0,0,0,0,0,0,0,0,0
2001,180535,1,1,16,20,19,15,0,17,22,16,22,19
2001,180535,2,1,0,0,0,0,0,0,0,0,0,0
2001,180536,1,1,10,10,10,10,10,10,10,10,10,10
2001,180537,1,1,24,24,24,24,24,24,24,24,24,24
2001,180538,1,1,0,0,0,0,0,0,0,0,0,0
2001,180538,2,1,0,0,0,0,0,0,0,0,0,0
2001,180539,1,1,0,0,19,0,0,0,0,0,0,0
2001,180540,0,1,0,0,0,0,0,16,0,0,0,0
2001,180540,0,2,0,0,0,0,0,0,20,0,0,0
2001,180540,1,1,0,0,0,0,0,0,0,0,0,0
2001,180541,1,1,0,0,0,0,0,0,0,0,0,0
2001,180541,2,1,0,0,0,0,0,0,0,0,0,0
2001,180541,3,1,0,0,0,0,0,0,0,12,0,0
2001,180542,1,1,23,2,18,29,35,0,11,14,5,34
2001,180543,0,1,0,0,7,0,0,0,18,0,0,0
2001,180543,1,1,0,0,0,0,0,0,0,0,0,0
2001,180544,1,1,0,0,0,0,0,0,0,0,0,0
2001,180544,2,1,0,0,0,0,0,0,0,0,0,0
2001,180545,1,1,0,0,0,0,0,0,0,0,0,0
2001,180545,2,1,0,0,0,0,21,0,0,0,0,0
2001,180546,1,1,0,0,0,0,0,0,0,0,0,0
2001,180546,2,1,0,0,0,0,0,0,0,0,0,0
2001,180547,1,1,0,0,0,0,0,0,0,0,0,0
2001,180547,2,1,0,0,0,0,0,0,0,0,0,0
2001,180548,1,1,22,22,22,22,22,22,22,22,22,22
2001,180549,1,1,0,0,0,0,0,0,0,0,0,0
2001,180549,2,1,0,0,0,0,0,0,0,0,0,0
2001,180550,1,1,22,4,13,0,18,0,23,10,14,5
2001,180550,2,1,0,0,10,10,0,0,0,0,23,0
2001,180551,0,1,0,24,0,17,18,14,0,12,0,0
2001,180551,1,1,0,0,0,0,0,0,0,0,0,0
2001,180552,1,1,0,0,0,0,0,0,0,0,0,0
2001,180552,2,1,0,0,0,0,0,0,0,0,0,0
2001,180553,1,1,0,0,4,0,0,0,0,0,0,0
2001,180553,2,1,0,0,0,0,0,0,0,0,0,0
2001,180554,1,1,0,0,0,0,0,0,0,0,0,0
2001,180554,2,1,0,0,9,0,4,19,10,0,0,0
2001,180555,1,1,0,0,0,0,0,0,0,0,0,0
2001,180555,2,1,0,0,0,0,0,0,0,0,0,0
2001,180556,1,1,0,0,0,0,0,0,0,0,0,0
2001,180557,1,1,0,0,10,0,0,0,0,0,0,0
2001,180557,2,1,0,15,0,0,0,0,0,0,0,0
2001,180558,1,1,0,0,0,0,0,0,0,0,0,0
2001,180558,2,1,0,0,0,0,0,0,0,0,0,0
2001,180559,1,1,0,0,0,0,0,0,0,0,0,0
2001,180560,1,1,0,0,0,0,0,0,0,0,0,0
2001,180560,2,1,0,0,0,0,0,0,0,0,0,0
2001,180561,1,1,0,0,0,0,0,0,0,0,0,0
2001,180561,2,1,0,0,0,0,0,0,0,0,0,0
2001,180561,3,1,0,0,0,0,0,0,0,0,0,0
2001,180562,1,1,20,26,16,16,24,17,17,0,0,0
2001,180563,1,1,25,25,25,25,25,25,25,25,25,25
2001,180563,2,1,0,0,0,12,0,0,0,0,0,0
2001,180564,1,1,16,11,10,0,30,27,2,0,0,14
2001,180565,1,1,15,15,15,15,15,15,15,15,15,15
2001,180566,1,1,0,0,0,0,0,0,0,0,0,0
2001,180566,2,1,0,0,0,0,9,0,0,0,0,0
2001,180567,1,1,0,0,0,0,0,0,0,0,0,0
2001,180567,2,1,0,0,0,0,0,0,0,0,0,0
2001,180568,1,1,0,0,0,0,0,0,0,0,0,0
2001,180568,2,1,0,0,0,0,0,0,0,0,0,0
2001,180569,1,1,25,25,25,25,25,25,25,25,25,25
2001,180570,1,1,0,0,0,0,0,0,0,0,0,0
2001,180570,2,1,0,0,0,0,0,0,0,0,0,0
2001,180571,1,1,0,0,0,0,0,0,0,0,0,0
2001,180571,2,1,0,0,0,0,0,0,0,0,0,0
2001,180572,0,1,0,0,0,0,0,0,0,0,0,0
2001,180572,1,1,0,0,0,0,0,0,0,0,0,0
2001,180573,1,1,0,0,0,0,0,0,0,0,0,0
2001,180574,1,1,18,18,18,18,18,18,18,18,18,18
2001,180575,1,1,0,0,0,0,0,0,0,0,0,0
2001,180576,1,1,0,0,0,0,0,0,0,0,0,0
2001,180576,2,1,0,0,0,0,0,0,0,0,0,0
2001,180577,1,1,0,0,0,0,0,0,0,0,0,0
2001,180577,2,1,0,0,0,0,0,0,0,0,0,0
2001,180578,1,1,15,15,15,15,15,15,15,15,15,15
2001,180579,1,1,0,0,0,0,0,15,0,0,0,19
2001,180579,2,1,0,0,0,0,0,0,0,0,0,0
2001,180580,1,1,0,0,0,0,0,0,0,0,5,20
2001,180580,2,1,22,0,0,0,0,0,0,0,0,18
2001,180581,1,1,0,0,0,0,0,0,0,0,0,0
2001,180582,1,1,0,0,0,0,0,11,36,0,0,0
2001,180583,0,1,0,0,0,0,0,0,0,0,0,0
2001,180583,0,2,0,0,0,0,0,0,0,0,0,0
2001,180583,1,1,0,0,0,0,0,0,0,0,0,0
2001,180584,1,1,5,5,5,5,5,5,5,5,5,5
2001,180584,2,1,0,0,0,0,0,0,0,0,0,0
2001,180584,3,1,0,0,0,0,0,0,0,0,0,0
2001,180585,1,1,0,0,0,0,0,0,0,0,12,0
2001,180586,1,1,0,0,0,0,0,0,0,0,0,0
2001,180586,2,1,0,0,0,0,0,0,0,0,0,0
2001,180587,1,1,17,0,0,0,0,0,0,0,0,0
2001,180587,2,1,0,0,0,0,0,0,0,0,0,0
2001,180588,1,1,0,0,17,0,0,23,0,0,0,0
2001,180589,1,1,7,7,7,7,7,7,7,7,7,7
2001,180590,0,1,0,5,0,15,0,14,0,12,0,19
2001,180590,1,1,0,0,0,0,0,0,0,0,0,0
2001,180591,1,1,0,0,0,0,0,0,0,0,0,0
2001,180591,2,1,0,0,0,0,0,0,0,0,0,0
2001,180592,1,1,26,26,26,26,26,26,26,26,26,26
2001,180593,1,1,0,0,0,0,0,0,0,0,0,0
2001,180593,2,1,0,0,0,0,0,0,0,0,0,0
2001,180594,1,1,0,0,0,0,0,0,0,0,0,0
2001,180595,1,1,0,22,29,0,0,0,11,0,0,0
2001,180596,1,1,0,0,0,0,0,0,0,0,0,0
2001,180596,2,1,0,0,0,0,0,0,0,0,0,0
2001,180597,1,1,24,12,34,28,13,16,6,11,15,26
2001,180598,1,1,0,0,0,0,0,0,0,0,0,0
2001,180599,1,1,26,26,26,26,26,26,26,26,26,26
2001,180600,1,1,0,0,0,0,0,0,0,0,0,0
2001,180600,2,1,0,0,0,0,0,0,0,0,0,0
2001,180601,1,1,0,0,0,0,0,0,0,0,0,0
2001,180601,2,1,0,0,0,0,0,0,0,0,0,0
2001,180602,1,1,0,0,0,0,0,0,0,0,0,0
2001,180603,1,1,0,0,0,0,0,0,0,0,0,0
2001,180604,1,1,0,0,0,0,0,0,0,0,0,0
2001,180604,2,1,0,0,0,0,0,0,0,0,0,0
2001,180604,3,1,0,0,0,0,0,0,0,0,0,0
2001,180604,4,1,0,0,0,0,0,0,0,0,0,0