YEAR,st_case,veh_no,per_no,P1,P2,P3,P4,P5,P6,P7,P8,P9,P10
2001,210706,1,1,0,0,0,0,0,0,0,0,0,0
2001,210706,2,1,0,0,0,0,0,0,0,0,0,0
2001,210706,3,1,0,0,0,0,0,0,0,0,0,0
2001,210706,4,1,0,0,0,0,0,0,0,0,0,0
2001,210706,5,1,0,0,0,0,0,0,0,0,0,0
2001,210706,6,1,0,0,0,0,0,0,0,0,0,0
2001,210706,7,1,0,0,0,0,0,0,17,0,0,0
2001,210706,8,1,0,0,0,0,0,0,0,0,0,0
2001,210707,1,1,18,18,18,18,18,18,18,18,18,18
2001,210708,1,1,0,0,0,0,0,0,0,0,0,0
2001,210709,1,1,0,0,0,0,14,0,0,0,0,23
2001,210710,1,1,0,0,0,0,40,0,27,0,0,0
2001,210711,1,1,0,0,0,0,0,0,0,0,0,0
2001,210711,2,1,0,0,0,0,0,0,0,0,0,0
2001,210712,1,1,14,0,18,11,2,13,17,27,8,14
2001,210713,1,1,0,0,0,0,0,0,0,0,18,0
2001,210713,2,1,0,0,0,0,0,0,0,0,0,0
2001,210714,1,1,0,0,0,12,24,0,0,0,0,0
2001,210714,2,1,0,0,0,0,0,0,0,0,0,0
2001,210715,1,1,0,0,0,28,0,0,0,0,0,0
2001,210715,2,1,0,0,0,0,0,0,0,0,0,0
2001,210716,1,1,0,0,0,0,0,0,15,0,0,0
2001,210716,2,1,0,0,0,0,0,0,0,0,0,0
2001,210717,1,1,0,0,0,0,0,0,0,0,0,0
2001,210717,2,1,0,0,10,0,0,0,0,0,0,0
2001,210718,1,1,0,0,0,0,0,0,0,0,0,0
2001,210718,2,1,0,0,0,0,0,0,0,0,0,0
2001,210719,1,1,0,0,0,0,0,0,0,0,0,0
2001,210719,2,1,0,0,0,0,0,0,0,0,0,0
2001,210720,0,1,0,0,0,0,0,0,0,0,0,0
2001,210720,1,1,0,0,0,0,0,0,0,0,0,0
2001,210721,1,1,0,0,0,11,0,0,0,0,0,0
2001,210722,1,1,0,0,9,0,0,0,0,8,0,0
2001,210723,0,1,0,22,0,22,0,0,0,0,0,0
2001,210723,1,1,0,0,0,0,0,0,0,0,0,0
2001,210724,1,1,0,0,0,0,0,0,0,0,0,0
2001,210725,1,1,0,0,0,0,0,0,0,0,0,0
2001,210726,1,1,2,2,2,2,2,2,2,2,2,2
2001,210727,1,1,14,14,14,14,14,14,14,14,14,14
2001,210727,2,1,0,0,0,0,0,0,0,0,0,0
2001,210728,1,1,0,0,0,0,0,0,0,0,0,0
2001,210729,1,1,0,0,0,0,0,0,0,0,0,0
2001,210729,2,1,0,0,0,0,0,0,0,0,0,0
2001,210730,1,1,0,0,0,0,0,0,0,0,0,0
2001,210731,1,1,0,45,19,27,18,14,2,0,22,20
2001,210731,2,1,0,0,0,0,0,0,0,0,0,0
2001,210732,0,1,0,13,0,0,0,0,0,0,0,0
2001,210732,1,1,0,0,0,0,0,0,0,0,0,0
2001,210733,1,1,0,0,0,0,0,0,0,0,0,0
2001,210733,2,1,0,0,0,0,0,0,0,0,0,0
2001,210734,1,1,13,16,0,14,0,15,0,18,0,0
2001,210735,1,1,0,0,0,0,0,0,0,0,0,0
2001,210735,2,1,0,0,0,0,0,0,0,0,0,0
2001,210736,1,1,19,19,19,19,19,19,19,19,19,19
2001,210737,1,1,0,7,12,0,0,0,0,0,0,0
2001,210738,1,1,0,0,0,0,0,0,0,0,0,0
2001,210739,1,1,0,0,0,0,0,0,0,0,0,0
2001,210740,1,1,0,0,17,0,0,0,0,8,0,0
2001,210740,2,1,0,0,0,0,0,0,0,0,0,0
2001,210741,1,1,20,20,20,20,20,20,20,20,20,20
2001,210741,2,1,0,0,0,0,0,0,0,0,0,0
2001,210742,1,1,14,0,0,25,0,0,0,14,0,5
2001,210743,0,1,0,0,0,0,0,0,0,0,0,0
2001,210743,1,1,0,0,0,0,0,0,0,0,0,0
2001,210744,1,1,0,0,0,0,0,0,0,0,0,0
2001,210744,2,1,0,0,0,0,0,0,0,0,0,0
2001,210744,3,1,0,0,0,0,0,0,0,0,0,0
2001,210745,1,1,0,0,0,0,0,0,0,0,0,0
2001,210745,2,1,0,0,0,0,0,0,0,0,0,0
2001,210746,1,1,0,0,0,0,0,0,0,0,0,0
2001,210746,2,1,0,0,0,0,0,0,0,0,0,0
2001,210747,1,1,0,0,0,0,0,0,0,0,0,0
2001,210747,2,1,0,0,0,0,0,0,0,0,0,0
2001,210748,1,1,0,26,0,0,26,14,0,20,0,0
2001,210749,1,1,0,0,0,0,0,0,0,0,0,0
2001,210750,1,1,0,0,0,0,0,0,0,0,0,0
2001,210751,1,1,9,9,9,9,9,9,9,9,9,9
2001,210751,2,1,0,0,0,0,0,0,0,0,0,0
2001,210752,1,1,29,29,29,29,29,29,29,29,29,29
2001,210753,1,1,0,0,0,0,0,0,0,0,0,0
2001,210753,2,1,0,0,0,0,0,0,0,0,0,0
2001,210754,0,1,14,14,14,14,14,14,14,14,14,14
2001,210754,1,1,0,0,0,0,0,0,0,0,0,0
2001,210755,1,1,23,40,11,13,26,8,19,13,16,10
2001,210756,1,1,0,0,0,0,0,0,0,0,0,0
2001,210756,2,1,0,0,0,0,0,0,0,0,0,0
2001,210757,1,1,9,9,9,9,9,9,9,9,9,9
2001,210758,1,1,0,0,0,0,0,0,0,0,0,0
2001,210759,1,1,0,0,0,0,0,14,0,0,0,0
2001,210759,2,1,0,0,0,0,0,0,0,0,0,0
2001,210760,1,1,20,16,8,25,9,14,28,23,17,26
2001,210761,1,1,0,0,0,0,0,0,0,0,0,0
2001,210762,1,1,0,0,0,0,0,0,0,0,0,0
2001,210763,1,1,0,0,0,0,0,0,0,0,0,0
2001,210764,1,1,0,0,0,0,0,0,0,0,20,0
2001,210764,2,1,0,0,0,0,0,0,0,0,0,0
2001,220001,1,1,10,10,10,10,10,10,10,10,10,10
2001,220002,1,1,19,19,19,19,19,19,19,19,19,19
2001,220003,1,1,8,8,8,8,8,8,8,8,8,8
2001,220004,1,1,16,16,16,16,16,16,16,16,16,16
2001,220005,1,1,0,0,0,0,12,0,16,9,0,19
2001,220006,1,1,0,0,0,7,22,4,23,28,14,10
2001,220007,1,1,4,4,4,4,4,4,4,4,4,4
2001,220008,1,1,0,0,0,0,0,0,0,0,0,0
2001,220008,2,1,0,0,19,0,0,0,10,0,0,0
2001,220008,3,1,0,0,0,12,0,0,0,0,0,0
2001,220009,1,1,0,0,0,0,0,0,0,0,0,0
2001,220009,2,1,0,0,0,0,0,0,0,0,0,0
2001,220010,1,1,2,2,2,2,2,2,2,2,2,2
2001,220011,1,1,13,13,13,13,13,13,13,13,13,13
2001,220011,2,1,0,0,0,0,0,0,0,0,0,0
2001,220011,3,1,0,0,0,0,0,0,0,0,0,0
2001,220012,1,1,0,0,0,0,0,0,0,0,0,0
2001,220012,2,1,0,0,0,0,0,0,0,0,0,0
2001,220013,1,1,0,0,0,0,0,0,0,0,0,0
2001,220014,1,1,0,0,0,0,0,0,0,0,0,0
2001,220015,1,1,16,16,16,16,16,16,16,16,16,16
2001,220016,1,1,3,3,3,3,3,3,3,3,3,3
2001,220016,2,1,0,0,0,0,0,0,0,0,0,0
2001,220017,1,1,15,0,0,0,0,9,0,19,0,20
2001,220018,1,1,7,7,7,7,7,7,7,7,7,7
2001,220019,1,1,0,0,0,0,0,0,0,0,0,0
2001,220019,2,1,0,0,0,0,0,0,0,0,0,0
2001,220020,1,1,0,0,27,0,17,0,0,0,6,0
2001,220021,0,1,0,0,0,0,0,0,0,0,0,0
2001,220021,1,1,0,0,9,17,17,8,0,23,0,18
2001,220022,1,1,14,14,14,14,14,14,14,14,14,14
2001,220022,2,1,0,0,0,0,0,0,0,0,0,0
2001,220024,1,1,0,0,0,0,0,0,0,0,0,0
2001,220024,2,1,0,0,0,0,0,0,0,0,0,0
2001,220025,1,1,0,0,0,0,0,0,0,0,0,0
2001,220025,2,1,0,0,0,0,0,0,0,0,0,0
2001,220025,3,1,0,0,0,0,0,0,0,0,0,0
2001,220026,1,1,3,3,3,3,3,3,3,3,3,3
2001,220027,1,1,14,14,14,14,14,14,14,14,14,14
2001,220028,1,1,0,0,0,0,0,0,0,0,0,0
2001,220028,2,1,0,0,0,0,0,0,0,0,0,0
2001,220029,1,1,0,0,0,12,0,0,0,0,0,25
2001,220029,2,1,0,0,0,0,0,0,0,0,0,0
2001,220030,1,1,15,0,0,0,14,12,0,0,0,14
2001,220030,2,1,0,0,0,6,0,0,0,0,0,0
2001,220031,1,1,0,0,0,0,0,0,0,0,0,0
2001,220032,1,1,0,0,0,0,0,0,0,0,0,0
2001,220033,1,1,0,0,0,0,0,0,0,0,0,0
2001,220034,1,1,0,0,0,0,0,0,0,0,0,0
2001,220035,1,1,15,15,7,9,24,10,11,6,13,16
2001,220036,1,1,0,0,0,0,0,0,0,0,0,0
2001,220037,1,1,9,9,9,9,9,9,9,9,9,9
2001,220038,1,1,38,38,38,38,38,38,38,38,38,38
2001,220039,1,1,26,26,26,26,26,26,26,26,26,26
2001,220039,2,1,0,0,0,0,0,0,0,0,0,0
2001,220040,1,1,23,23,23,23,23,23,23,23,23,23
2001,220040,2,1,0,0,0,0,0,0,0,0,0,0
2001,220041,0,1,0,0,0,0,0,0,0,0,0,0
2001,220041,0,2,0,0,0,0,0,0,0,0,0,0
2001,220041,1,1,0,0,0,0,0,0,0,0,0,0
2001,220042,1,1,0,0,0,0,0,0,0,0,0,0
2001,220042,2,1,0,0,0,0,0,0,0,0,0,0
2001,220043,0,1,30,0,0,0,0,17,0,0,0,13
2001,220043,0,2,0,0,0,0,0,0,0,0,0,0
2001,220043,1,1,0,0,0,0,0,0,0,0,0,0
2001,220044,1,1,0,0,0,0,0,0,0,0,0,0
2001,220044,2,1,0,0,0,0,0,0,0,0,0,0
2001,220045,1,1,21,21,21,21,21,21,21,21,21,21
2001,220046,1,1,0,0,0,0,0,0,0,0,0,0
2001,220046,2,1,0,0,0,0,0,0,0,0,0,0
2001,220047,1,1,25,25,25,25,25,25,25,25,25,25
2001,220048,1,1,20,20,20,20,20,20,20,20,20,20
2001,220048,2,1,0,0,0,0,0,0,0,0,0,0
2001,220049,1,1,0,0,0,0,0,0,0,0,0,0
2001,220049,2,1,0,0,0,0,0,0,0,0,0,0
2001,220050,1,1,3,3,3,3,3,3,3,3,3,3
2001,220050,2,1,0,0,0,0,0,0,0,0,0,0
2001,220051,1,1,0,0,0,0,0,0,0,0,0,0
2001,220052,1,1,15,15,15,15,15,15,15,15,15,15
2001,220053,1,1,18,18,18,18,18,18,18,18,18,18
2001,220053,2,1,0,0,0,0,0,0,0,0,0,0
2001,220054,1,1,0,0,0,0,0,0,0,0,0,0
2001,220055,1,1,0,0,0,0,0,0,0,0,0,0
2001,220056,0,1,0,0,0,0,0,0,0,0,0,0
2001,220056,1,1,0,0,0,0,0,0,0,0,0,0
2001,220057,0,1,27,27,27,27,27,27,27,27,27,27
2001,220057,1,1,8,9,0,0,0,4,0,0,0,0
2001,220058,1,1,11,11,11,11,11,11,11,11,11,11
2001,220058,2,1,0,0,0,20,0,0,0,0,0,0
2001,220059,0,1,19,19,19,19,19,19,19,19,19,19
2001,220059,1,1,0,0,0,0,0,0,0,11,0,0
2001,220060,1,1,0,0,0,0,0,0,0,0,0,0
2001,220061,1,1,0,0,21,0,16,0,0,0,0,0
2001,220061,2,1,0,0,0,0,0,0,0,0,0,0
2001,220062,1,1,0,0,0,0,0,24,23,0,0,0
2001,220063,1,1,0,0,0,0,0,0,0,0,0,0
2001,220063,2,1,0,0,0,0,0,0,0,0,0,0
2001,220064,1,1,18,18,18,18,18,18,18,18,18,18
2001,220065,1,1,0,0,0,0,0,0,0,0,0,0
2001,220066,1,1,18,18,18,18,18,18,18,18,18,18
2001,220066,2,1,0,0,0,0,0,0,0,0,0,0
2001,220067,0,1,12,15,0,24,22,0,19,0,15,7
2001,220067,1,1,0,0,0,0,0,0,0,0,0,0
2001,220068,1,1,0,0,0,0,0,0,0,0,0,0
2001,220069,1,1,0,0,0,0,0,0,0,0,0,0
2001,220070,0,1,0,0,18,23,0,0,0,0,15,40
2001,220070,1,1,7,7,7,7,7,7,7,7,7,7
2001,220071,1,1,21,21,21,21,21,21,21,21,21,21
2001,220072,1,1,20,20,20,20,20,20,20,20,20,20
2001,220073,1,1,0,0,0,0,0,0,0,0,0,0
2001,220074,1,1,13,0,24,8,29,0,0,20,5,0
2001,220075,1,1,20,20,20,20,20,20,20,20,20,20
2001,220076,1,1,0,0,0,0,0,0,0,7,0,0
2001,220076,2,1,0,0,0,0,0,0,0,0,0,0
2001,220077,1,1,20,20,20,20,20,20,20,20,20,20
2001,220078,1,1,33,33,33,33,33,33,33,33,33,33
2001,220079,1,1,13,13,13,13,13,13,13,13,13,13
2001,220080,1,1,0,0,0,0,0,0,0,0,22,0
2001,220080,2,1,0,0,0,0,0,0,0,0,0,0
2001,220081,1,1,0,0,0,0,0,0,0,0,0,0
2001,220081,2,1,0,0,0,0,0,0,0,0,0,0
2001,220082,1,1,0,0,0,0,0,0,0,0,0,0
2001,220082,2,1,0,0,0,0,0,0,0,0,0,0
2001,220082,3,1,0,0,0,0,3,0,0,0,0,0
2001,220082,4,1,0,0,0,0,0,0,0,0,0,0
2001,220082,5,1,0,0,0,0,0,0,0,0,0,0
2001,220083,1,1,20,27,29,24,35,23,25,6,20,33
2001,220084,1,1,3,3,3,3,3,3,3,3,3,3
2001,220085,1,1,11,11,11,11,11,11,11,11,11,11
2001,220085,2,1,0,0,0,0,0,0,0,0,0,0
2001,220086,1,1,0,0,0,0,0,0,0,0,0,0
2001,220086,2,1,0,0,0,0,0,0,0,0,0,0
2001,220087,1,1,16,16,16,16,16,16,16,16,16,16
2001,220088,1,1,21,21,21,21,21,21,21,21,21,21
2001,220089,1,1,11,11,11,11,11,11,11,11,11,11
2001,220090,1,1,0,0,0,0,0,0,0,0,0,0
2001,220090,2,1,0,0,0,0,0,0,0,0,0,0
2001,220091,1,1,0,0,0,0,0,0,0,0,0,0
2001,220091,2,1,0,0,0,0,0,0,0,0,0,0
2001,220091,3,1,0,0,0,0,0,0,0,0,0,0
2001,220092,1,1,0,0,0,0,0,0,0,0,0,0
2001,220092,2,1,0,0,0,0,0,0,0,0,0,0
2001,220093,1,1,18,18,18,18,18,18,18,18,18,18
2001,220093,2,1,0,0,0,0,0,0,0,0,0,0
2001,220094,1,1,0,0,0,0,0,0,0,0,0,0
2001,220094,2,1,3,3,3,3,3,3,3,3,3,3
2001,220095,1,1,0,0,0,0,0,0,0,0,0,0
2001,220095,2,1,0,0,0,0,0,0,0,0,0,0
2001,220096,1,1,1,1,1,1,1,1,1,1,1,1
2001,220097,0,1,0,0,0,0,0,0,0,0,0,0
2001,220097,1,1,0,0,0,0,0,0,0,0,0,0
2001,220098,1,1,0,0,0,0,0,0,0,0,0,0
2001,220098,2,1,0,0,0,0,0,0,0,0,0,0
2001,220099,0,1,0,0,0,0,0,34,0,0,0,0
2001,220099,1,1,0,0,0,0,0,0,0,0,0,0
2001,220100,1,1,0,0,0,0,0,0,0,0,0,0
2001,220100,2,1,0,24,0,0,0,0,0,0,0,0
2001,220101,0,1,32,32,32,32,32,32,32,32,32,32
2001,220101,1,1,0,0,0,0,0,0,0,0,0,0
2001,220102,1,1,18,18,18,18,18,18,18,18,18,18
2001,220102,2,1,0,0,0,0,0,0,0,0,0,17
2001,220103,0,1,21,21,21,21,21,21,21,21,21,21
2001,220103,1,1,0,0,0,0,0,0,0,0,0,0
2001,220104,1,1,0,0,0,0,0,0,0,0,0,0
2001,220104,2,1,0,0,0,0,0,0,0,0,0,0
2001,220105,1,1,15,15,15,15,15,15,15,15,15,15
2001,220106,0,1,0,0,12,14,0,0,0,0,16,29
2001,220106,0,2,11,0,0,15,15,0,0,0,13,27
2001,220106,1,1,4,4,4,4,4,4,4,4,4,4
2001,220106,2,1,0,0,0,0,0,0,0,0,0,0
2001,220106,3,1,0,0,0,0,0,0,0,0,0,0
2001,220107,1,1,14,14,14,14,14,14,14,14,14,14
2001,220108,1,1,0,0,0,0,0,0,0,0,0,0
2001,220109,1,1,21,0,28,0,0,0,0,0,0,0
2001,220110,0,1,0,0,9,14,0,0,20,19,23,0
2001,220110,1,1,0,0,0,0,0,0,0,0,0,0
2001,220111,1,1,21,0,0,0,0,0,0,0,0,0
2001,220112,1,1,0,0,0,0,0,0,0,0,0,0
2001,220112,2,1,0,0,0,0,0,0,0,0,0,0
2001,220113,1,1,0,3,0,11,0,0,0,0,0,0
2001,220114,1,1,0,17,0,0,0,14,10,0,19,26
2001,220115,1,1,0,0,0,0,0,0,0,0,0,0
2001,220115,2,1,0,0,0,0,0,0,0,0,0,0
2001,220116,0,1,0,16,33,0,18,0,9,19,11,0
2001,220116,1,1,0,0,0,0,0,0,0,0,0,0
2001,220117,1,1,0,0,0,0,0,0,0,0,0,0
2001,220117,2,1,0,0,0,0,0,0,0,0,0,0
2001,220118,1,1,0,0,0,0,0,0,0,0,0,0
2001,220118,2,1,0,0,0,0,0,0,0,0,0,0
2001,220119,1,1,0,0,0,0,0,0,0,0,0,0
2001,220120,1,1,0,0,0,0,0,0,0,0,0,0
2001,220120,2,1,0,0,0,0,0,0,0,0,0,24
2001,220121,1,1,0,0,0,0,0,0,0,0,0,0
2001,220122,1,1,14,14,14,14,14,14,14,14,14,14
2001,220123,1,2,16,24,2,22,25,16,17,24,18,28
2001,220124,0,1,19,19,19,19,19,19,19,19,19,19
2001,220124,1,1,0,0,0,0,0,0,0,0,0,0
2001,220125,1,1,0,0,0,0,0,0,0,0,0,0
2001,220125,2,1,0,0,0,0,0,0,0,0,0,0
2001,220126,1,1,33,33,33,33,33,33,33,33,33,33
2001,220127,1,1,0,0,0,0,0,0,0,0,0,18
2001,220127,2,1,7,0,0,0,0,0,0,0,20,0
2001,220128,1,1,0,19,0,15,0,0,8,0,23,0
2001,220129,1,1,0,0,0,0,0,0,0,0,0,0
2001,220130,0,1,25,24,0,32,23,9,11,16,18,19
2001,220130,1,1,0,0,0,0,0,0,0,0,0,0
2001,220131,0,1,27,27,27,27,27,27,27,27,27,27
2001,220131,1,1,0,0,0,0,0,0,0,0,0,0
2001,220132,1,1,16,0,0,11,0,13,21,14,0,17
2001,220133,1,1,0,0,0,0,0,0,0,0,0,0
2001,220134,1,1,2,2,2,2,2,2,2,2,2,2
2001,220135,1,1,24,24,24,24,24,24,24,24,24,24
2001,220136,1,1,9,9,9,9,9,9,9,9,9,9
2001,220137,1,1,20,20,20,20,20,20,20,20,20,20
2001,220137,2,1,0,0,0,0,0,0,0,0,0,0
2001,220138,1,1,18,18,18,18,18,18,18,18,18,18
2001,220139,1,1,20,8,13,25,17,19,11,7,18,15
2001,220140,1,1,11,0,0,0,0,0,0,0,0,20
2001,220140,2,1,0,0,0,0,0,0,0,0,0,0
2001,220141,1,1,0,0,0,0,0,0,0,0,0,0
2001,220141,2,1,0,0,0,0,0,0,0,0,0,0
2001,220141,3,1,0,0,0,0,0,0,0,0,0,0
2001,220141,4,1,0,0,0,0,0,0,0,0,0,0
2001,220142,1,1,0,0,0,0,0,0,0,0,0,0
2001,220142,2,1,0,0,0,0,0,0,0,0,0,0
2001,220142,3,1,0,0,0,0,0,0,0,0,0,0
2001,220142,4,1,0,0,0,0,0,0,0,0,0,0
2001,220143,0,1,5,5,5,5,5,5,5,5,5,5
2001,220143,1,1,0,0,0,0,0,0,0,0,0,0
2001,220144,1,1,0,0,0,0,0,0,0,0,0,0
2001,220144,2,1,0,0,0,0,0,0,0,0,0,0
2001,220145,0,1,22,22,22,22,22,22,22,22,22,22
2001,220145,1,1,22,22,22,22,22,22,22,22,22,22
2001,220146,1,1,24,0,11,0,0,9,2,16,0,0
2001,220146,2,1,0,19,0,0,0,0,0,0,8,0
2001,220147,1,1,33,33,33,33,33,33,33,33,33,33
2001,220148,1,1,0,0,0,31,0,0,0,7,0,12
2001,220148,2,1,0,0,0,0,0,0,0,0,0,0
2001,220149,1,1,0,0,0,0,0,0,0,0,0,0
2001,220149,2,1,0,0,17,0,0,0,0,0,0,0
2001,220150,1,1,12,0,0,0,18,9,0,16,0,0
2001,220150,2,1,0,0,0,0,0,0,0,0,0,0
2001,220151,1,1,0,0,0,0,0,0,0,0,0,0
2001,220151,2,1,0,0,0,0,0,0,0,0,0,0
2001,220151,3,1,0,0,0,0,0,0,0,0,0,0
2001,220152,1,1,0,0,0,0,0,0,0,0,0,0
2001,220152,2,1,0,0,0,0,0,0,0,0,0,0
2001,220153,1,1,25,0,19,0,0,0,0,27,4,16
2001,220154,1,1,0,0,0,0,0,0,0,0,0,0
2001,220155,1,1,10,10,10,10,10,10,10,10,10,10
2001,220156,1,1,0,0,0,0,0,0,0,0,0,0
2001,220156,2,1,0,0,0,4,0,0,0,0,0,0
2001,220156,3,1,0,0,0,0,0,0,0,0,12,0
2001,220157,1,1,26,26,26,26,26,26,26,26,26,26
2001,220158,0,1,16,0,0,19,6,0,21,0,0,21
2001,220158,1,1,3,3,3,3,3,3,3,3,3,3
2001,220159,1,1,9,12,17,36,11,0,11,20,8,20
2001,220160,1,1,0,0,0,0,0,0,0,0,0,0
2001,220161,1,1,0,0,0,0,0,0,0,0,0,0
2001,220162,1,1,0,0,20,0,0,0,18,14,0,25
2001,220162,2,1,8,0,0,0,0,0,0,0,12,9
2001,220162,3,1,0,0,0,0,0,0,0,0,0,0
2001,220163,0,1,0,0,0,0,0,0,0,0,0,0
2001,220163,2,1,13,13,13,13,13,13,13,13,13,13
2001,220164,1,1,0,0,0,0,0,0,0,0,0,0
2001,220165,1,1,0,0,0,0,0,0,0,0,0,0
2001,220165,2,1,0,0,26,0,0,0,0,0,0,0
2001,220166,0,1,0,0,0,0,0,0,0,0,0,0
2001,220166,1,1,0,0,0,0,0,0,0,0,0,0
2001,220167,1,1,19,19,19,19,19,19,19,19,19,19
2001,220168,1,1,30,30,30,30,30,30,30,30,30,30
2001,220169,1,1,0,0,0,0,0,0,0,0,0,0
2001,220169,2,1,0,0,0,0,0,0,0,0,0,0
2001,220170,0,1,0,0,0,0,0,0,0,0,0,0
2001,220170,1,1,0,0,0,0,0,0,0,0,0,0
2001,220171,1,1,0,0,0,0,0,0,0,0,0,0
2001,220172,1,1,12,12,12,12,12,12,12,12,12,12
2001,220172,2,1,0,0,10,0,0,0,0,0,9,13
2001,220173,1,1,0,0,0,0,0,0,0,0,0,0
2001,220173,2,1,0,0,0,0,0,0,0,0,0,0
2001,220174,1,1,4,4,4,4,4,4,4,4,4,4
2001,220174,2,1,18,18,18,18,18,18,18,18,18,18
2001,220174,3,1,11,11,11,11,11,11,11,11,11,11
2001,220175,1,1,24,24,24,24,24,24,24,24,24,24
2001,220176,1,1,0,0,0,0,0,0,0,0,0,0
2001,220177,0,1,0,0,0,0,0,15,13,0,0,0
2001,220177,1,1,0,0,0,0,0,0,0,0,17,0
2001,220178,0,1,0,0,0,0,0,0,0,0,0,0
2001,220178,1,1,0,0,0,0,0,0,0,0,0,0
2001,220179,0,1,0,0,0,0,4,5,0,0,0,0
2001,220179,1,1,26,0,0,0,0,0,0,0,0,0
2001,220180,1,1,10,10,10,10,10,10,10,10,10,10
2001,220181,0,1,25,19,32,0,0,15,0,0,0,0
2001,220181,1,1,0,15,9,20,0,7,24,23,14,32
2001,220182,1,1,0,0,0,0,0,0,0,25,0,0
2001,220183,1,1,29,20,0,28,23,27,10,0,35,20
2001,220184,1,1,6,6,6,6,6,6,6,6,6,6
2001,220184,2,1,5,18,0,14,0,12,26,0,3,14
2001,220185,1,1,0,0,0,0,0,0,0,0,0,0
2001,220185,2,1,0,0,0,0,0,0,0,0,0,0
2001,220186,1,1,0,0,0,0,0,20,0,9,0,0
2001,220187,1,1,0,0,0,0,0,0,0,0,0,0
2001,220188,1,1,0,0,0,0,0,0,0,0,0,0
2001,220189,1,1,0,0,0,0,0,0,0,0,0,0
2001,220189,2,1,0,0,0,0,0,0,0,0,0,0
2001,220190,1,1,0,0,0,0,0,0,0,0,0,0
2001,220190,2,1,0,0,0,0,0,0,0,0,0,0
2001,220191,1,1,21,21,21,21,21,21,21,21,21,21
2001,220192,1,1,0,0,0,0,0,0,0,0,0,0
2001,220192,2,1,0,0,0,0,0,0,0,0,0,0
2001,220192,3,1,0,0,0,0,0,0,0,0,0,0
2001,220193,1,1,0,0,0,0,0,0,0,0,0,0
2001,220193,2,1,0,0,0,0,0,0,0,0,0,0
2001,220194,1,1,0,0,0,0,0,0,0,0,0,0
2001,220195,1,1,0,0,0,0,0,0,0,0,0,0
2001,220195,2,1,0,0,0,0,0,0,0,0,0,0
2001,220196,1,1,20,0,0,0,0,0,0,32,0,0
2001,220197,0,1,0,0,29,0,0,8,0,0,0,0
2001,220197,1,1,0,0,0,18,10,26,0,8,10,0
2001,220198,1,1,0,0,0,0,0,0,0,0,0,0
2001,220198,2,1,0,0,0,0,0,0,0,0,0,0
2001,220199,1,1,22,22,22,22,22,22,22,22,22,22
2001,220200,1,1,0,0,0,0,0,0,0,0,0,0
2001,220201,0,1,0,0,0,0,0,0,0,0,0,0
2001,220201,1,1,0,0,0,0,0,0,0,0,0,0
2001,220202,1,1,18,22,22,17,17,18,13,16,18,0
2001,220202,2,1,27,17,27,13,0,13,10,11,7,15
2001,220203,1,1,0,0,0,0,0,0,0,0,0,0
2001,220203,2,1,0,0,0,0,0,0,0,0,0,0
2001,220204,1,1,0,0,0,0,0,0,0,0,0,0
2001,220205,0,1,0,0,0,0,0,0,0,0,0,0
2001,220205,1,1,0,0,0,0,0,0,0,0,0,0
2001,220206,1,1,0,0,0,0,0,0,0,0,0,0
2001,220206,2,1,0,0,0,15,0,0,0,11,0,0
2001,220207,1,1,6,6,6,6,6,6,6,6,6,6
2001,220208,1,1,0,0,0,0,0,0,0,0,0,0
2001,220209,1,1,28,28,28,28,28,28,28,28,28,28
2001,220210,1,1,15,15,15,15,15,15,15,15,15,15
2001,220211,1,1,11,11,11,11,11,11,11,11,11,11
2001,220212,1,1,0,0,0,0,0,0,0,0,0,0
2001,220213,1,1,0,0,0,0,0,0,0,0,0,0
2001,220213,2,1,0,0,0,0,0,0,0,0,0,0
2001,220213,3,1,0,0,0,0,0,0,0,0,0,0
2001,220214,1,1,0,0,0,0,0,0,0,0,0,0
2001,220214,2,1,0,0,0,0,0,0,0,0,0,0
2001,220215,1,1,16,16,16,16,16,16,16,16,16,16
2001,220216,1,1,0,0,0,0,0,0,0,0,0,0
2001,220216,2,1,0,0,0,0,0,0,0,0,0,0
2001,220217,1,1,20,20,20,20,20,20,20,20,20,20
2001,220218,1,1,11,11,11,11,11,11,11,11,11,11
2001,220218,2,1,0,0,0,0,0,0,0,0,0,0
2001,220219,1,1,29,29,29,29,29,29,29,29,29,29
2001,220220,1,1,16,16,16,16,16,16,16,16,16,16
2001,220221,1,1,0,0,0,0,0,0,0,0,0,0
2001,220221,2,1,0,0,0,0,0,0,0,0,0,0
2001,220222,1,1,0,0,0,0,0,0,0,0,0,0
2001,220223,1,1,0,0,0,0,0,0,0,0,0,0
2001,220223,2,1,0,0,0,0,0,0,0,0,0,0
2001,220224,1,1,0,0,0,0,0,0,0,0,0,0
2001,220225,1,1,25,25,25,25,25,25,25,25,25,25
2001,220226,1,1,18,18,18,18,18,18,18,18,18,18
2001,220226,2,1,0,0,0,0,0,0,0,0,0,0