YEAR,st_case,veh_no,per_no,P1,P2,P3,P4,P5,P6,P7,P8,P9,P10
2001,220781,1,1,8,8,8,8,8,8,8,8,8,8
2001,220782,1,1,0,0,0,0,0,0,0,0,0,0
2001,220783,1,1,0,13,5,0,24,0,0,17,0,5
2001,220783,2,1,0,0,0,0,0,0,0,0,0,0
2001,220784,1,1,12,12,12,12,12,12,12,12,12,12
2001,220785,1,1,0,0,0,0,0,0,0,0,0,0
2001,220785,2,1,0,0,0,0,0,0,0,0,0,0
2001,220786,1,1,0,0,0,0,0,0,0,0,0,0
2001,220786,2,1,0,0,0,0,0,0,0,0,0,0
2001,220787,0,1,0,0,0,0,0,0,0,0,0,6
2001,220787,1,1,0,0,0,0,0,0,0,0,0,0
2001,220787,2,1,0,0,0,0,0,0,0,0,0,0
2001,220788,1,1,0,0,0,0,0,0,0,0,0,0
2001,220788,2,1,0,0,0,0,0,0,0,0,0,0
2001,220789,1,1,13,13,13,13,13,13,13,13,13,13
2001,220790,1,1,0,0,0,0,0,0,0,0,0,0
2001,220791,1,1,0,0,0,0,0,0,0,0,0,0
2001,220791,2,1,0,0,0,0,0,0,0,0,0,0
2001,220792,1,1,0,0,0,3,0,0,0,0,0,0
2001,220792,2,1,0,0,0,0,0,0,0,0,0,0
2001,220793,1,1,0,0,0,0,0,0,0,0,0,0
2001,220793,2,1,0,0,0,0,0,0,0,0,0,0
2001,220794,1,1,0,0,0,0,0,0,0,0,0,0
2001,220794,2,1,0,0,0,0,0,0,0,0,0,0
2001,220795,1,1,0,0,0,0,0,0,0,0,0,0
2001,220795,2,1,0,0,0,0,0,0,0,0,0,0
2001,220796,1,1,0,0,0,0,0,0,0,0,0,0
2001,220796,2,1,0,0,0,0,0,0,0,0,0,0
2001,220797,1,1,0,0,0,0,0,0,0,0,0,0
2001,220798,0,1,0,0,0,0,0,0,0,0,0,0
2001,220798,1,1,8,8,8,8,8,8,8,8,8,8
2001,220799,1,1,7,0,0,0,0,0,0,0,0,0
2001,220799,2,1,0,0,0,0,0,0,0,0,0,0
2001,220800,1,1,0,0,0,0,0,0,0,0,0,0
2001,220800,2,1,0,0,0,0,0,0,0,0,0,0
2001,220801,1,1,19,20,8,17,16,10,8,0,0,17
2001,220802,1,1,0,0,0,0,0,0,0,0,0,0
2001,220803,1,1,29,29,29,29,29,29,29,29,29,29
2001,220804,1,1,0,0,0,0,0,0,0,0,0,0
2001,220805,1,1,11,11,11,11,11,11,11,11,11,11
2001,220806,0,1,16,16,16,16,16,16,16,16,16,16
2001,220806,1,1,0,0,0,0,0,0,0,0,0,0
2001,220807,1,1,0,0,0,0,0,0,0,0,0,0
2001,220807,2,1,0,0,0,0,0,0,0,0,0,0
2001,220808,0,1,4,4,4,4,4,4,4,4,4,4
2001,220808,1,1,12,12,12,12,12,12,12,12,12,12
2001,220809,1,1,0,0,0,0,0,0,0,0,0,0
2001,220810,1,1,18,18,18,18,18,18,18,18,18,18
2001,220810,2,1,0,0,0,0,0,0,0,0,0,0
2001,220811,1,1,39,39,39,39,39,39,39,39,39,39
2001,220812,0,1,0,0,0,0,0,0,0,0,0,0
2001,220812,1,1,0,0,0,0,0,0,0,0,0,0
2001,220813,1,1,18,18,18,18,18,18,18,18,18,18
2001,220814,1,1,3,3,3,3,3,3,3,3,3,3
2001,220815,0,1,0,0,0,0,0,0,0,0,0,0
2001,220815,1,1,0,24,0,0,0,0,0,0,0,0
2001,220816,1,1,0,0,0,8,0,0,0,0,7,0
2001,220817,1,1,5,5,5,5,5,5,5,5,5,5
2001,220817,2,1,0,0,0,0,0,0,0,0,0,0
2001,220818,0,1,0,0,0,0,0,0,0,0,0,0
2001,220818,1,1,6,6,6,6,6,6,6,6,6,6
2001,220819,1,1,7,7,7,7,7,7,7,7,7,7
2001,220819,2,1,0,0,0,0,0,0,0,0,0,0
2001,220820,1,1,14,14,14,14,14,14,14,14,14,14
2001,220820,2,1,0,0,0,0,0,0,0,0,0,0
2001,220821,1,1,0,0,0,0,0,0,0,0,0,0
2001,220821,2,1,17,17,17,17,17,17,17,17,17,17
2001,220822,1,1,0,0,0,0,0,0,0,0,0,0
2001,220822,2,1,0,0,10,0,0,22,0,0,0,0
2001,220823,1,1,0,0,0,0,0,0,0,0,0,0
2001,220823,2,1,0,0,0,0,0,0,0,0,0,0
2001,220823,3,1,7,21,5,0,13,0,0,0,9,0
2001,220824,0,1,14,32,26,0,19,22,13,0,3,20
2001,220824,1,1,14,0,0,0,0,0,22,0,16,20
2001,220825,1,1,17,17,17,17,17,17,17,17,17,17
2001,220826,1,1,21,21,21,21,21,21,21,21,21,21
2001,220826,2,1,19,19,19,19,19,19,19,19,19,19
2001,220827,1,1,19,19,19,19,19,19,19,19,19,19
2001,220828,1,1,0,0,0,0,0,0,0,0,0,0
2001,220829,1,1,0,0,0,0,0,0,0,0,0,0
2001,220829,2,1,0,0,0,0,0,0,0,0,0,0
2001,220830,1,1,0,0,0,0,0,0,0,0,0,0
2001,220830,2,1,0,0,0,0,0,0,0,0,0,0
2001,220830,3,1,0,0,0,0,0,0,0,0,0,0
2001,220831,1,1,0,0,0,0,0,0,0,0,0,0
2001,220831,2,1,0,0,0,0,0,0,0,0,0,0
2001,220832,1,1,0,0,0,0,0,0,0,0,0,0
2001,220833,0,1,0,0,0,0,0,0,0,0,0,0
2001,220833,1,1,0,0,0,0,0,0,0,0,0,0
2001,220834,1,1,0,0,0,0,0,0,0,0,0,0
2001,220834,2,1,0,0,0,0,0,0,0,0,0,0
2001,220835,1,1,0,0,0,0,0,0,3,0,0,0
2001,220836,1,1,0,0,0,0,0,0,0,0,0,0
2001,220836,2,1,0,0,0,0,0,0,0,0,0,0
2001,220837,1,1,0,0,0,0,0,0,0,0,0,0
2001,220837,2,1,0,0,0,0,0,0,0,0,0,0
2001,220838,1,1,0,0,0,0,0,0,0,0,0,0
2001,220838,2,1,20,4,0,0,0,7,0,2,14,0
2001,220839,1,1,0,0,0,0,0,0,0,0,0,0
2001,220839,2,1,0,0,0,0,0,0,15,0,0,0
2001,220839,3,1,0,0,0,0,0,0,0,0,0,0
2001,220840,1,1,0,0,0,0,0,0,0,0,0,0
2001,220841,1,1,14,18,0,0,14,0,0,15,0,0
2001,220841,2,1,0,0,0,0,0,0,0,0,0,0
2001,220841,3,1,0,0,0,0,0,0,0,0,0,0
2001,220842,0,1,46,0,19,29,26,24,16,31,11,17
2001,220842,1,1,0,0,0,0,0,0,0,0,0,0
2001,220843,1,1,23,23,23,23,23,23,23,23,23,23
2001,220843,2,1,0,0,0,0,0,0,0,0,0,0
2001,220844,1,1,0,0,0,0,0,0,0,0,0,0
2001,220844,2,1,19,19,19,19,19,19,19,19,19,19
2001,220845,0,1,13,13,13,13,13,13,13,13,13,13
2001,220845,1,1,0,0,0,0,0,0,0,0,0,0
2001,220846,1,1,16,16,16,16,16,16,16,16,16,16
2001,220847,1,1,12,12,12,12,12,12,12,12,12,12
2001,220848,1,1,0,0,0,12,24,0,0,19,0,0
2001,220849,1,1,17,17,17,17,17,17,17,17,17,17
2001,220850,1,1,0,0,0,0,0,0,0,0,0,0
2001,220851,1,1,0,0,0,0,0,0,0,0,0,0
2001,220851,2,1,0,0,0,0,0,0,0,0,0,0
2001,220852,1,1,23,23,23,23,23,23,23,23,23,23
2001,220853,1,1,0,0,0,0,0,0,0,0,0,0
2001,220853,2,1,0,0,0,0,0,2,0,0,0,0
2001,220855,1,1,0,18,0,9,27,0,0,0,0,0
2001,220856,1,1,15,15,15,15,15,15,15,15,15,15
2001,220857,1,1,16,16,16,16,16,16,16,16,16,16
2001,220858,1,1,0,0,0,0,0,0,0,0,0,0
2001,220858,2,1,0,0,0,0,0,0,0,0,0,0
2001,220858,3,1,0,0,0,0,22,0,0,0,0,0
2001,220859,1,1,0,0,0,0,0,0,0,0,0,0
2001,220860,1,1,0,0,6,0,0,10,0,23,11,8
2001,220862,1,1,0,0,0,0,0,0,0,0,0,0
2001,220862,2,1,0,0,0,0,0,0,0,0,0,0
2001,220863,1,1,0,0,0,0,16,0,0,0,0,0
2001,220864,1,1,0,0,0,0,0,0,0,0,0,0
2001,220864,2,1,0,0,0,0,0,0,0,0,0,0
2001,220865,1,1,14,13,0,9,0,12,14,21,0,16
2001,220866,0,1,11,0,0,0,0,0,0,0,0,0
2001,220866,1,1,0,0,0,0,0,0,0,0,0,0
2001,220867,1,1,8,0,16,8,0,0,0,17,6,7
2001,220867,2,1,0,0,0,0,0,0,0,0,0,0
2001,220868,0,1,0,0,0,0,0,0,0,0,0,0
2001,220868,1,1,0,0,0,0,0,0,0,0,0,0
2001,230001,1,1,0,0,0,0,0,0,0,0,0,0
2001,230001,2,1,0,0,0,0,0,0,0,0,0,0
2001,230002,1,1,0,0,0,0,0,0,0,0,0,0
2001,230002,2,1,0,0,0,0,0,0,0,0,0,0
2001,230003,0,1,46,0,0,0,0,0,0,0,0,0
2001,230003,1,1,0,0,0,0,0,0,0,0,0,0
2001,230004,1,1,0,0,0,0,0,0,0,0,0,0
2001,230004,2,1,0,0,0,0,0,0,0,0,0,0
2001,230005,1,1,0,0,0,0,0,0,0,0,0,0
2001,230005,2,1,0,0,0,0,0,0,0,0,0,0
2001,230006,0,1,17,17,17,17,17,17,17,17,17,17
2001,230006,1,1,0,0,0,0,0,0,0,0,0,0
2001,230007,1,1,0,0,0,0,0,0,0,0,0,0
2001,230008,1,1,0,0,0,0,0,0,0,0,0,0
2001,230009,1,1,1,1,1,1,1,1,1,1,1,1
2001,230009,2,1,0,0,0,0,0,0,0,0,0,0
2001,230010,0,1,0,0,0,0,0,0,0,0,0,0
2001,230010,1,1,0,0,0,0,0,0,0,0,0,0
2001,230011,1,1,25,25,25,25,25,25,25,25,25,25
2001,230012,1,1,0,0,0,0,0,0,0,0,0,0
2001,230012,2,1,0,0,0,0,0,0,0,0,0,0
2001,230012,3,1,0,0,0,0,0,0,0,0,0,0
2001,230012,4,1,0,0,0,0,0,0,0,0,0,0
2001,230013,1,1,0,0,0,0,0,0,0,0,0,0
2001,230014,1,1,0,0,0,0,0,0,0,0,0,0
2001,230014,2,1,0,0,0,0,0,0,0,0,0,0
2001,230015,1,1,21,21,21,21,21,21,21,21,21,21
2001,230016,0,1,0,13,0,0,0,24,10,13,9,20
2001,230016,1,1,0,0,0,0,0,0,0,0,0,0
2001,230017,1,1,0,0,0,0,0,0,0,0,0,0
2001,230017,2,1,0,0,0,0,0,0,0,0,0,0
2001,230018,1,1,0,0,0,0,0,0,0,0,0,0
2001,230019,1,1,0,0,0,0,0,0,0,0,0,0
2001,230020,1,1,0,0,0,0,0,0,0,0,0,0
2001,230020,2,1,0,0,0,0,0,0,0,0,0,0
2001,230020,3,1,0,0,0,0,0,0,0,0,0,0
2001,230021,1,1,0,0,0,0,0,0,0,0,0,0
2001,230021,2,1,0,0,0,0,0,0,0,0,0,0
2001,230021,3,1,0,0,0,0,0,0,0,0,0,0
2001,230022,1,1,0,0,0,0,0,0,0,0,0,0
2001,230022,2,1,0,0,0,0,0,0,0,0,0,0
2001,230023,1,1,0,0,0,0,0,0,0,0,0,0
2001,230023,2,1,0,0,0,0,0,0,0,0,0,0
2001,230024,1,1,0,0,0,0,0,0,0,0,0,0
2001,230024,2,1,0,0,0,0,0,0,0,0,0,0
2001,230024,3,1,0,0,0,0,0,0,0,0,0,0
2001,230024,4,1,0,0,0,0,0,0,0,0,0,0
2001,230025,1,1,0,0,0,0,0,0,0,0,0,0
2001,230025,2,1,13,13,13,13,13,13,13,13,13,13
2001,230026,1,1,44,44,44,44,44,44,44,44,44,44
2001,230026,2,1,0,0,0,0,0,0,0,0,0,0
2001,230027,1,1,0,0,0,0,0,0,0,0,0,0
2001,230027,2,1,0,0,0,0,0,0,0,0,0,0
2001,230028,1,1,0,0,0,0,0,0,0,0,0,0
2001,230028,2,1,0,0,0,0,0,0,0,0,0,0
2001,230028,3,1,0,0,0,0,0,0,0,0,0,0
2001,230029,1,1,0,0,0,0,0,0,0,0,0,0
2001,230029,2,1,0,0,0,0,0,0,0,0,0,0
2001,230030,1,1,10,10,10,10,10,10,10,10,10,10
2001,230030,2,1,0,0,0,0,0,0,0,0,0,0
2001,230031,1,1,12,12,12,12,12,12,12,12,12,12
2001,230032,1,1,0,0,0,0,0,0,0,0,0,0
2001,230032,2,1,0,0,0,0,0,0,0,0,0,0
2001,230033,1,1,14,14,14,14,14,14,14,14,14,14
2001,230034,0,1,0,0,0,0,0,0,0,0,0,0
2001,230034,1,1,0,0,0,0,0,0,0,0,0,0
2001,230035,1,1,0,0,0,0,0,0,0,0,0,0
2001,230035,2,1,0,0,0,0,0,0,0,0,0,0
2001,230036,1,1,0,0,0,0,0,0,0,0,0,0
2001,230036,2,1,0,0,0,0,0,0,0,0,0,0
2001,230037,1,1,13,13,13,13,13,13,13,13,13,13
2001,230038,1,1,0,0,0,0,0,0,0,0,0,0
2001,230039,0,1,0,0,0,0,0,0,0,0,0,0
2001,230039,1,1,0,0,0,0,0,0,0,0,0,0
2001,230040,1,1,10,10,10,10,10,10,10,10,10,10
2001,230041,1,1,0,0,0,0,0,0,0,0,0,0
2001,230041,2,1,0,0,0,0,0,0,0,0,0,0
2001,230042,1,1,0,0,0,0,0,0,0,0,0,0
2001,230043,1,1,0,0,0,0,0,0,0,0,0,0
2001,230043,2,1,0,0,0,0,0,0,0,0,0,0
2001,230044,1,1,0,0,0,0,0,0,0,0,0,0
2001,230045,1,1,0,0,0,0,0,0,0,0,0,0
2001,230045,2,1,0,0,0,0,0,0,0,0,0,0
2001,230046,1,1,24,24,24,24,24,24,24,24,24,24
2001,230047,0,1,0,0,0,0,0,0,0,0,0,0
2001,230047,1,1,5,5,5,5,5,5,5,5,5,5
2001,230048,1,1,12,12,12,12,12,12,12,12,12,12
2001,230049,1,1,0,0,0,0,0,0,0,0,0,0
2001,230050,1,1,0,0,0,0,0,0,0,0,0,0
2001,230051,1,1,19,19,19,19,19,19,19,19,19,19
2001,230052,1,1,3,12,11,20,13,20,9,25,25,17
2001,230053,1,1,0,0,0,7,0,0,21,0,0,0
2001,230053,2,1,0,19,0,0,0,8,0,0,0,23
2001,230054,1,1,19,19,19,19,19,19,19,19,19,19
2001,230055,1,1,17,14,12,27,0,0,0,0,0,0
2001,230056,1,1,0,0,0,0,0,0,0,0,0,0
2001,230057,1,1,0,0,0,0,0,0,0,0,0,0
2001,230058,1,1,16,16,16,16,16,16,16,16,16,16
2001,230059,1,1,0,0,0,0,0,0,0,0,0,0
2001,230059,2,1,0,0,0,0,0,0,0,0,0,0
2001,230060,1,1,0,0,0,0,0,0,0,0,0,0
2001,230060,2,1,0,0,0,0,0,0,0,0,0,27
2001,230060,3,1,0,0,0,0,8,0,0,0,0,6
2001,230060,4,1,0,0,0,0,0,0,0,0,0,0
2001,230061,1,1,0,0,0,0,0,0,0,0,0,0
2001,230061,2,1,0,0,0,0,0,0,0,0,0,0
2001,230061,3,1,0,0,0,0,0,0,0,0,0,0
2001,230062,1,1,17,17,17,17,17,17,17,17,17,17
2001,230063,1,1,0,0,0,0,0,0,0,0,0,0
2001,230064,1,1,0,0,0,0,0,0,0,0,0,0
2001,230065,1,1,0,0,0,0,0,0,0,0,0,0
2001,230065,2,1,0,0,0,0,0,0,0,0,0,0
2001,230066,1,1,0,0,0,0,0,0,0,0,0,0
2001,230067,1,1,0,0,0,0,0,0,0,0,0,0
2001,230067,2,1,0,0,0,0,0,0,0,0,0,0
2001,230068,1,1,26,26,26,26,26,26,26,26,26,26
2001,230068,2,1,0,0,0,0,0,0,0,0,0,0
2001,230069,1,1,0,0,0,0,0,0,0,0,0,0
2001,230070,1,1,0,0,0,0,0,0,0,0,0,0
2001,230071,1,1,0,0,0,0,0,0,0,14,0,0
2001,230072,1,1,12,0,0,0,0,0,0,0,0,0
2001,230073,1,1,27,27,27,27,27,27,27,27,27,27
2001,230074,1,1,0,0,0,0,0,0,0,0,0,0
2001,230074,2,1,0,0,0,0,0,0,0,0,0,0
2001,230075,1,1,29,29,29,29,29,29,29,29,29,29
2001,230076,1,1,0,0,0,0,0,0,0,0,0,0
2001,230076,2,1,0,0,0,0,0,0,0,0,0,0
2001,230077,1,1,11,11,11,11,11,11,11,11,11,11
2001,230078,1,1,0,0,0,0,0,0,0,0,0,0
2001,230079,1,1,0,0,0,0,0,0,0,0,0,0
2001,230080,1,1,21,21,21,21,21,21,21,21,21,21
2001,230081,0,1,0,0,0,0,0,0,0,0,0,0
2001,230081,1,1,0,0,0,0,0,0,0,0,0,0
2001,230082,1,1,16,16,16,16,16,16,16,16,16,16
2001,230083,1,1,19,19,19,19,19,19,19,19,19,19
2001,230084,1,1,26,26,26,26,26,26,26,26,26,26
2001,230085,1,1,0,0,0,0,0,0,0,0,0,0
2001,230086,0,1,5,5,5,5,5,5,5,5,5,5
2001,230086,1,1,0,0,0,0,0,0,0,0,0,0
2001,230086,2,1,0,0,0,0,0,0,0,0,0,0
2001,230087,1,1,19,19,19,19,19,19,19,19,19,19
2001,230088,1,1,0,0,0,0,0,0,0,0,0,0
2001,230089,1,1,0,0,0,0,0,0,0,0,0,0
2001,230090,1,1,0,0,0,0,0,0,0,0,0,0
2001,230091,1,1,11,0,0,0,0,16,0,0,0,0
2001,230092,1,1,0,0,0,0,0,0,0,0,0,0
2001,230092,2,1,0,0,0,0,0,0,0,0,0,0
2001,230093,1,1,0,0,0,0,0,0,0,0,0,0
2001,230094,1,1,0,0,0,0,0,0,0,0,0,0
2001,230094,2,1,0,0,0,0,0,0,0,0,0,0
2001,230095,1,1,10,10,10,10,10,10,10,10,10,10
2001,230095,2,1,0,0,0,0,0,0,0,0,0,0
2001,230096,1,1,0,0,22,15,0,0,6,4,0,6
2001,230097,0,1,0,0,0,0,0,0,0,0,0,0
2001,230097,0,2,0,0,0,0,0,0,0,0,0,14
2001,230097,1,1,0,0,0,0,0,0,0,0,0,0
2001,230098,0,1,0,0,0,0,0,0,20,0,0,0
2001,230098,1,1,0,0,0,0,0,0,0,0,0,0
2001,230099,1,1,0,0,0,0,0,0,0,0,0,0
2001,230100,1,1,0,0,0,0,0,0,0,0,0,0
2001,230100,2,1,4,4,4,4,4,4,4,4,4,4
2001,230101,0,1,0,0,0,0,0,0,0,0,0,0
2001,230101,1,1,0,0,0,0,0,0,0,0,0,0
2001,230102,1,1,0,0,0,0,0,0,0,0,0,0
2001,230103,1,1,26,26,26,26,26,26,26,26,26,26
2001,230104,1,1,0,0,0,0,0,0,0,0,0,0
2001,230104,2,1,0,0,0,0,0,0,0,0,0,0
2001,230105,1,1,0,0,0,0,0,0,0,0,0,0
2001,230106,1,1,0,0,0,0,0,0,0,0,0,0
2001,230106,2,1,0,0,0,0,0,0,0,0,0,0
2001,230106,3,1,0,0,0,0,0,0,0,0,0,0
2001,230107,1,1,0,0,0,0,0,0,0,0,0,0
2001,230108,1,1,0,0,0,0,0,0,0,0,0,0
2001,230109,1,1,0,0,0,0,0,0,0,0,0,0
2001,230109,2,1,0,0,0,0,0,0,0,0,0,0
2001,230110,1,1,0,0,0,0,0,0,0,0,0,0
2001,230110,2,1,0,0,0,0,0,0,0,0,0,0
2001,230111,1,1,0,0,0,0,0,0,0,0,0,0
2001,230111,2,1,0,0,0,0,0,0,0,0,0,0
2001,230112,0,1,0,0,0,0,0,0,0,0,0,0
2001,230112,1,1,0,0,0,0,0,0,0,0,0,0
2001,230113,1,1,0,0,0,0,0,0,0,0,0,0
2001,230113,2,1,0,0,0,0,0,0,0,0,0,0
2001,230114,1,1,0,0,0,0,0,0,0,0,0,0
2001,230114,2,1,0,0,0,0,0,0,0,0,0,0
2001,230114,3,1,0,0,0,0,0,0,0,0,0,0
2001,230115,1,1,0,0,0,0,0,0,0,0,0,0
2001,230115,2,1,0,0,0,0,0,0,0,0,0,0
2001,230115,3,1,0,0,0,0,0,0,0,0,0,0
2001,230115,4,1,0,0,0,0,0,0,0,0,0,0
2001,230115,5,1,0,0,0,0,0,0,0,0,0,0
2001,230116,1,1,14,14,14,14,14,14,14,14,14,14
2001,230116,2,1,0,0,0,0,0,0,0,0,0,0
2001,230117,1,1,9,9,9,9,9,9,9,9,9,9
2001,230117,2,1,0,0,0,0,0,0,0,0,0,0
2001,230117,3,1,0,0,0,0,0,0,0,0,0,0
2001,230118,1,1,0,0,0,0,0,0,0,0,0,0
2001,230118,2,1,0,0,6,0,0,0,0,0,0,0
2001,230119,0,1,0,0,0,0,0,0,0,0,0,0
2001,230119,1,1,0,0,0,0,0,0,0,0,0,0
2001,230120,1,1,18,18,18,18,18,18,18,18,18,18
2001,230121,1,1,21,21,21,21,21,21,21,21,21,21
2001,230121,2,1,0,0,0,0,0,0,0,0,0,0
2001,230122,1,1,0,0,0,0,0,0,0,0,0,0
2001,230122,2,1,14,14,14,14,14,14,14,14,14,14
2001,230123,1,1,0,0,0,0,0,0,0,0,0,0
2001,230124,1,1,0,0,0,0,0,0,0,0,0,0
2001,230124,2,1,0,0,0,0,0,0,0,0,0,0
2001,230125,1,1,18,18,18,18,18,18,18,18,18,18
2001,230126,1,1,0,0,0,0,0,0,0,0,0,0
2001,230126,2,1,0,0,20,0,16,0,0,0,0,0
2001,230127,0,1,0,0,0,0,0,0,0,0,0,0
2001,230127,1,1,0,0,0,0,0,0,0,0,0,0
2001,230128,1,1,17,17,17,17,17,17,17,17,17,17
2001,230129,1,1,20,20,20,20,20,20,20,20,20,20
2001,230130,1,1,13,13,13,13,13,13,13,13,13,13
2001,230131,1,1,22,22,22,22,22,22,22,22,22,22
2001,230132,1,1,0,16,9,0,16,0,0,0,0,0
2001,230133,1,1,0,0,0,0,0,11,0,0,0,13
2001,230133,2,1,0,0,0,0,0,0,0,0,0,0
2001,230133,3,1,0,0,0,0,0,0,0,0,0,0
2001,230134,1,1,0,0,0,0,0,0,0,0,0,0
2001,230134,2,1,6,0,0,0,0,0,0,0,0,0
2001,230135,1,1,0,0,0,0,0,0,0,0,0,0
2001,230135,2,1,0,0,0,0,0,0,0,0,0,0
2001,230136,1,1,0,0,0,0,0,0,0,0,0,0
2001,230136,2,1,0,0,0,0,0,0,0,0,0,0
2001,230137,1,1,16,0,0,0,3,0,0,0,14,0
2001,230138,1,1,0,0,0,0,0,0,0,0,0,0
2001,230139,1,1,20,20,20,20,20,20,20,20,20,20
2001,230140,1,1,0,8,0,0,0,0,0,0,0,0
2001,230141,1,1,0,5,12,0,23,0,25,0,21,12
2001,230143,1,1,0,0,0,8,0,0,0,0,0,0
2001,230143,2,1,0,0,0,0,0,0,0,0,0,0
2001,230144,1,1,0,0,0,0,0,0,0,0,0,0
2001,230145,1,1,0,0,0,0,0,0,0,0,0,0
2001,230146,1,1,0,0,0,0,0,0,0,0,0,0
2001,230146,2,1,0,0,0,0,0,0,0,0,0,0
2001,230147,1,1,0,0,0,0,0,0,12,15,0,0
2001,230148,1,1,17,17,17,17,17,17,17,17,17,17
2001,230149,1,1,0,0,0,0,0,0,0,0,0,0
2001,230149,2,1,0,0,0,0,0,0,0,0,0,0
2001,230150,1,1,0,0,0,0,0,0,0,0,0,0
2001,230150,2,1,0,0,0,0,0,0,0,0,0,0
2001,230150,3,1,0,0,0,0,0,0,0,25,0,0
2001,230151,1,1,0,0,0,0,0,0,0,0,0,0
2001,230152,1,1,1,1,1,1,1,1,1,1,1,1
2001,230152,2,1,27,27,27,27,27,27,27,27,27,27
2001,230153,1,1,22,22,22,22,22,22,22,22,22,22
2001,230154,0,1,0,0,0,0,0,0,0,0,0,0
2001,230154,1,1,0,0,0,0,0,0,0,0,0,0
2001,230155,1,1,0,0,0,0,0,0,0,0,0,0
2001,230155,2,1,0,0,0,0,0,0,0,0,0,0
2001,230156,1,1,0,0,0,0,0,0,0,0,0,0
2001,230156,2,1,0,0,0,0,0,0,0,0,0,0
2001,230157,1,1,0,0,0,0,0,0,0,0,0,0
2001,230157,2,1,0,0,0,0,0,0,0,0,0,0
2001,230158,1,1,0,0,0,0,0,0,0,0,0,0
2001,230158,2,1,0,0,0,0,0,0,0,0,0,0
2001,230159,1,1,0,0,0,16,0,0,0,0,0,0
2001,230159,2,1,0,0,0,0,0,0,0,0,0,0
2001,230160,1,1,0,0,0,0,0,0,0,0,0,0
2001,230161,1,1,0,0,0,0,0,0,0,0,0,0
2001,230161,2,1,0,0,0,0,0,0,0,0,0,0
2001,230162,1,1,26,26,26,26,26,26,26,26,26,26
2001,230162,2,1,0,0,0,0,0,0,0,0,0,0
2001,230163,1,1,9,9,9,9,9,9,9,9,9,9
2001,230164,1,1,0,0,0,0,0,0,0,0,0,0
2001,230165,1,1,0,0,0,0,0,0,0,0,0,0
2001,230165,2,1,0,0,0,0,0,0,0,0,0,0
2001,230166,1,1,0,0,0,0,0,0,0,0,0,0
2001,230166,2,1,0,0,0,0,0,0,0,0,0,0
2001,230167,1,1,0,0,0,0,0,0,0,0,0,0
2001,230167,2,1,20,20,20,20,20,20,20,20,20,20
2001,230168,1,1,0,0,0,0,0,0,0,0,0,0
2001,230169,1,1,25,25,25,25,25,25,25,25,25,25
2001,230170,1,1,0,0,0,0,0,0,0,0,0,0
2001,230171,1,1,27,27,27,27,27,27,27,27,27,27
2001,230171,2,1,0,0,0,0,0,0,0,0,0,0
2001,240001,1,1,27,27,27,27,27,27,27,27,27,27
2001,240002,0,1,0,0,0,0,0,0,0,0,0,0
2001,240002,1,1,1,1,1,1,1,1,1,1,1,1
2001,240003,0,1,0,0,0,0,0,0,0,0,0,0
2001,240003,1,1,19,19,19,19,19,19,19,19,19,19
2001,240004,1,1,0,0,0,0,0,0,0,0,0,0
2001,240004,2,1,0,0,0,0,0,0,0,0,0,0
2001,240005,1,1,18,18,18,18,18,18,18,18,18,18
2001,240006,1,1,7,7,7,7,7,7,7,7,7,7
2001,240007,1,1,0,0,0,0,0,0,0,0,0,0
2001,240008,1,1,0,0,0,0,0,0,0,0,0,0
2001,240009,1,1,0,0,0,0,0,0,0,0,0,0
2001,240009,2,1,7,7,7,7,7,7,7,7,7,7
2001,240010,1,1,0,0,0,0,0,0,0,0,0,0
2001,240010,2,1,0,0,0,0,0,0,0,0,0,0
2001,240011,1,1,0,0,0,0,0,0,0,0,0,0
2001,240011,2,1,0,0,0,0,0,0,0,0,0,0
2001,240011,3,1,0,0,0,0,0,0,0,0,0,0
2001,240012,1,1,0,0,0,0,0,0,0,0,0,0
2001,240012,2,1,0,0,0,0,0,0,0,0,0,0
2001,240012,3,1,0,0,0,0,0,0,0,0,0,0
2001,240012,4,1,0,0,0,0,0,0,0,0,0,0
2001,240012,5,1,0,0,0,0,0,0,0,0,0,0
2001,240012,6,1,0,0,0,0,0,0,0,0,0,0
2001,240013,0,1,0,0,0,0,6,0,0,0,0,0
2001,240013,0,2,0,0,0,0,4,0,0,0,0,0
2001,240013,0,3,0,0,0,0,0,0,0,0,0,0
2001,240013,1,1,0,0,0,0,0,0,0,0,0,0
2001,240014,1,1,19,19,19,19,19,19,19,19,19,19
2001,240015,0,1,0,0,0,0,0,0,0,0,0,0
2001,240015,1,1,0,0,0,0,0,0,0,0,0,0
2001,240016,1,1,0,0,0,0,0,0,0,0,0,0
2001,240017,1,1,9,9,9,9,9,9,9,9,9,9
2001,240019,1,1,5,5,5,5,5,5,5,5,5,5
2001,240019,2,1,0,0,0,0,0,0,0,0,0,0
2001,240020,1,1,0,0,0,0,0,0,0,0,0,0
2001,240020,2,1,0,0,0,0,0,0,0,0,0,0
2001,240021,1,1,0,0,0,0,0,0,0,0,0,0
2001,240021,2,1,0,0,0,0,0,0,0,0,0,0
2001,240022,1,1,0,0,0,0,18,0,9,12,3,23
2001,240023,1,1,0,0,0,0,0,0,0,0,0,0