YEAR,st_case,veh_no,per_no,P1,P2,P3,P4,P5,P6,P7,P8,P9,P10
2001,240023,2,1,0,0,0,0,0,0,0,0,0,0
2001,240024,0,1,18,29,0,12,14,21,41,17,16,14
2001,240024,1,1,0,0,0,0,0,0,0,0,0,0
2001,240025,1,1,0,0,0,0,0,0,0,0,0,0
2001,240026,1,1,0,0,0,0,0,0,0,0,0,0
2001,240026,2,1,15,0,0,0,0,0,0,0,0,16
2001,240027,1,1,0,0,0,0,0,0,0,0,26,0
2001,240028,1,1,0,27,0,0,0,0,0,0,0,0
2001,240028,2,1,0,0,0,0,0,0,0,0,0,0
2001,240029,0,1,0,0,0,0,0,0,0,0,0,0
2001,240029,1,1,0,0,0,0,0,0,0,0,0,0
2001,240030,1,1,23,23,23,23,23,23,23,23,23,23
2001,240031,1,1,14,14,14,14,14,14,14,14,14,14
2001,240032,1,1,0,0,0,0,0,0,0,0,0,0
2001,240032,2,1,0,0,0,0,0,0,0,0,0,0
2001,240032,3,1,0,0,0,0,0,0,0,0,0,0
2001,240033,1,1,0,0,0,0,0,0,0,0,0,0
2001,240033,2,1,0,0,0,0,0,0,0,0,0,0
2001,240034,1,1,18,18,18,18,18,18,18,18,18,18
2001,240035,1,1,0,0,0,0,0,0,0,0,0,0
2001,240035,2,1,0,0,0,0,0,0,0,0,0,0
2001,240036,1,1,0,0,0,0,0,0,0,0,0,0
2001,240036,2,1,0,0,0,0,0,0,0,0,0,0
2001,240037,1,1,0,0,0,0,0,0,0,0,0,0
2001,240038,1,1,0,0,0,0,0,0,0,0,0,0
2001,240038,2,1,0,0,0,0,0,0,0,0,0,0
2001,240039,0,1,0,0,0,0,0,0,0,0,0,0
2001,240039,1,1,0,0,0,0,0,0,5,0,0,0
2001,240040,1,1,0,0,0,0,0,0,0,0,0,17
2001,240040,2,1,0,0,0,0,0,0,0,0,0,0
2001,240041,1,1,0,0,0,0,0,0,0,0,0,0
2001,240042,1,1,0,0,11,0,0,18,0,0,0,0
2001,240043,1,1,0,0,0,0,0,0,0,0,0,0
2001,240044,1,1,0,0,0,0,0,0,0,0,0,0
2001,240044,2,1,0,0,0,0,0,0,0,0,0,0
2001,240045,0,1,21,21,21,21,21,21,21,21,21,21
2001,240045,1,1,0,0,0,0,0,0,0,0,0,0
2001,240046,1,1,17,17,17,17,17,17,17,17,17,17
2001,240046,2,1,0,0,0,0,0,0,0,0,0,0
2001,240047,1,1,0,0,0,0,0,0,0,0,0,0
2001,240048,1,1,0,0,0,0,0,0,0,0,0,0
2001,240049,0,1,0,0,0,0,0,0,0,0,0,0
2001,240049,1,1,0,16,0,0,0,0,0,0,0,0
2001,240050,0,1,0,0,0,0,0,0,0,0,0,0
2001,240050,1,1,0,21,0,0,0,0,0,0,0,0
2001,240051,0,1,0,0,0,0,0,3,0,0,0,0
2001,240052,1,1,17,17,17,17,17,17,17,17,17,17
2001,240053,1,1,17,17,17,17,17,17,17,17,17,17
2001,240053,2,1,0,0,0,0,0,0,0,0,0,0
2001,240053,3,1,0,0,0,0,0,0,0,0,0,0
2001,240053,4,1,0,0,0,0,0,0,10,0,0,0
2001,240054,1,1,7,7,7,7,7,7,7,7,7,7
2001,240054,2,1,0,0,0,0,0,0,0,0,0,0
2001,240055,0,1,16,16,16,16,16,16,16,16,16,16
2001,240055,1,1,0,0,0,0,0,18,0,0,0,0
2001,240056,1,1,0,0,0,0,0,0,0,0,0,0
2001,240057,1,1,15,15,15,15,15,15,15,15,15,15
2001,240058,0,1,0,0,0,0,0,0,0,0,0,0
2001,240058,1,1,0,0,0,0,0,0,0,0,0,0
2001,240059,0,1,0,0,0,7,0,0,0,0,0,0
2001,240059,1,1,0,0,0,0,0,0,0,0,0,0
2001,240060,1,1,0,0,0,0,0,0,0,0,0,0
2001,240060,2,1,0,0,0,0,0,0,0,0,0,0
2001,240061,1,1,8,8,8,8,8,8,8,8,8,8
2001,240061,2,1,0,0,24,5,0,0,0,0,0,0
2001,240062,1,1,1,1,1,1,1,1,1,1,1,1
2001,240063,1,1,0,0,0,0,0,0,7,0,0,0
2001,240064,1,1,15,15,15,15,15,15,15,15,15,15
2001,240064,2,1,0,0,0,0,0,0,0,0,0,0
2001,240065,1,1,20,20,20,20,20,20,20,20,20,20
2001,240066,0,1,0,0,0,0,0,0,0,0,0,0
2001,240066,1,1,4,4,4,4,4,4,4,4,4,4
2001,240067,1,1,0,0,0,0,0,0,0,0,0,0
2001,240067,2,1,0,0,0,0,0,1,0,0,0,0
2001,240068,1,1,0,0,0,0,0,0,0,0,0,0
2001,240068,2,1,0,0,0,0,0,0,10,0,0,0
2001,240069,0,1,28,19,10,6,18,21,28,26,18,7
2001,240069,1,1,0,0,0,0,0,0,0,0,0,0
2001,240070,1,1,0,0,0,0,0,0,0,0,0,0
2001,240070,2,1,0,0,0,0,0,0,0,0,0,0
2001,240071,1,1,0,0,0,0,0,0,0,0,0,0
2001,240071,2,1,0,0,0,0,0,0,0,0,0,0
2001,240071,3,1,0,0,0,0,0,0,0,0,0,0
2001,240072,1,1,1,1,1,1,1,1,1,1,1,1
2001,240072,2,1,0,0,0,0,0,0,0,0,0,0
2001,240073,1,1,10,10,10,10,10,10,10,10,10,10
2001,240074,0,1,22,22,22,22,22,22,22,22,22,22
2001,240074,1,1,12,0,0,0,13,0,0,0,5,0
2001,240075,0,1,0,0,0,0,0,0,0,6,0,0
2001,240075,1,1,0,0,0,0,0,0,0,0,0,0
2001,240076,1,1,0,0,0,0,0,0,5,0,0,0
2001,240076,2,1,0,0,0,0,0,0,0,0,0,0
2001,240077,1,1,13,10,12,13,0,13,3,15,18,14
2001,240077,2,1,0,0,0,0,0,0,0,0,0,0
2001,240078,1,1,0,0,0,0,0,0,0,0,0,0
2001,240078,2,1,0,0,0,0,0,0,0,0,0,0
2001,240079,1,1,15,15,15,15,15,15,15,15,15,15
2001,240080,1,1,0,0,0,0,0,0,0,0,0,0
2001,240081,1,1,45,25,12,15,17,25,30,7,16,23
2001,240082,0,1,0,0,0,0,0,0,0,0,0,0
2001,240082,1,1,8,12,11,0,0,13,0,0,6,0
2001,240083,1,1,0,0,0,0,0,0,0,0,0,0
2001,240083,2,1,0,0,0,0,0,0,0,0,0,0
2001,240084,1,1,10,0,0,0,0,0,0,0,0,0
2001,240084,2,1,0,0,0,0,0,0,0,0,0,0
2001,240085,1,1,0,0,0,0,0,0,0,0,0,0
2001,240085,2,1,0,0,0,0,0,0,0,0,0,0
2001,240086,1,1,13,13,13,13,13,13,13,13,13,13
2001,240086,2,1,0,0,0,0,0,0,0,0,0,0
2001,240087,1,1,0,0,0,0,0,0,0,0,0,0
2001,240087,2,1,0,0,0,0,0,0,0,0,0,0
2001,240088,0,1,0,0,0,0,0,0,0,0,0,0
2001,240088,1,1,0,0,0,0,0,0,0,0,0,0
2001,240089,1,1,17,17,17,17,17,17,17,17,17,17
2001,240089,2,1,0,0,0,0,0,0,0,0,0,0
2001,240090,1,1,0,0,0,0,0,0,0,0,0,0
2001,240090,2,1,0,0,0,0,0,0,0,0,0,0
2001,240090,3,1,0,0,0,0,0,0,0,0,0,0
2001,240091,1,1,0,0,0,0,0,0,0,0,0,0
2001,240091,2,1,0,0,0,0,0,0,0,0,0,0
2001,240092,1,1,0,0,0,0,0,0,0,0,0,0
2001,240092,2,1,0,0,0,0,0,0,0,0,0,0
2001,240093,1,1,0,0,0,0,0,0,0,0,0,0
2001,240093,2,1,0,0,0,0,0,0,0,0,0,0
2001,240094,1,1,22,24,0,15,9,37,11,12,0,2
2001,240094,2,1,0,6,0,5,0,0,16,0,10,7
2001,240095,0,1,0,0,0,0,16,0,25,0,33,0
2001,240095,1,1,0,0,0,0,0,0,0,0,0,0
2001,240096,1,1,0,0,0,0,0,0,0,0,0,0
2001,240096,2,1,0,0,0,0,0,0,0,0,0,0
2001,240097,1,1,0,0,0,0,0,11,0,0,0,0
2001,240097,2,1,2,2,2,2,2,2,2,2,2,2
2001,240098,1,1,0,0,0,0,0,0,0,0,0,0
2001,240098,2,1,0,0,0,0,0,0,0,0,0,0
2001,240099,1,1,11,11,11,11,11,11,11,11,11,11
2001,240100,1,1,0,0,0,0,0,0,0,0,0,0
2001,240100,2,1,0,0,0,0,0,0,0,0,0,0
2001,240100,3,1,0,0,0,0,0,0,0,0,0,0
2001,240100,4,1,0,0,0,0,0,0,0,0,0,0
2001,240100,5,1,0,0,0,0,0,0,0,5,0,0
2001,240101,1,1,0,0,0,0,0,0,0,0,0,0
2001,240102,1,1,14,14,14,14,14,14,14,14,14,14
2001,240103,1,1,0,0,0,0,0,0,0,0,0,0
2001,240103,2,1,0,0,0,0,0,0,17,0,0,0
2001,240104,1,1,0,0,0,0,0,0,0,0,0,0
2001,240105,0,1,0,0,0,0,0,0,0,0,0,0
2001,240105,1,1,0,0,0,0,0,0,0,0,0,0
2001,240105,2,1,0,0,0,0,0,9,0,0,0,0
2001,240105,3,1,0,0,0,0,0,0,0,0,0,0
2001,240106,1,1,19,15,14,36,11,15,24,7,18,6
2001,240107,1,1,0,0,0,0,0,0,0,0,0,0
2001,240107,2,1,0,0,0,0,0,0,0,0,0,0
2001,240108,1,1,16,16,16,16,16,16,16,16,16,16
2001,240109,1,1,0,0,0,0,0,0,0,0,0,0
2001,240109,2,1,0,0,0,0,0,0,0,0,0,0
2001,240109,3,1,0,0,0,0,0,0,0,0,0,0
2001,240110,1,1,21,21,21,21,21,21,21,21,21,21
2001,240110,2,1,0,0,0,0,0,0,0,0,0,0
2001,240111,1,1,5,5,5,5,5,5,5,5,5,5
2001,240112,1,1,0,0,0,0,0,0,0,0,0,0
2001,240113,0,1,0,0,0,0,0,0,0,0,0,0
2001,240113,1,1,19,0,0,0,0,0,0,0,0,0
2001,240114,1,1,0,0,0,0,0,0,0,0,0,0
2001,240115,1,1,0,0,0,0,0,0,0,0,0,0
2001,240115,2,1,0,0,0,0,0,0,0,0,0,0
2001,240115,3,1,0,0,0,0,0,0,0,0,0,0
2001,240115,4,1,0,0,0,0,0,0,0,0,0,0
2001,240115,5,1,0,0,0,0,0,0,0,0,0,0
2001,240116,1,1,0,17,36,27,7,12,14,9,13,5
2001,240117,1,1,0,0,0,0,0,0,0,0,0,0
2001,240117,2,1,0,6,0,0,0,0,0,0,0,0
2001,240118,1,1,0,0,0,0,0,0,0,0,0,0
2001,240119,1,1,0,0,0,0,0,0,0,0,0,0
2001,240119,2,1,0,0,0,0,0,0,0,0,0,0
2001,240119,3,1,0,0,0,0,13,0,0,0,0,6
2001,240119,4,1,0,0,0,0,0,0,0,0,0,0
2001,240120,1,1,0,0,0,0,0,0,0,0,0,0
2001,240121,1,1,0,0,0,0,0,0,0,0,0,0
2001,240122,1,1,12,12,12,12,12,12,12,12,12,12
2001,240122,2,1,2,2,2,2,2,2,2,2,2,2
2001,240122,3,1,0,0,0,0,0,0,0,0,0,0
2001,240123,1,1,0,0,0,0,0,0,0,0,0,0
2001,240124,0,1,0,0,0,0,0,0,0,0,0,0
2001,240124,1,1,0,0,0,0,0,0,0,0,0,0
2001,240125,1,1,14,14,14,14,14,14,14,14,14,14
2001,240125,2,1,0,0,25,0,0,0,23,0,0,0
2001,240126,1,1,9,9,9,9,9,9,9,9,9,9
2001,240127,1,1,0,0,0,0,0,0,0,0,0,0
2001,240127,2,1,0,0,0,0,0,0,0,0,0,0
2001,240128,1,1,16,16,16,16,16,16,16,16,16,16
2001,240128,2,1,0,0,0,0,0,0,0,0,0,0
2001,240129,0,1,0,0,0,0,0,0,0,0,0,0
2001,240129,1,1,0,0,0,0,0,0,0,0,0,0
2001,240130,1,1,22,22,22,22,22,22,22,22,22,22
2001,240131,1,1,0,0,0,0,0,0,0,0,0,0
2001,240131,2,1,0,0,0,0,0,0,0,0,0,0
2001,240132,1,1,0,0,0,0,0,0,0,0,0,0
2001,240133,0,1,0,0,0,0,0,0,0,0,0,0
2001,240133,1,1,0,0,0,0,0,0,0,0,0,0
2001,240134,1,1,5,5,5,5,5,5,5,5,5,5
2001,240134,2,1,0,0,0,0,0,0,0,0,0,0
2001,240135,0,1,1,1,1,1,1,1,1,1,1,1
2001,240135,1,1,0,0,0,0,0,0,0,0,0,0
2001,240136,1,1,0,10,0,0,0,11,13,0,0,10
2001,240136,2,1,0,0,0,0,0,0,0,0,0,0
2001,240137,1,1,2,2,2,2,2,2,2,2,2,2
2001,240138,1,1,0,0,0,0,0,0,0,0,0,0
2001,240138,2,1,0,0,0,0,0,0,0,0,0,0
2001,240139,1,1,0,0,0,0,0,0,0,0,0,0
2001,240139,2,1,0,0,0,0,0,0,0,0,0,0
2001,240139,3,1,0,0,0,0,0,0,0,0,0,0
2001,240139,4,1,0,0,0,0,0,0,0,0,0,0
2001,240140,1,1,14,14,14,14,14,14,14,14,14,14
2001,240140,2,1,0,0,0,0,0,0,0,0,0,0
2001,240140,3,1,0,0,0,0,0,0,0,0,0,0
2001,240141,1,1,0,0,0,0,0,0,0,0,0,0
2001,240141,2,1,0,0,0,0,0,0,0,0,0,0
2001,240142,1,1,20,0,0,37,13,18,29,0,22,11
2001,240143,1,1,11,11,11,11,11,11,11,11,11,11
2001,240144,1,1,0,0,0,0,0,0,0,0,0,0
2001,240144,2,1,13,13,13,13,13,13,13,13,13,13
2001,240145,1,1,0,0,0,0,0,0,0,0,0,0
2001,240146,1,1,0,0,0,0,0,0,0,0,0,0
2001,240147,1,1,13,13,13,13,13,13,13,13,13,13
2001,240148,1,1,0,0,0,0,0,0,0,0,0,0
2001,240149,1,1,0,0,0,0,0,0,0,0,0,0
2001,240149,2,1,0,0,0,0,0,0,0,0,0,0
2001,240150,1,1,19,19,19,19,19,19,19,19,19,19
2001,240151,1,1,0,0,0,0,0,0,0,0,0,0
2001,240152,1,1,6,6,6,6,6,6,6,6,6,6
2001,240153,1,1,5,5,5,5,5,5,5,5,5,5
2001,240153,2,1,0,0,0,0,0,0,0,0,0,0
2001,240154,0,1,0,0,0,0,0,0,0,0,0,16
2001,240154,0,2,0,0,0,0,0,0,0,0,0,0
2001,240154,0,3,0,0,0,0,0,0,0,0,0,0
2001,240154,0,4,0,0,0,0,0,0,0,0,0,0
2001,240154,1,1,0,0,0,0,0,0,0,0,0,0
2001,240154,2,1,0,0,0,0,0,0,0,0,0,0
2001,240156,1,1,9,0,0,0,15,17,33,7,12,13
2001,240156,2,1,0,8,0,0,0,0,0,0,0,0
2001,240157,1,1,0,0,0,0,0,0,0,0,6,0
2001,240157,2,1,0,0,0,0,0,0,0,0,0,0
2001,240158,1,1,0,0,0,0,0,0,0,0,0,0
2001,240158,2,1,0,0,0,0,0,0,0,0,0,0
2001,240158,3,1,0,0,0,0,0,0,0,0,0,0
2001,240158,4,1,0,0,0,0,0,0,0,0,0,0
2001,240159,1,1,0,0,0,0,0,0,0,0,0,0
2001,240159,2,1,0,0,0,0,0,0,0,0,0,0
2001,240160,1,1,4,4,4,4,4,4,4,4,4,4
2001,240161,0,1,0,0,0,0,0,0,0,0,0,0
2001,240161,1,1,0,0,0,0,0,0,0,0,16,0
2001,240162,0,1,0,0,0,0,0,0,0,0,0,0
2001,240162,1,1,0,0,0,0,0,0,0,0,0,0
2001,240163,1,1,7,7,7,7,7,7,7,7,7,7
2001,240163,2,1,0,0,0,0,0,0,0,0,0,0
2001,240164,1,1,22,22,22,22,22,22,22,22,22,22
2001,240164,2,1,2,2,2,2,2,2,2,2,2,2
2001,240165,0,1,23,23,23,23,23,23,23,23,23,23
2001,240165,1,1,0,0,0,0,0,0,0,0,0,0
2001,240166,1,1,0,18,32,9,10,15,19,0,8,0
2001,240167,0,1,0,0,0,0,0,0,0,0,0,0
2001,240167,1,1,0,0,0,0,0,0,0,0,6,0
2001,240168,1,1,0,0,0,0,0,0,0,0,0,0
2001,240169,0,1,0,0,0,0,0,0,0,0,0,0
2001,240169,1,1,0,0,0,0,0,0,0,0,0,0
2001,240170,1,1,0,0,0,0,0,0,0,0,0,0
2001,240170,2,1,0,0,0,0,0,0,0,0,0,0
2001,240171,1,1,9,9,9,9,9,9,9,9,9,9
2001,240172,1,1,0,0,0,0,0,0,0,0,0,0
2001,240173,1,1,0,0,0,0,0,0,0,0,0,0
2001,240174,1,1,0,0,0,0,0,0,0,0,0,0
2001,240175,0,1,0,0,0,0,0,0,0,0,0,0
2001,240175,1,1,0,0,0,0,0,15,17,0,0,0
2001,240176,0,1,0,0,0,0,0,20,0,0,14,0
2001,240176,1,1,0,0,0,0,0,0,0,8,0,0
2001,240177,1,1,0,0,0,0,0,0,0,0,0,0
2001,240177,2,1,12,12,12,12,12,12,12,12,12,12
2001,240178,1,1,0,0,0,0,0,0,0,0,0,0
2001,240178,2,1,0,0,0,0,0,0,0,0,0,0
2001,240179,1,1,12,12,12,12,12,12,12,12,12,12
2001,240180,1,1,0,0,0,0,0,0,0,0,0,0
2001,240180,2,1,0,0,0,0,0,0,0,0,0,0
2001,240181,1,1,14,14,14,14,14,14,14,14,14,14
2001,240181,2,1,10,10,10,10,10,10,10,10,10,10
2001,240182,1,1,0,0,0,6,0,0,0,17,0,0
2001,240182,2,1,0,0,0,0,0,0,0,0,0,0
2001,240183,1,1,0,0,0,0,0,0,0,0,0,0
2001,240183,2,1,0,0,0,0,0,0,0,0,0,0
2001,240185,1,1,0,0,0,0,0,0,0,0,0,0
2001,240185,2,1,0,0,0,0,0,0,0,0,0,0
2001,240186,1,1,13,13,13,13,13,13,13,13,13,13
2001,240186,2,1,0,0,0,0,0,0,0,0,0,0
2001,240186,3,1,0,0,0,18,0,0,0,0,0,0
2001,240187,1,1,0,0,28,6,0,0,0,0,0,11
2001,240187,2,1,19,19,19,19,19,19,19,19,19,19
2001,240188,1,1,0,0,0,0,0,0,0,0,0,0
2001,240188,2,1,0,0,0,0,0,0,0,0,0,0
2001,240189,1,1,0,0,0,0,0,0,0,0,0,0
2001,240190,0,1,0,0,0,0,0,0,0,0,0,0
2001,240190,1,1,0,0,0,0,0,0,0,0,0,0
2001,240191,1,1,0,0,0,0,0,0,0,0,0,0
2001,240191,2,1,0,0,0,0,0,0,0,0,0,0
2001,240192,1,1,0,0,0,13,0,0,0,0,0,26
2001,240192,2,1,0,0,0,0,0,0,0,0,0,0
2001,240193,1,1,0,0,0,0,0,0,0,0,0,0
2001,240194,1,1,16,16,16,16,16,16,16,16,16,16
2001,240195,1,1,1,1,1,1,1,1,1,1,1,1
2001,240195,2,1,0,11,0,0,0,0,0,0,0,0
2001,240196,1,1,0,0,0,0,0,0,0,0,0,0
2001,240196,2,1,0,0,0,0,0,0,0,0,0,0
2001,240197,1,1,9,9,9,9,9,9,9,9,9,9
2001,240198,1,1,33,17,10,16,7,13,10,20,40,9
2001,240199,1,1,0,0,0,0,0,0,0,0,0,0
2001,240199,2,1,0,0,0,0,0,0,0,0,0,0
2001,240200,1,1,17,17,17,17,17,17,17,17,17,17
2001,240200,2,1,0,0,0,0,0,0,0,0,0,0
2001,240201,1,1,0,0,0,0,0,0,0,0,0,0
2001,240201,2,1,0,8,0,0,0,0,0,0,0,0
2001,240202,1,1,0,0,0,0,0,0,0,0,0,0
2001,240203,0,1,20,20,20,20,20,20,20,20,20,20
2001,240203,2,1,2,2,2,2,2,2,2,2,2,2
2001,240204,1,1,0,0,0,0,0,0,0,0,0,0
2001,240204,2,1,0,0,0,0,0,0,0,0,0,0
2001,240205,0,1,0,2,0,0,0,23,0,0,0,0
2001,240205,1,1,8,27,0,0,0,0,0,0,0,0
2001,240206,1,1,0,0,0,0,0,0,0,0,0,0
2001,240206,2,1,0,0,6,0,0,0,0,0,0,0
2001,240206,3,1,0,0,0,0,0,0,0,0,0,0
2001,240206,4,1,0,0,0,0,0,0,0,0,0,0
2001,240207,1,1,2,8,2,13,0,31,0,0,0,0
2001,240207,2,1,0,0,0,0,0,0,0,0,0,0
2001,240208,1,1,24,24,24,24,24,24,24,24,24,24
2001,240209,0,1,0,28,0,0,0,0,0,45,0,0
2001,240209,1,1,0,0,0,0,0,0,0,0,0,0
2001,240210,1,1,0,0,0,0,0,0,0,0,0,0
2001,240211,1,1,0,38,0,0,15,0,0,0,0,0
2001,240212,1,1,0,0,0,0,0,0,0,0,0,0
2001,240213,1,1,0,0,0,0,0,0,0,0,0,0
2001,240214,1,1,0,0,0,0,0,0,0,0,0,0
2001,240214,2,1,0,0,7,0,0,0,0,0,0,0
2001,240215,1,1,4,4,4,4,4,4,4,4,4,4
2001,240216,1,1,21,0,0,0,0,0,0,0,0,0
2001,240216,2,1,0,0,0,0,0,0,0,0,0,0
2001,240217,1,1,10,10,10,10,10,10,10,10,10,10
2001,240217,2,1,0,0,0,0,0,0,0,0,0,0
2001,240218,0,1,0,21,14,14,0,23,21,0,0,0
2001,240218,1,1,13,13,13,13,13,13,13,13,13,13
2001,240218,2,1,0,0,0,0,0,0,0,0,0,0
2001,240219,0,1,0,0,0,0,0,0,0,0,0,0
2001,240219,1,1,0,0,0,0,0,0,0,0,0,0
2001,240220,1,1,0,7,17,0,0,0,0,0,0,28
2001,240221,1,1,0,0,0,0,0,0,0,0,0,0
2001,240221,2,1,0,0,0,0,0,0,0,0,0,0
2001,240222,1,1,25,25,25,25,25,25,25,25,25,25
2001,240222,2,1,11,7,0,0,0,0,0,0,0,0
2001,240223,1,1,1,1,1,1,1,1,1,1,1,1
2001,240223,2,1,0,0,0,0,0,0,0,0,0,0
2001,240224,1,1,18,17,4,17,18,20,30,15,8,27
2001,240225,1,1,21,21,21,21,21,21,21,21,21,21
2001,240225,2,1,0,0,0,0,0,11,0,11,0,0
2001,240226,1,1,0,0,0,0,0,0,0,0,0,0
2001,240226,2,1,0,0,0,0,0,0,0,0,0,0
2001,240227,1,1,0,0,0,0,0,0,0,0,0,0
2001,240227,2,1,0,0,0,0,0,14,0,18,19,0
2001,240228,1,2,0,0,0,0,0,0,0,0,0,0
2001,240228,2,1,0,0,0,0,0,0,0,0,0,0
2001,240229,1,1,0,0,0,0,0,0,0,4,0,0
2001,240229,2,1,0,0,0,0,0,0,0,0,0,0
2001,240230,1,1,0,0,0,0,0,0,0,0,0,0
2001,240230,2,1,0,0,0,0,0,0,0,8,0,13
2001,240231,1,1,0,0,0,0,0,0,0,0,0,0
2001,240231,2,1,0,0,0,0,0,0,0,0,0,0
2001,240232,1,1,10,10,10,10,10,10,10,10,10,10
2001,240232,2,1,0,16,12,18,9,10,0,0,20,14
2001,240232,3,1,16,15,8,11,10,5,8,9,0,29
2001,240233,1,1,0,0,0,0,0,0,0,0,0,0
2001,240234,1,1,0,0,0,0,0,0,0,0,0,0
2001,240234,2,1,0,0,0,0,0,0,0,0,0,7
2001,240235,1,1,11,11,11,11,11,11,11,11,11,11
2001,240235,2,1,0,0,0,0,0,0,0,0,0,0
2001,240236,1,1,0,0,0,0,10,12,0,0,0,0
2001,240237,1,1,0,0,0,0,0,0,0,0,0,0
2001,240238,1,1,0,0,0,0,0,0,0,0,0,0
2001,240239,1,1,0,0,0,0,0,0,0,0,0,0
2001,240239,2,1,0,0,0,0,0,0,0,0,0,0
2001,240240,0,1,10,10,10,10,10,10,10,10,10,10
2001,240240,1,1,14,14,14,14,14,14,14,14,14,14
2001,240241,1,1,0,0,0,0,0,0,0,0,0,0
2001,240241,2,1,0,0,8,0,0,0,0,0,0,15
2001,240242,1,1,3,3,3,3,3,3,3,3,3,3
2001,240242,2,1,0,0,0,0,0,0,0,0,0,0
2001,240243,1,1,0,0,0,0,0,0,0,0,0,0
2001,240243,2,1,0,0,0,0,0,0,0,0,0,0
2001,240243,3,1,0,0,0,0,0,0,0,0,0,0
2001,240243,4,1,0,0,0,0,0,0,0,0,0,0
2001,240244,1,1,8,12,27,18,9,11,5,24,15,24
2001,240244,2,1,0,0,0,0,0,0,0,0,0,0
2001,240245,1,1,4,4,4,4,4,4,4,4,4,4
2001,240245,2,1,0,0,0,0,0,0,0,0,0,0
2001,240246,0,1,0,0,0,0,0,0,0,0,0,0
2001,240246,1,1,0,0,0,0,0,0,0,0,0,0
2001,240247,1,1,0,0,0,0,0,0,0,0,0,0
2001,240247,2,1,0,13,0,0,0,0,0,0,0,0
2001,240247,3,1,0,0,0,0,0,0,0,0,0,0
2001,240247,4,1,0,0,0,0,0,0,0,0,0,0
2001,240248,1,1,0,0,0,0,0,0,0,0,0,0
2001,240248,2,1,0,0,0,0,0,0,0,0,0,0
2001,240249,1,1,0,0,0,0,0,0,0,0,0,0
2001,240249,2,1,0,0,0,0,0,0,0,0,0,0
2001,240250,1,1,0,0,0,0,0,0,0,0,0,0
2001,240250,2,1,0,0,0,0,0,0,0,0,0,0
2001,240251,1,1,10,34,41,30,22,24,32,12,33,13
2001,240252,0,1,20,20,20,20,20,20,20,20,20,20
2001,240252,1,1,0,0,0,0,0,0,0,0,0,0
2001,240253,1,1,4,4,4,4,4,4,4,4,4,4
2001,240254,1,1,14,9,0,16,19,22,0,0,49,0
2001,240254,2,1,0,0,0,0,0,0,0,0,0,0
2001,240255,1,1,12,12,12,12,12,12,12,12,12,12
2001,240256,1,1,0,0,0,0,0,0,0,0,0,0
2001,240257,1,1,0,0,0,0,0,0,0,0,0,0
2001,240257,2,1,0,0,0,0,0,0,0,0,0,0
2001,240258,1,1,0,0,0,0,0,0,0,0,0,0
2001,240258,2,1,0,0,0,0,12,0,0,0,0,0
2001,240259,1,1,0,0,0,0,0,0,0,0,0,0
2001,240260,1,1,0,0,0,0,0,0,0,0,0,0
2001,240261,1,1,0,0,0,0,0,0,0,0,0,0
2001,240261,2,1,0,0,0,0,0,0,0,0,0,0
2001,240262,1,1,0,0,8,0,0,0,0,0,0,0
2001,240262,2,1,0,0,0,0,0,0,0,0,0,0
2001,240263,1,1,0,0,0,0,0,0,0,0,0,0
2001,240263,2,1,0,0,0,0,0,0,0,0,0,0
2001,240264,0,1,0,0,21,6,14,9,0,0,0,31
2001,240264,1,1,0,17,0,0,2,0,0,0,0,13
2001,240265,1,1,0,0,0,0,0,0,0,0,0,0
2001,240266,1,1,0,0,0,0,0,0,0,0,0,0
2001,240266,2,1,34,34,34,34,34,34,34,34,34,34
2001,240267,0,1,0,0,0,0,0,0,0,0,0,0
2001,240267,1,1,0,0,0,0,0,0,0,0,11,0
2001,240268,1,1,0,0,0,0,0,0,0,0,0,0
2001,240268,2,1,0,0,0,0,0,0,0,0,0,0
2001,240269,1,1,0,0,0,0,0,0,0,0,0,0
2001,240269,2,1,0,0,0,0,0,0,0,0,0,0
2001,240270,1,1,0,0,0,0,0,0,0,0,0,0
2001,240271,1,1,0,0,0,0,0,0,0,0,0,0
2001,240272,1,1,23,0,4,0,13,10,0,0,20,0
2001,240273,1,1,0,0,0,0,0,0,0,0,0,0
2001,240273,2,1,0,0,0,0,0,0,0,0,0,0
2001,240274,1,1,0,0,0,0,0,0,0,0,0,0
2001,240275,1,1,0,0,0,0,0,0,0,0,0,0
2001,240276,1,1,0,0,0,0,0,0,0,0,0,0
2001,240277,0,1,0,0,0,0,0,0,0,0,0,0
2001,240277,1,1,0,0,0,0,0,0,0,0,0,0
2001,240278,1,1,0,0,0,0,0,0,0,0,0,0
2001,240278,2,1,0,0,0,0,0,0,0,0,0,0
2001,240279,1,1,13,13,13,13,13,13,13,13,13,13
2001,240279,2,1,0,0,0,0,21,0,0,14,0,0
2001,240280,1,1,14,9,21,13,11,6,6,10,11,15
2001,240281,0,1,7,7,7,7,7,7,7,7,7,7
2001,240281,1,1,17,17,17,17,17,17,17,17,17,17
2001,240282,1,1,11,11,11,11,11,11,11,11,11,11
2001,240283,1,1,0,0,0,0,0,0,0,0,0,0
2001,240284,1,1,5,5,5,5,5,5,5,5,5,5
2001,240285,1,1,1,1,1,1,1,1,1,1,1,1
2001,240286,1,1,0,0,0,0,0,0,0,0,0,0
2001,240287,1,1,0,0,0,0,0,0,0,0,0,0
2001,240288,1,1,1,1,1,1,1,1,1,1,1,1