YEAR,st_case,veh_no,per_no,P1,P2,P3,P4,P5,P6,P7,P8,P9,P10
2001,260596,3,1,0,0,0,0,0,0,0,0,18,0
2001,260596,4,1,0,0,0,0,0,0,0,0,0,0
2001,260597,1,1,15,15,15,15,15,15,15,15,15,15
2001,260598,1,1,0,0,0,0,0,0,0,0,0,0
2001,260598,2,1,0,0,0,0,0,0,0,0,13,0
2001,260599,1,1,19,19,19,19,19,19,19,19,19,19
2001,260600,1,1,0,0,0,0,0,0,0,0,0,0
2001,260600,2,1,0,0,0,0,0,0,0,0,0,0
2001,260601,1,1,0,0,0,0,0,0,0,0,0,0
2001,260602,1,1,0,0,0,0,0,0,0,0,0,0
2001,260602,2,1,0,0,0,0,0,0,0,0,0,0
2001,260603,1,1,0,0,0,0,0,0,0,0,0,0
2001,260603,2,1,0,0,0,0,0,0,0,8,0,0
2001,260604,1,1,8,8,8,8,8,8,8,8,8,8
2001,260604,2,1,0,0,0,0,0,0,0,0,0,0
2001,260605,0,1,0,0,0,0,0,0,0,0,0,0
2001,260605,0,2,0,0,0,0,0,0,0,0,0,0
2001,260605,0,3,0,0,0,0,0,0,0,0,0,0
2001,260605,1,1,0,0,0,0,0,0,0,0,0,0
2001,260605,2,1,0,0,0,0,0,0,0,0,0,0
2001,260606,1,1,0,0,13,0,0,0,0,0,0,0
2001,260607,1,1,0,0,0,0,0,0,0,0,0,0
2001,260608,1,1,0,0,0,0,0,0,0,0,0,0
2001,260608,2,1,0,0,0,0,0,0,0,0,0,0
2001,260609,1,1,0,21,20,0,20,7,0,0,0,0
2001,260610,1,1,26,26,26,26,26,26,26,26,26,26
2001,260611,1,1,0,0,0,0,0,0,0,0,0,0
2001,260612,1,1,30,30,30,30,30,30,30,30,30,30
2001,260613,1,1,13,13,13,13,13,13,13,13,13,13
2001,260614,1,1,25,25,25,25,25,25,25,25,25,25
2001,260614,2,1,0,0,0,0,0,0,0,0,0,0
2001,260615,1,1,0,0,0,0,0,0,0,0,0,0
2001,260615,2,1,0,0,0,0,0,0,0,0,0,0
2001,260615,3,1,0,0,0,0,0,0,0,0,0,0
2001,260616,1,1,0,0,0,0,0,0,0,0,0,0
2001,260616,2,1,0,0,0,0,22,14,0,0,0,0
2001,260617,1,1,11,11,11,11,11,11,11,11,11,11
2001,260618,1,1,0,0,0,0,0,0,0,0,0,0
2001,260618,2,1,0,0,0,0,0,0,0,0,0,0
2001,260618,3,1,0,0,0,0,0,0,0,0,0,0
2001,260619,1,1,16,16,16,16,16,16,16,16,16,16
2001,260620,1,1,0,0,0,0,0,0,0,0,0,0
2001,260620,2,1,0,0,0,0,0,0,0,0,0,0
2001,260620,3,1,0,0,0,0,0,0,0,0,0,0
2001,260621,0,1,22,22,22,22,22,22,22,22,22,22
2001,260621,1,1,0,0,0,0,0,0,0,0,0,0
2001,260622,1,1,0,0,0,0,0,0,0,0,0,0
2001,260622,2,1,0,0,0,0,0,0,0,0,0,0
2001,260623,1,1,0,0,0,0,0,0,0,0,0,0
2001,260623,2,1,0,0,0,0,0,0,0,14,0,0
2001,260623,3,1,0,0,0,0,0,0,0,35,0,0
2001,260624,1,1,0,0,0,0,0,0,0,0,0,0
2001,260624,2,1,0,0,0,0,0,0,0,0,0,0
2001,260625,1,1,0,0,0,0,0,0,0,0,0,0
2001,260625,2,1,0,0,0,0,0,0,0,0,0,0
2001,260625,3,1,0,0,11,0,0,0,0,0,9,0
2001,260626,0,1,20,20,20,20,20,20,20,20,20,20
2001,260626,1,1,0,0,0,0,0,0,0,0,0,0
2001,260627,1,1,9,9,9,9,9,9,9,9,9,9
2001,260628,1,1,18,0,0,14,0,0,0,0,13,0
2001,260629,1,1,0,0,0,0,0,0,0,0,0,0
2001,260630,1,1,12,12,12,12,12,12,12,12,12,12
2001,260630,2,1,0,0,0,0,0,0,0,0,0,0
2001,260631,1,1,0,16,0,15,0,0,0,0,0,0
2001,260632,1,1,9,9,9,9,9,9,9,9,9,9
2001,260632,2,1,0,14,0,15,0,0,5,0,0,0
2001,260633,1,1,29,29,29,29,29,29,29,29,29,29
2001,260634,0,1,17,17,17,17,17,17,17,17,17,17
2001,260634,1,1,0,0,0,0,0,0,0,0,0,0
2001,260635,1,1,17,17,17,17,17,17,17,17,17,17
2001,260636,1,1,15,15,15,15,15,15,15,15,15,15
2001,260637,1,1,11,12,6,14,16,17,13,18,7,8
2001,260638,1,1,0,0,0,0,0,0,0,0,0,0
2001,260639,1,1,25,25,25,25,25,25,25,25,25,25
2001,260639,2,1,0,0,0,10,0,0,0,10,11,0
2001,260640,1,1,5,5,5,5,5,5,5,5,5,5
2001,260641,1,1,12,12,12,12,12,12,12,12,12,12
2001,260642,1,1,0,0,0,0,0,0,0,0,0,0
2001,260642,2,1,0,0,0,0,0,0,0,0,0,0
2001,260642,3,1,0,0,0,0,0,0,0,0,0,0
2001,260642,4,1,0,0,0,0,0,0,0,0,0,0
2001,260642,5,1,0,0,0,0,0,0,0,0,0,0
2001,260642,6,1,0,0,0,0,0,0,0,0,0,0
2001,260642,7,1,0,0,0,0,0,0,0,0,0,0
2001,260642,8,1,0,0,0,0,0,0,0,0,0,0
2001,260643,1,1,18,18,18,18,18,18,18,18,18,18
2001,260644,0,1,0,0,0,0,0,0,0,0,0,0
2001,260644,1,1,0,0,0,0,0,0,0,0,0,0
2001,260645,1,1,8,8,8,8,8,8,8,8,8,8
2001,260646,1,1,11,11,11,11,11,11,11,11,11,11
2001,260647,1,1,22,22,22,22,22,22,22,22,22,22
2001,260648,0,1,0,0,0,0,0,0,0,0,0,0
2001,260648,1,1,0,0,0,0,0,0,0,0,0,0
2001,260648,2,1,0,0,0,0,0,0,0,0,0,0
2001,260649,1,1,0,0,0,0,0,6,4,0,0,0
2001,260650,1,1,0,0,0,0,0,0,0,0,0,0
2001,260650,2,1,0,0,0,0,0,0,0,0,0,0
2001,260651,1,1,24,24,24,24,24,24,24,24,24,24
2001,260651,2,1,0,0,0,0,0,0,0,0,0,0
2001,260652,1,1,5,5,5,5,5,5,5,5,5,5
2001,260652,2,1,0,0,0,0,0,0,0,0,0,0
2001,260653,1,1,0,0,0,0,0,0,0,0,0,0
2001,260654,1,1,0,0,0,0,0,0,0,0,0,0
2001,260654,2,1,0,0,0,0,0,0,0,0,0,0
2001,260655,1,1,0,0,0,0,0,0,0,0,0,0
2001,260655,2,1,0,0,0,0,0,0,0,0,0,0
2001,260656,1,1,0,0,0,0,0,0,0,0,0,0
2001,260656,2,1,0,0,0,0,0,0,0,0,0,0
2001,260657,0,1,26,26,26,26,26,26,26,26,26,26
2001,260657,1,1,0,0,0,0,0,0,0,0,0,0
2001,260658,1,1,4,4,4,4,4,4,4,4,4,4
2001,260658,2,1,0,0,0,0,0,0,0,0,0,0
2001,260658,3,1,0,0,0,0,0,0,0,0,0,0
2001,260659,1,1,0,0,0,0,0,0,0,0,0,0
2001,260659,2,1,0,0,0,0,0,0,0,0,0,0
2001,260660,1,1,0,0,0,0,0,0,0,0,0,0
2001,260660,2,1,0,0,0,0,0,0,0,0,0,0
2001,260661,1,1,0,0,0,0,0,0,0,0,0,0
2001,260661,2,1,0,0,0,0,0,0,0,0,0,0
2001,260662,1,1,0,0,0,0,0,12,0,0,0,0
2001,260663,1,1,0,0,0,15,0,0,0,0,0,0
2001,260663,2,1,0,0,0,0,0,0,0,0,0,0
2001,260664,1,1,16,16,16,16,16,16,16,16,16,16
2001,260665,1,1,0,0,0,0,0,0,0,0,0,0
2001,260665,2,1,0,0,0,0,0,0,0,0,0,0
2001,260666,1,1,0,0,0,0,0,0,0,0,0,0
2001,260667,1,1,0,0,0,0,0,0,0,0,8,0
2001,260668,1,1,6,7,12,10,16,0,27,18,0,7
2001,260668,2,1,0,0,0,0,0,0,0,0,0,0
2001,260668,3,1,0,0,0,0,0,0,0,0,0,0
2001,260668,4,1,0,0,0,0,0,0,0,0,0,0
2001,260668,5,1,0,0,0,0,0,0,0,0,0,0
2001,260669,1,1,0,0,0,0,0,0,0,0,0,0
2001,260670,1,1,0,0,0,0,0,0,0,0,0,0
2001,260671,1,1,0,11,0,18,22,0,18,30,30,8
2001,260671,2,1,0,0,0,0,0,0,0,0,0,0
2001,260672,1,1,28,0,0,0,0,0,0,11,0,0
2001,260672,2,1,0,0,0,0,0,0,0,0,0,0
2001,260673,0,1,0,0,0,0,0,0,0,0,0,0
2001,260673,0,2,9,15,0,9,0,0,22,0,26,18
2001,260673,0,3,0,0,6,0,39,0,0,8,0,0
2001,260673,0,4,0,0,0,0,0,0,0,0,0,0
2001,260673,1,1,0,0,0,0,0,0,0,0,0,0
2001,260673,2,1,0,0,0,0,0,0,0,0,0,0
2001,260673,3,1,0,0,0,0,0,0,0,0,0,0
2001,260674,1,1,0,0,0,0,0,0,0,0,0,0
2001,260674,2,1,0,0,0,0,0,0,0,0,0,0
2001,260674,3,1,0,0,0,0,0,0,0,0,0,0
2001,260675,1,1,0,0,0,0,0,0,0,0,0,0
2001,260676,1,1,0,0,0,0,0,0,0,0,0,0
2001,260676,2,1,0,0,0,0,0,0,0,0,0,0
2001,260677,1,1,53,53,53,53,53,53,53,53,53,53
2001,260678,1,1,0,0,0,0,0,0,0,0,0,0
2001,260678,2,1,0,0,0,0,0,0,0,0,0,0
2001,260679,1,1,0,0,0,0,0,0,0,0,0,0
2001,260679,2,1,0,0,0,0,0,0,0,0,0,0
2001,260680,1,1,0,0,0,0,0,0,0,10,0,0
2001,260680,2,1,0,0,0,0,0,0,0,0,0,0
2001,260681,1,1,0,0,0,0,0,0,0,0,0,0
2001,260681,2,1,0,0,0,0,0,0,0,0,0,0
2001,260682,1,1,25,25,25,25,25,25,25,25,25,25
2001,260682,2,1,0,0,0,0,0,0,0,0,0,0
2001,260683,1,1,0,0,0,0,0,0,0,17,0,0
2001,260683,2,1,0,0,0,0,0,0,0,0,0,0
2001,260684,0,1,0,0,0,0,0,0,0,0,0,0
2001,260684,1,1,11,17,3,0,0,0,0,0,8,0
2001,260685,0,1,15,15,15,15,15,15,15,15,15,15
2001,260685,1,1,0,0,0,0,0,0,0,0,0,0
2001,260686,1,1,0,0,0,0,0,0,0,0,0,0
2001,260686,2,1,10,19,0,0,11,0,0,13,14,22
2001,260687,0,1,30,30,30,30,30,30,30,30,30,30
2001,260687,1,1,0,0,0,12,0,18,26,13,0,14
2001,260688,1,1,0,0,0,0,0,0,0,0,0,0
2001,260688,2,1,0,0,0,0,0,0,0,0,0,0
2001,260689,1,1,13,4,20,18,12,12,9,6,16,7
2001,260690,1,1,3,3,3,3,3,3,3,3,3,3
2001,260691,1,1,0,0,0,0,0,0,0,0,0,0
2001,260691,2,1,0,0,0,0,0,0,0,0,0,0
2001,260691,3,1,0,0,0,0,0,0,0,0,0,0
2001,260692,1,1,0,0,0,0,0,0,0,0,0,0
2001,260692,2,1,0,0,0,0,0,0,0,0,0,0
2001,260693,1,1,0,0,0,0,0,0,0,0,0,0
2001,260693,2,1,0,0,0,0,0,0,0,0,0,0
2001,260694,1,1,17,19,17,10,16,16,33,18,23,22
2001,260695,1,1,0,0,0,0,0,13,0,0,0,0
2001,260696,1,1,0,0,0,0,0,0,0,0,0,0
2001,260696,2,1,0,0,0,0,0,0,0,0,0,0
2001,260696,3,1,0,0,0,0,0,0,0,0,0,0
2001,260697,1,1,19,19,19,19,19,19,19,19,19,19
2001,260698,1,1,0,0,0,0,0,0,0,0,0,0
2001,260698,2,1,0,0,0,0,0,0,0,0,0,0
2001,260698,3,1,0,0,0,0,0,0,0,0,0,0
2001,260699,1,1,0,0,0,0,0,0,0,0,0,0
2001,260699,2,1,0,0,0,6,0,0,0,0,0,0
2001,260700,1,1,0,0,0,0,0,0,0,0,0,0
2001,260701,1,1,1,1,1,1,1,1,1,1,1,1
2001,260701,2,1,0,0,0,0,0,0,0,0,0,0
2001,260702,1,1,0,0,0,0,0,0,0,0,0,0
2001,260703,1,1,0,0,0,0,0,0,0,0,0,25
2001,260703,2,1,0,0,0,0,0,0,0,0,0,0
2001,260704,1,1,0,0,27,0,0,20,0,0,18,0
2001,260704,2,1,0,0,0,0,0,0,0,0,0,0
2001,260705,1,1,0,0,8,0,0,0,9,0,0,0
2001,260706,1,1,0,0,0,0,0,0,0,0,0,0
2001,260706,2,1,0,0,0,0,0,0,0,0,0,0
2001,260707,1,1,0,0,0,0,0,0,0,0,0,0
2001,260708,1,1,0,0,0,0,0,0,0,0,0,0
2001,260708,2,1,0,0,0,0,0,0,0,0,0,0
2001,260709,1,1,22,22,22,22,22,22,22,22,22,22
2001,260710,1,1,0,0,0,0,0,0,0,0,0,0
2001,260710,2,1,0,0,0,0,0,0,0,0,0,0
2001,260711,0,1,0,0,0,0,0,0,0,0,0,0
2001,260711,1,1,0,0,0,0,0,0,0,0,0,0
2001,260712,1,1,0,0,0,0,0,0,0,0,0,0
2001,260712,2,1,0,0,0,0,0,0,0,0,0,0
2001,260713,1,1,17,29,9,19,9,27,6,12,15,8
2001,260714,1,1,0,0,0,0,0,0,0,0,0,0
2001,260714,2,1,0,0,0,0,0,0,0,0,0,0
2001,260715,1,1,0,0,0,0,0,0,0,0,0,0
2001,260715,2,1,0,0,0,0,0,0,0,0,0,0
2001,260716,1,1,0,0,0,0,0,0,0,0,0,0
2001,260717,1,1,0,0,0,0,0,0,0,0,0,0
2001,260717,2,1,0,0,0,0,0,0,0,0,0,0
2001,260718,1,1,0,0,0,0,0,0,0,0,0,0
2001,260718,2,1,0,0,0,0,0,0,0,0,0,0
2001,260719,1,1,0,0,0,0,0,0,0,0,0,0
2001,260719,2,1,0,0,10,0,0,0,0,0,0,0
2001,260720,1,1,15,15,15,15,15,15,15,15,15,15
2001,260721,1,1,0,0,0,0,0,0,0,0,0,0
2001,260721,2,1,0,0,0,0,0,0,0,0,0,0
2001,260721,3,1,0,0,0,0,0,0,0,0,0,0
2001,260722,1,1,2,33,27,24,0,5,21,23,12,13
2001,260723,1,1,17,17,17,17,17,17,17,17,17,17
2001,260724,1,1,14,14,14,14,14,14,14,14,14,14
2001,260724,2,1,0,0,0,0,0,0,0,0,0,0
2001,260725,1,1,12,10,20,11,14,9,23,27,29,29
2001,260726,1,1,22,0,25,29,7,12,18,22,12,14
2001,260727,1,1,13,13,13,13,13,13,13,13,13,13
2001,260727,2,1,0,10,0,0,0,0,0,0,0,0
2001,260728,1,1,0,0,0,0,0,0,0,0,0,0
2001,260728,2,1,22,0,0,0,0,0,0,0,0,7
2001,260729,1,1,0,0,0,0,0,0,0,0,0,0
2001,260730,0,1,20,20,20,20,20,20,20,20,20,20
2001,260730,1,1,0,0,0,0,0,0,0,0,0,0
2001,260731,1,1,17,17,17,17,17,17,17,17,17,17
2001,260731,2,1,0,0,0,0,0,0,0,0,0,0
2001,260732,1,1,0,0,0,0,0,16,0,0,0,0
2001,260733,1,1,0,0,0,0,0,0,0,0,0,0
2001,260733,2,1,0,0,0,0,0,0,0,0,0,0
2001,260733,3,1,0,0,0,0,0,0,0,0,5,0
2001,260734,1,1,25,25,25,25,25,25,25,25,25,25
2001,260734,2,1,0,0,0,9,0,0,0,0,0,0
2001,260734,3,1,0,0,0,0,0,0,0,0,0,0
2001,260735,1,1,12,12,12,12,12,12,12,12,12,12
2001,260736,1,1,20,20,20,20,20,20,20,20,20,20
2001,260737,1,1,0,0,0,0,0,0,0,16,0,0
2001,260737,2,1,0,0,0,11,0,0,0,0,0,0
2001,260737,3,1,0,0,0,0,0,0,0,0,0,0
2001,260738,1,1,0,0,0,0,0,0,0,0,0,0
2001,260738,2,1,0,0,0,0,0,0,0,0,0,0
2001,260739,1,1,0,0,0,0,0,0,0,0,0,0
2001,260739,2,1,0,0,0,0,0,0,0,0,0,0
2001,260740,1,1,0,0,0,0,0,0,0,0,0,0
2001,260740,2,1,0,0,0,0,0,0,0,0,0,0
2001,260741,0,1,27,27,27,27,27,27,27,27,27,27
2001,260741,1,1,10,10,10,10,10,10,10,10,10,10
2001,260742,1,1,18,18,18,18,18,18,18,18,18,18
2001,260743,1,1,0,0,0,0,0,0,0,0,0,0
2001,260743,2,1,0,0,0,0,0,0,0,0,0,0
2001,260744,1,1,25,25,25,25,25,25,25,25,25,25
2001,260745,0,1,0,0,0,0,0,0,0,0,0,0
2001,260745,0,2,0,0,17,0,0,0,0,0,0,0
2001,260745,1,1,5,0,15,22,0,0,6,0,6,3
2001,260746,1,1,32,32,32,32,32,32,32,32,32,32
2001,260747,1,1,8,16,9,26,7,3,11,21,26,14
2001,260748,1,1,0,0,0,0,0,0,0,0,0,0
2001,260748,2,1,0,0,0,0,0,0,0,0,0,0
2001,260749,0,1,0,0,0,0,0,0,0,0,0,0
2001,260749,1,1,0,0,0,0,0,0,0,0,0,0
2001,260750,0,1,0,0,0,0,0,0,0,0,0,0
2001,260750,1,1,19,5,0,0,0,0,0,14,11,11
2001,260751,0,1,34,34,34,34,34,34,34,34,34,34
2001,260751,1,1,18,21,21,11,10,0,9,19,7,13
2001,260752,1,1,13,13,13,13,13,13,13,13,13,13
2001,260753,1,1,21,11,15,8,27,0,6,10,13,24
2001,260753,2,1,0,0,0,0,0,0,0,0,0,0
2001,260754,1,1,26,20,34,0,18,11,15,15,49,8
2001,260755,1,1,0,0,0,0,0,0,0,0,0,0
2001,260755,2,1,0,0,20,0,0,0,0,0,0,0
2001,260755,3,1,0,0,0,0,0,0,0,0,0,0
2001,260756,0,1,0,0,0,0,0,0,0,0,0,0
2001,260756,1,1,0,0,0,0,0,0,0,0,0,0
2001,260757,1,1,0,0,0,0,0,0,0,0,0,0
2001,260758,1,1,0,0,0,0,0,0,0,0,0,0
2001,260758,2,1,0,0,0,0,0,0,0,0,0,0
2001,260759,1,1,0,0,0,0,0,0,0,0,0,0
2001,260759,2,1,0,0,0,0,0,0,0,0,0,0
2001,260760,1,1,16,16,16,16,16,16,16,16,16,16
2001,260760,2,1,0,0,0,0,0,0,0,0,0,0
2001,260761,1,1,0,9,0,0,0,0,0,0,0,0
2001,260761,2,1,0,0,0,0,0,0,0,0,0,0
2001,260762,1,1,0,0,0,0,0,0,0,0,0,0
2001,260762,2,1,0,0,0,0,0,0,0,0,0,0
2001,260763,1,1,0,0,0,0,0,0,0,0,20,0
2001,260763,2,1,0,0,0,0,0,0,0,0,0,0
2001,260764,1,1,0,0,0,0,0,0,0,0,0,0
2001,260765,0,1,0,0,0,0,0,0,0,0,0,0
2001,260765,1,1,0,0,0,0,0,0,0,0,0,0
2001,260766,0,1,0,0,0,0,0,0,0,0,0,0
2001,260766,1,1,0,0,0,0,0,0,0,0,0,0
2001,260767,1,1,13,13,13,13,13,13,13,13,13,13
2001,260767,2,1,0,0,0,0,0,0,5,0,0,0
2001,260768,1,1,0,0,0,0,0,0,0,0,0,0
2001,260768,2,1,0,0,0,6,0,0,0,0,0,0
2001,260768,3,1,0,0,0,0,0,0,0,0,0,18
2001,260769,1,1,0,0,0,0,0,0,0,0,0,0
2001,260769,2,1,0,0,0,0,0,0,0,0,0,0
2001,260769,3,1,0,0,0,0,0,0,0,0,0,0
2001,260770,1,1,3,6,15,4,16,8,13,21,14,13
2001,260771,0,1,0,0,0,0,0,0,0,0,0,0
2001,260771,1,1,0,0,0,0,23,0,0,0,0,0
2001,260772,0,1,0,0,0,0,0,0,0,0,0,0
2001,260772,1,1,18,18,18,18,18,18,18,18,18,18
2001,260773,1,1,0,0,0,0,0,0,0,0,0,0
2001,260773,2,1,0,0,0,0,0,0,0,0,0,0
2001,260773,3,1,0,0,0,0,0,0,0,0,0,0
2001,260773,4,1,0,0,0,0,0,0,0,0,0,0
2001,260774,1,1,0,0,0,0,0,0,0,0,0,0
2001,260774,2,1,0,0,0,0,0,0,0,0,0,0
2001,260775,0,1,12,12,12,12,12,12,12,12,12,12
2001,260775,1,1,0,0,0,0,0,0,0,0,0,0
2001,260776,1,1,15,15,15,15,15,15,15,15,15,15
2001,260777,1,1,0,0,0,8,0,0,0,0,0,0
2001,260778,1,1,0,0,0,0,0,0,0,0,0,0
2001,260778,2,1,0,0,0,0,0,0,0,0,0,0
2001,260779,1,1,0,0,0,0,0,0,0,0,0,0
2001,260779,2,1,0,0,0,0,0,0,0,0,0,0
2001,260779,3,1,0,0,0,0,0,0,0,0,0,0
2001,260780,1,1,0,0,0,0,0,0,0,0,0,0
2001,260781,1,1,0,0,0,0,0,0,11,0,0,0
2001,260781,2,1,0,0,0,0,0,0,0,0,0,0
2001,260782,1,1,0,0,0,0,0,0,0,0,0,0
2001,260782,2,1,4,6,5,0,17,17,12,13,21,22
2001,260783,1,1,0,0,0,0,0,0,0,0,0,0
2001,260783,2,1,0,0,0,0,0,0,0,0,0,0
2001,260784,1,1,8,8,8,8,8,8,8,8,8,8
2001,260785,0,1,39,39,39,39,39,39,39,39,39,39
2001,260785,1,1,15,0,0,0,0,0,0,0,0,0
2001,260786,1,1,0,8,0,0,0,27,0,0,10,0
2001,260787,1,1,11,11,11,11,11,11,11,11,11,11
2001,260788,1,1,0,0,0,0,0,0,0,0,0,0
2001,260789,1,1,0,0,0,0,0,0,0,0,0,0
2001,260789,2,1,0,0,0,0,0,0,0,0,0,0
2001,260790,1,1,20,20,20,20,20,20,20,20,20,20
2001,260791,1,1,18,0,17,0,0,18,5,22,0,17
2001,260792,1,1,8,8,8,8,8,8,8,8,8,8
2001,260793,1,1,26,26,26,26,26,26,26,26,26,26
2001,260794,1,1,0,0,0,0,0,0,0,0,0,0
2001,260794,2,1,0,3,0,0,0,0,0,0,0,0
2001,260795,1,1,13,13,13,13,13,13,13,13,13,13
2001,260796,1,1,17,18,13,12,13,9,19,5,10,10
2001,260797,1,1,0,0,0,0,0,0,0,0,0,0
2001,260797,2,1,0,0,0,0,0,0,0,0,0,0
2001,260798,1,1,12,12,12,12,12,12,12,12,12,12
2001,260799,1,1,0,0,0,0,0,0,0,0,0,0
2001,260799,2,1,0,0,0,0,0,0,0,0,0,0
2001,260800,1,1,0,0,0,0,0,0,0,0,0,0
2001,260800,2,1,0,0,0,0,0,0,0,0,0,0
2001,260801,1,1,0,0,0,0,0,0,0,0,0,0
2001,260801,2,1,0,0,0,0,0,0,0,0,0,0
2001,260802,1,1,15,15,15,15,15,15,15,15,15,15
2001,260803,1,1,0,0,0,0,0,0,0,15,0,0
2001,260804,0,1,13,9,27,0,4,26,16,0,34,14
2001,260804,1,1,13,13,13,13,13,13,13,13,13,13
2001,260805,1,1,0,0,0,0,0,0,0,26,0,24
2001,260805,2,1,0,0,0,0,0,0,0,0,0,0
2001,260806,1,1,10,17,6,0,15,4,10,15,21,8
2001,260806,2,1,0,0,0,0,0,0,0,0,0,0
2001,260807,1,1,0,0,0,0,0,0,0,0,0,0
2001,260807,2,1,0,0,0,0,0,0,0,0,0,0
2001,260808,0,1,0,0,0,0,0,7,0,0,0,7
2001,260808,1,1,0,0,0,0,0,0,0,0,0,0
2001,260809,1,1,0,0,0,0,0,0,0,0,0,0
2001,260809,2,1,0,0,0,0,0,0,0,0,0,0
2001,260810,1,1,0,0,0,0,0,0,0,0,0,0
2001,260810,2,1,0,0,0,0,0,0,0,0,0,0
2001,260810,3,1,0,0,0,0,0,0,0,0,0,0
2001,260811,1,1,0,0,0,0,0,0,0,0,0,0
2001,260811,2,1,0,6,0,0,0,0,0,0,0,0
2001,260812,1,1,0,0,0,0,0,0,0,0,0,0
2001,260813,1,1,0,0,0,0,0,0,0,0,0,0
2001,260813,2,1,0,0,0,0,0,6,0,0,0,0
2001,260814,0,1,0,0,0,16,0,0,0,0,0,34
2001,260814,1,1,0,0,0,0,0,0,0,0,0,0
2001,260815,1,1,0,0,0,0,0,0,0,0,0,0
2001,260816,1,1,20,20,20,20,20,20,20,20,20,20
2001,260817,1,1,11,24,0,3,15,16,17,8,20,14
2001,260817,2,1,0,0,0,0,0,0,0,0,0,0
2001,260818,1,1,0,0,0,0,0,0,0,0,0,0
2001,260818,2,1,14,14,14,14,14,14,14,14,14,14
2001,260819,1,1,0,0,0,0,0,0,0,0,0,0
2001,260819,2,1,0,0,0,0,0,0,0,0,0,0
2001,260820,1,1,18,18,18,18,18,18,18,18,18,18
2001,260821,0,1,0,0,0,0,0,0,0,0,0,0
2001,260821,1,1,14,11,16,14,0,3,8,10,11,20
2001,260822,1,1,4,4,4,4,4,4,4,4,4,4
2001,260822,2,1,0,0,0,0,0,0,0,0,0,0
2001,260823,1,1,0,0,0,0,0,0,0,0,10,0
2001,260823,2,1,0,0,0,0,0,0,0,0,0,0
2001,260824,1,1,0,0,0,0,0,0,0,0,0,0
2001,260825,1,1,7,7,7,7,7,7,7,7,7,7
2001,260826,1,1,0,0,0,0,0,0,0,0,0,0
2001,260827,1,1,0,0,0,0,0,0,0,0,0,0
2001,260827,2,1,0,0,0,0,19,0,0,0,0,0
2001,260828,1,1,24,24,24,24,24,24,24,24,24,24
2001,260829,1,1,0,0,0,0,0,0,0,0,0,0
2001,260829,2,1,0,0,0,0,0,0,0,0,0,0
2001,260830,1,1,8,8,8,8,8,8,8,8,8,8
2001,260831,1,1,0,0,0,0,0,0,0,0,0,0
2001,260832,0,1,7,0,0,0,28,12,21,20,0,19
2001,260832,1,1,0,0,0,0,0,0,0,0,0,0
2001,260833,1,1,24,24,24,24,24,24,24,24,24,24
2001,260833,2,1,0,0,0,0,0,0,0,0,0,0
2001,260834,1,1,0,0,0,0,0,0,0,0,0,0
2001,260835,1,1,0,0,0,21,0,19,0,10,0,0
2001,260836,1,1,0,0,0,0,0,0,0,0,0,0
2001,260836,2,1,0,0,0,0,0,0,0,0,0,0
2001,260837,1,1,0,0,0,0,0,0,0,0,0,0
2001,260837,2,1,0,0,0,0,0,0,0,0,0,0
2001,260838,1,1,0,0,0,0,0,0,0,0,0,0
2001,260838,2,1,0,0,0,0,0,0,0,0,0,0
2001,260838,3,1,0,0,0,0,16,0,0,0,0,0
2001,260839,1,1,0,0,0,0,0,0,0,0,0,0
2001,260839,2,1,0,0,0,0,0,0,0,0,0,0
2001,260840,1,1,0,0,0,0,0,0,0,0,0,0
2001,260840,2,1,0,0,0,0,0,20,0,15,0,0
2001,260841,1,1,21,21,21,21,21,21,21,21,21,21
2001,260842,1,1,0,0,0,0,0,0,0,0,0,0
2001,260842,2,1,0,0,0,0,0,0,0,0,0,0
2001,260843,0,1,0,0,0,0,0,0,0,0,0,0
2001,260843,1,1,0,0,0,0,0,0,0,0,0,0
2001,260844,1,1,0,0,0,0,0,0,0,0,0,0
2001,260844,2,1,0,0,0,0,0,0,0,0,0,0
2001,260844,3,1,0,0,0,0,0,0,0,0,0,0
2001,260845,1,1,0,0,0,0,0,0,0,14,0,0
2001,260845,2,1,0,0,0,0,0,0,0,0,0,0
2001,260846,0,1,0,0,0,0,0,0,0,0,0,0
2001,260846,1,1,0,0,0,0,0,0,0,0,0,0
2001,260847,1,1,8,11,10,10,19,9,19,18,10,21
2001,260848,1,1,11,11,11,11,11,11,11,11,11,11
2001,260849,1,1,9,9,9,9,9,9,9,9,9,9
2001,260850,1,1,20,20,20,20,20,20,20,20,20,20
2001,260850,2,1,0,25,0,0,0,0,0,0,0,0
2001,260851,1,1,14,0,0,0,0,0,0,0,0,0
2001,260851,2,1,0,0,0,0,0,0,0,0,0,0
2001,260852,1,1,19,19,19,19,19,19,19,19,19,19
2001,260852,2,1,0,0,0,0,0,0,0,0,0,0
2001,260853,1,1,13,0,0,14,0,0,0,0,22,0
2001,260853,2,1,0,0,0,0,0,18,0,0,0,0
2001,260854,1,1,0,0,0,0,0,0,0,0,0,0
2001,260854,2,1,0,0,0,0,0,0,0,0,0,0