YEAR,st_case,veh_no,per_no,P1,P2,P3,P4,P5,P6,P7,P8,P9,P10
2001,260854,3,1,0,0,0,0,0,0,0,0,0,0
2001,260855,1,1,0,0,0,0,0,0,0,0,0,0
2001,260855,2,1,0,0,0,0,0,0,0,0,0,0
2001,260856,1,1,0,0,0,0,0,0,0,0,0,0
2001,260856,2,1,0,0,0,0,0,0,0,0,0,0
2001,260857,1,1,0,0,0,0,0,0,0,0,0,0
2001,260857,2,1,0,0,0,0,0,0,0,0,0,0
2001,260858,1,1,0,0,0,0,0,0,0,0,0,0
2001,260858,2,1,0,0,0,0,0,0,0,0,0,0
2001,260859,0,1,23,23,23,23,23,23,23,23,23,23
2001,260859,1,1,14,0,0,0,0,0,0,31,6,0
2001,260860,1,1,0,0,0,0,0,0,0,0,0,0
2001,260860,2,1,0,0,0,0,0,0,0,0,0,0
2001,260860,3,1,0,0,0,11,0,2,0,0,0,0
2001,260861,1,1,0,0,0,0,0,0,0,0,0,0
2001,260861,2,1,0,0,0,0,0,0,0,0,0,0
2001,260862,1,1,0,0,0,0,0,0,0,0,0,0
2001,260863,1,1,9,9,9,9,9,9,9,9,9,9
2001,260864,1,1,0,0,0,0,0,0,0,0,0,0
2001,260865,1,1,0,0,0,0,0,0,0,0,0,0
2001,260865,2,1,0,0,0,0,0,0,0,0,0,0
2001,260866,1,1,24,6,24,18,21,12,47,26,32,25
2001,260867,1,1,0,0,0,0,0,0,13,8,0,0
2001,260867,2,1,0,0,0,0,0,0,0,0,0,0
2001,260868,1,1,16,0,0,0,8,0,0,0,0,0
2001,260869,1,1,18,18,18,18,18,18,18,18,18,18
2001,260870,0,1,8,8,8,8,8,8,8,8,8,8
2001,260870,1,1,14,14,14,14,14,14,14,14,14,14
2001,260871,1,1,15,15,15,15,15,15,15,15,15,15
2001,260872,1,1,20,20,20,20,20,20,20,20,20,20
2001,260873,1,1,17,17,17,17,17,17,17,17,17,17
2001,260874,0,1,0,0,0,0,0,0,0,0,0,0
2001,260874,1,1,0,0,0,0,0,0,0,0,0,0
2001,260875,1,1,0,13,19,0,12,0,0,11,9,0
2001,260876,0,1,0,0,0,0,0,0,0,0,0,0
2001,260876,1,1,0,0,0,0,0,0,0,0,0,0
2001,260877,1,1,0,7,0,0,0,0,0,0,0,10
2001,260877,2,1,0,0,0,0,0,0,0,0,0,0
2001,260878,1,1,0,0,0,0,0,0,0,0,0,0
2001,260878,2,1,0,0,0,0,0,0,0,0,0,0
2001,260879,1,1,0,0,0,0,0,0,0,0,0,0
2001,260879,2,1,0,0,0,0,0,0,0,0,0,0
2001,260880,0,1,10,10,10,10,10,10,10,10,10,10
2001,260880,0,2,6,31,35,15,17,22,17,18,23,0
2001,260880,1,1,0,4,2,16,11,12,18,7,17,9
2001,260881,0,1,7,7,7,7,7,7,7,7,7,7
2001,260881,1,1,0,0,0,0,0,0,0,0,0,0
2001,260882,1,1,0,0,0,0,0,0,0,0,0,0
2001,260882,2,1,0,0,0,0,0,0,0,0,0,0
2001,260883,0,1,20,28,24,29,14,18,19,11,24,22
2001,260883,1,1,27,0,0,16,0,9,13,19,14,0
2001,260884,1,1,0,0,0,0,0,0,0,0,0,0
2001,260885,1,1,19,19,19,19,19,19,19,19,19,19
2001,260886,1,1,0,0,0,0,0,0,0,0,0,0
2001,260887,1,1,11,11,11,11,11,11,11,11,11,11
2001,260888,1,1,0,0,0,0,0,0,0,0,0,0
2001,260888,2,1,0,0,0,0,0,0,0,0,0,0
2001,260889,1,1,23,23,23,23,23,23,23,23,23,23
2001,260890,1,1,0,0,0,0,0,0,0,0,0,0
2001,260890,2,1,0,0,0,0,0,0,0,0,0,0
2001,260891,1,1,0,0,0,0,0,0,0,0,0,0
2001,260891,2,1,0,0,0,0,0,0,0,0,0,0
2001,260892,1,1,0,0,0,0,0,0,0,0,0,0
2001,260893,1,1,17,17,17,17,17,17,17,17,17,17
2001,260894,0,1,0,0,0,0,0,0,0,0,0,0
2001,260894,1,1,0,0,0,0,0,0,0,0,0,0
2001,260895,0,1,0,0,0,0,0,0,0,0,0,0
2001,260895,1,1,0,0,0,0,0,0,0,0,0,0
2001,260896,1,1,0,0,0,0,0,0,0,0,0,0
2001,260896,2,1,0,0,0,0,0,0,0,0,0,0
2001,260897,0,1,0,0,0,0,0,0,0,0,0,0
2001,260897,0,2,0,0,0,20,26,0,0,0,17,15
2001,260897,1,1,14,14,14,14,14,14,14,14,14,14
2001,260898,1,1,0,0,0,0,0,0,18,0,6,8
2001,260899,0,1,0,0,0,0,0,0,0,0,0,0
2001,260899,1,1,0,0,0,0,0,0,0,0,0,0
2001,260900,1,1,0,20,0,0,0,0,0,0,0,0
2001,260900,2,1,0,0,0,0,12,0,0,0,0,0
2001,260901,1,1,7,0,0,0,0,24,13,26,11,15
2001,260901,2,1,21,21,21,21,21,21,21,21,21,21
2001,260902,1,1,0,10,0,0,26,0,13,12,21,0
2001,260903,1,1,0,0,0,0,0,0,0,0,0,0
2001,260903,2,1,0,0,0,0,0,0,0,0,0,0
2001,260904,1,1,0,0,0,0,0,0,0,0,0,0
2001,260904,2,1,0,0,0,0,0,0,0,0,0,0
2001,260905,1,1,0,0,0,0,0,0,0,0,0,0
2001,260905,2,1,0,0,0,0,0,0,0,0,0,0
2001,260906,1,1,0,0,0,0,0,0,0,0,0,0
2001,260906,2,1,0,0,0,0,0,0,0,0,0,0
2001,260907,1,1,22,22,22,22,22,22,22,22,22,22
2001,260907,2,1,0,14,0,0,0,0,0,0,0,0
2001,260908,1,1,0,0,0,0,0,0,0,0,0,0
2001,260908,2,1,0,0,0,0,0,0,0,0,0,0
2001,260909,1,1,0,0,0,0,0,0,0,0,0,0
2001,260909,2,1,0,0,0,0,0,0,0,0,0,0
2001,260909,3,1,0,0,0,0,0,0,0,0,0,0
2001,260910,0,1,0,0,0,0,0,0,0,0,0,0
2001,260910,1,1,0,0,0,0,16,0,0,19,18,0
2001,260911,1,1,0,0,0,0,0,0,0,0,0,0
2001,260911,2,1,0,0,0,0,0,0,0,0,0,0
2001,260912,1,1,0,0,0,0,0,0,0,0,0,0
2001,260913,1,1,12,12,12,12,12,12,12,12,12,12
2001,260913,2,1,0,0,0,13,13,0,0,3,0,0
2001,260914,0,1,16,16,16,16,16,16,16,16,16,16
2001,260914,1,1,0,15,17,0,18,23,13,10,4,8
2001,260915,1,1,19,19,19,19,19,19,19,19,19,19
2001,260915,2,1,0,0,0,0,0,0,0,0,0,0
2001,260916,1,1,7,7,7,7,7,7,7,7,7,7
2001,260917,0,1,0,0,0,0,0,0,0,0,0,0
2001,260917,0,2,0,0,0,0,0,0,0,0,0,0
2001,260917,0,3,0,0,0,0,0,0,0,0,0,0
2001,260917,1,1,0,0,0,0,0,0,0,0,0,0
2001,260918,0,1,17,17,17,17,17,17,17,17,17,17
2001,260918,1,1,14,14,14,14,14,14,14,14,14,14
2001,260919,1,1,21,21,21,21,21,21,21,21,21,21
2001,260919,2,1,0,0,0,0,0,0,0,0,0,0
2001,260920,1,1,19,19,19,19,19,19,19,19,19,19
2001,260921,1,1,0,0,0,0,0,0,0,0,0,0
2001,260921,2,1,0,0,0,0,0,0,0,0,0,0
2001,260922,1,1,0,0,0,0,0,0,0,0,0,0
2001,260923,1,1,0,0,0,0,0,0,0,0,0,0
2001,260923,2,1,0,0,0,0,0,0,0,0,0,0
2001,260924,1,1,4,4,4,4,4,4,4,4,4,4
2001,260925,0,1,0,0,0,0,0,0,0,0,0,0
2001,260925,1,1,0,0,0,0,0,0,0,0,0,0
2001,260926,1,1,0,0,0,0,0,0,0,0,0,0
2001,260926,2,1,0,0,0,0,0,0,0,0,0,0
2001,260926,3,1,0,0,0,0,0,0,0,0,0,5
2001,260927,1,1,0,0,0,0,0,0,0,0,0,0
2001,260927,2,1,0,0,0,0,0,13,0,0,0,0
2001,260928,1,1,14,14,14,14,14,14,14,14,14,14
2001,260928,2,1,8,8,8,8,8,8,8,8,8,8
2001,260929,1,1,0,0,0,0,0,0,0,0,0,0
2001,260929,2,1,0,0,0,0,0,0,0,0,0,0
2001,260930,1,1,14,14,14,14,14,14,14,14,14,14
2001,260931,1,1,21,21,21,21,21,21,21,21,21,21
2001,260932,1,1,13,13,13,13,13,13,13,13,13,13
2001,260933,1,1,19,19,19,19,19,19,19,19,19,19
2001,260934,1,1,0,0,0,0,0,0,0,0,0,0
2001,260934,2,1,0,0,0,0,0,0,0,0,0,0
2001,260934,3,1,0,0,0,0,0,0,0,0,0,0
2001,260935,1,1,11,11,11,11,11,11,11,11,11,11
2001,260936,0,1,0,0,6,0,0,0,0,0,0,0
2001,260936,1,1,0,0,0,0,0,0,0,0,0,0
2001,260936,2,1,0,0,0,0,0,0,0,0,0,0
2001,260937,1,1,0,0,0,0,0,0,0,0,0,0
2001,260938,1,1,17,17,17,17,17,17,17,17,17,17
2001,260939,1,1,0,0,0,0,0,0,0,0,0,0
2001,260939,2,1,0,0,0,0,0,0,0,0,0,0
2001,260939,3,1,0,0,0,0,0,0,0,0,0,0
2001,260940,1,1,0,0,0,0,0,0,0,0,0,0
2001,260940,2,1,0,0,0,0,0,0,0,0,0,0
2001,260941,1,1,0,0,0,0,0,0,0,0,0,0
2001,260941,2,1,0,0,0,0,0,0,0,0,0,0
2001,260942,1,1,0,0,0,0,0,0,0,0,0,0
2001,260942,2,1,0,0,0,0,0,0,0,0,0,0
2001,260943,1,1,0,0,0,0,0,0,0,0,0,0
2001,260943,2,1,0,0,0,0,0,0,0,0,0,0
2001,260944,1,1,14,14,14,14,14,14,14,14,14,14
2001,260944,2,1,0,0,9,0,0,0,0,0,0,0
2001,260945,1,1,22,22,22,22,22,22,22,22,22,22
2001,260946,1,1,0,0,0,0,0,0,0,0,0,0
2001,260947,1,1,0,0,0,0,0,0,0,0,0,0
2001,260947,2,1,0,0,0,0,0,0,0,0,0,0
2001,260947,3,1,0,0,0,0,0,0,0,0,0,0
2001,260948,1,1,0,0,0,0,0,17,0,11,0,0
2001,260949,1,1,21,21,21,21,21,21,21,21,21,21
2001,260949,2,1,0,0,0,0,0,0,0,0,0,0
2001,260950,1,1,19,19,19,19,19,19,19,19,19,19
2001,260951,1,1,0,0,0,0,0,0,0,0,0,0
2001,260952,1,1,0,0,0,0,0,0,0,0,0,0
2001,260952,2,1,0,0,0,0,0,0,0,0,0,0
2001,260953,1,1,10,10,10,10,10,10,10,10,10,10
2001,260954,1,1,0,0,0,0,0,0,0,0,0,0
2001,260955,1,1,0,0,0,0,0,0,0,0,0,0
2001,260955,2,1,8,0,0,0,0,0,0,0,0,0
2001,260956,1,1,0,17,0,29,13,0,18,8,12,18
2001,260957,1,1,0,0,0,0,0,0,0,0,0,0
2001,260958,1,1,0,0,0,0,0,0,0,0,0,0
2001,260958,2,1,0,0,0,0,0,0,0,0,0,0
2001,260959,1,1,0,0,0,0,0,0,0,0,0,0
2001,260960,0,1,0,0,0,0,0,0,0,0,0,0
2001,260960,1,1,0,0,0,0,0,0,0,0,0,0
2001,260961,1,1,0,0,0,0,0,0,0,0,0,0
2001,260961,2,1,0,0,0,0,0,0,0,0,0,0
2001,260961,3,1,0,0,0,0,0,0,0,0,0,0
2001,260961,4,1,0,0,0,0,0,0,0,0,0,0
2001,260961,5,1,0,0,0,0,0,0,0,0,0,0
2001,260961,6,1,0,0,0,0,0,0,0,0,0,0
2001,260961,7,1,0,0,0,0,0,0,0,0,0,0
2001,260961,8,1,0,0,0,0,0,0,0,0,0,0
2001,260961,9,1,0,0,0,0,0,0,0,0,0,0
2001,260962,1,1,18,0,18,7,0,0,20,0,0,0
2001,260963,1,1,7,28,12,9,25,34,0,26,0,0
2001,260964,1,1,1,1,1,1,1,1,1,1,1,1
2001,260965,1,1,0,0,0,0,0,0,0,0,0,0
2001,260966,1,1,1,1,1,1,1,1,1,1,1,1
2001,260967,1,1,0,0,0,0,0,0,0,0,0,0
2001,260967,2,1,0,0,0,0,9,0,0,0,0,9
2001,260967,3,1,0,0,0,0,0,0,0,0,0,0
2001,260968,1,1,0,0,0,0,0,0,0,0,0,0
2001,260968,2,1,0,0,0,0,0,0,0,0,0,0
2001,260969,1,1,0,0,0,0,0,0,0,0,0,0
2001,260970,1,1,0,0,0,0,0,0,0,0,0,9
2001,260970,2,1,0,0,0,0,0,0,0,0,0,0
2001,260970,3,1,0,0,0,0,0,0,0,0,0,0
2001,260971,0,1,19,0,0,8,0,12,0,13,21,0
2001,260971,1,1,26,0,0,0,0,0,0,0,0,0
2001,260972,1,1,0,0,0,0,0,0,0,0,12,0
2001,260973,0,1,0,0,0,0,0,0,0,0,0,0
2001,260973,1,1,0,0,0,0,0,0,0,0,0,0
2001,260974,1,1,0,0,0,0,0,0,0,0,12,0
2001,260975,1,1,0,0,0,0,0,0,0,0,0,0
2001,260976,1,1,0,0,0,0,0,0,0,0,0,0
2001,260976,2,1,0,0,0,0,0,0,0,0,0,0
2001,260977,1,1,0,0,0,0,0,0,0,0,0,0
2001,260977,2,1,0,0,0,0,0,0,0,0,0,0
2001,260977,3,1,0,0,0,0,0,0,0,0,0,0
2001,260977,4,1,0,0,0,11,0,0,0,0,0,0
2001,260977,5,1,0,0,0,0,0,0,0,0,0,0
2001,260977,6,1,0,0,0,0,0,0,0,0,0,0
2001,260977,7,1,0,0,0,0,0,0,0,0,0,0
2001,260977,8,1,0,0,0,0,0,0,0,0,0,0
2001,260977,9,1,0,0,0,0,0,0,0,0,0,0
2001,260977,10,1,0,0,0,0,0,0,0,0,0,0
2001,260978,0,1,16,16,16,16,16,16,16,16,16,16
2001,260978,1,1,0,0,0,0,0,0,0,0,0,0
2001,260979,1,1,27,27,12,18,8,11,23,6,15,8
2001,260979,2,1,0,0,0,0,0,0,0,0,0,0
2001,260980,1,1,10,10,10,10,10,10,10,10,10,10
2001,260981,1,1,0,0,0,0,0,0,0,0,0,0
2001,260982,1,1,20,20,20,20,20,20,20,20,20,20
2001,260983,0,1,7,7,7,7,7,7,7,7,7,7
2001,260983,1,1,0,0,0,0,0,0,11,0,0,0
2001,260984,1,1,10,10,10,10,10,10,10,10,10,10
2001,260984,2,1,18,18,18,18,18,18,18,18,18,18
2001,260985,0,1,24,24,24,24,24,24,24,24,24,24
2001,260985,1,1,0,0,0,0,0,0,0,0,0,0
2001,260986,0,1,0,0,0,0,0,0,0,0,0,0
2001,260986,1,1,0,0,0,0,13,17,10,11,4,0
2001,260987,0,1,0,0,0,0,0,0,0,0,0,0
2001,260987,1,1,0,9,16,0,0,0,0,0,0,0
2001,260988,1,1,0,0,0,0,0,0,0,0,0,0
2001,260988,2,1,0,0,0,0,0,0,0,0,0,0
2001,260989,1,1,0,0,0,13,0,14,0,0,18,0
2001,260989,2,1,0,0,0,0,0,0,0,0,0,0
2001,260989,3,1,0,0,0,0,0,0,0,0,0,0
2001,260990,0,1,0,0,0,0,0,0,0,0,0,0
2001,260990,1,1,0,0,0,0,0,0,0,0,0,0
2001,260991,0,1,0,0,0,0,0,0,0,0,0,0
2001,260991,0,2,0,0,0,0,0,0,0,0,0,11
2001,260991,1,1,0,0,0,0,0,0,0,0,0,0
2001,260992,1,1,0,0,0,0,0,0,0,0,0,0
2001,260993,1,1,0,0,0,0,0,0,34,0,18,0
2001,260993,2,1,0,0,0,0,0,0,0,0,0,0
2001,260993,3,1,0,0,0,0,0,0,0,0,0,0
2001,260994,1,1,0,0,0,0,0,0,0,0,0,0
2001,260994,2,1,0,0,0,0,0,0,0,0,0,0
2001,260995,0,1,0,0,0,0,0,0,0,0,0,0
2001,260995,0,2,0,0,0,0,0,0,0,0,0,0
2001,260995,1,1,0,0,0,0,0,0,0,0,0,0
2001,260996,0,1,0,0,0,0,0,0,0,0,0,0
2001,260996,1,1,0,0,20,0,23,0,0,0,0,0
2001,260996,2,1,0,0,0,0,0,0,0,0,0,0
2001,260997,1,1,0,0,0,0,0,0,0,0,0,0
2001,260997,2,1,0,0,0,0,0,0,0,0,0,0
2001,260998,1,1,0,0,0,0,0,0,0,0,0,0
2001,260999,1,1,10,10,10,10,10,10,10,10,10,10
2001,261000,1,1,0,0,0,0,0,0,0,0,0,0
2001,261000,2,1,1,1,1,1,1,1,1,1,1,1
2001,261001,1,1,0,0,0,0,0,0,0,0,0,0
2001,261001,2,1,0,0,0,0,0,0,0,0,0,0
2001,261002,1,1,8,8,8,8,8,8,8,8,8,8
2001,261002,2,1,7,7,7,7,7,7,7,7,7,7
2001,261003,1,1,0,0,0,0,10,0,0,0,0,0
2001,261003,2,1,0,0,0,0,0,0,0,0,0,0
2001,261004,0,1,0,0,0,0,0,0,0,0,0,0
2001,261004,1,1,0,0,0,0,0,0,0,0,0,0
2001,261005,1,1,0,0,0,0,0,0,0,0,0,0
2001,261005,2,1,0,0,0,0,0,0,0,0,2,0
2001,261006,1,1,0,0,0,0,0,0,0,0,0,0
2001,261006,2,1,0,0,0,0,0,0,0,0,0,0
2001,261007,1,1,17,17,17,17,17,17,17,17,17,17
2001,261007,2,1,0,0,0,0,0,0,0,0,0,0
2001,261008,1,1,0,0,23,0,0,0,0,0,0,0
2001,261008,2,1,0,0,0,0,0,0,0,0,0,0
2001,261008,3,1,0,0,0,0,0,0,0,0,4,0
2001,261009,1,1,26,26,26,26,26,26,26,26,26,26
2001,261010,1,1,0,0,0,0,0,0,0,0,0,0
2001,261011,1,1,15,19,0,21,24,0,15,13,0,0
2001,261012,0,1,0,0,0,0,0,0,0,0,0,0
2001,261012,1,1,0,0,0,0,0,0,0,0,0,0
2001,261013,1,1,0,0,0,0,0,0,0,0,0,0
2001,261013,2,1,0,0,0,0,0,0,0,0,0,0
2001,261013,3,1,0,0,0,0,0,0,0,0,0,0
2001,261013,4,1,0,0,0,0,0,0,0,0,5,0
2001,261013,5,1,0,0,0,0,0,0,0,0,0,0
2001,261014,1,1,22,22,22,22,22,22,22,22,22,22
2001,261015,1,1,0,0,0,0,0,0,0,0,0,0
2001,261015,2,1,0,0,0,0,0,0,0,0,0,0
2001,261016,0,1,21,21,21,21,21,21,21,21,21,21
2001,261016,1,1,0,0,0,0,0,0,0,0,0,0
2001,261017,1,1,0,0,0,0,0,0,0,0,0,0
2001,261017,2,1,0,0,0,0,0,0,0,0,0,0
2001,261018,1,1,0,0,0,0,0,0,0,0,0,0
2001,261018,2,1,0,0,0,0,0,5,0,0,0,0
2001,261019,0,1,0,0,0,0,0,0,0,0,0,0
2001,261019,1,1,0,0,0,0,0,0,0,0,0,0
2001,261020,0,1,0,0,0,0,0,0,0,0,0,0
2001,261020,1,1,0,0,0,0,0,0,0,0,0,0
2001,261021,1,1,0,0,0,0,0,0,0,0,0,0
2001,261021,2,1,0,0,0,0,0,0,0,0,0,0
2001,261022,1,1,0,0,0,0,0,0,0,0,0,0
2001,261023,0,1,0,0,0,0,0,0,0,0,0,0
2001,261023,1,1,0,0,0,0,0,0,0,0,0,0
2001,261024,0,1,0,0,0,0,0,0,0,0,0,0
2001,261024,1,1,0,28,0,0,0,0,0,0,0,0
2001,261025,1,1,15,15,15,15,15,15,15,15,15,15
2001,261026,1,1,0,0,0,11,0,0,0,0,0,0
2001,261026,2,1,0,0,0,0,0,0,0,0,0,0
2001,261027,0,1,15,0,10,0,0,0,28,0,14,0
2001,261027,1,1,0,0,0,0,0,0,0,0,0,0
2001,261028,1,1,0,0,0,0,0,0,0,0,0,0
2001,261029,1,1,28,28,28,28,28,28,28,28,28,28
2001,261030,1,1,0,0,0,0,0,0,0,0,0,0
2001,261031,1,1,15,15,15,15,15,15,15,15,15,15
2001,261032,1,1,0,0,0,0,0,0,0,0,0,0
2001,261032,2,1,0,0,0,0,0,0,0,0,0,0
2001,261033,1,1,0,0,0,0,0,0,0,0,0,0
2001,261034,1,1,20,20,20,20,20,20,20,20,20,20
2001,261035,1,1,0,0,0,0,0,0,0,0,0,0
2001,261036,1,1,11,11,11,11,11,11,11,11,11,11
2001,261037,0,1,0,0,0,0,0,0,0,0,0,0
2001,261037,1,1,0,0,0,0,0,0,0,0,0,0
2001,261038,1,1,0,20,41,0,0,12,6,16,10,7
2001,261039,1,1,0,8,0,0,0,0,0,0,0,0
2001,261040,1,1,0,0,0,0,0,0,0,5,0,0
2001,261040,2,1,0,0,0,0,0,0,0,0,0,0
2001,261041,1,1,19,19,19,19,19,19,19,19,19,19
2001,261041,2,1,0,0,0,0,0,0,0,0,0,0
2001,261042,0,1,0,0,0,0,0,0,0,0,0,0
2001,261042,1,1,0,0,0,0,0,0,0,0,0,0
2001,261043,1,1,18,18,18,18,18,18,18,18,18,18
2001,261044,1,1,33,19,21,17,0,24,8,9,36,19
2001,261045,1,1,0,0,0,0,0,0,0,0,23,0
2001,261045,2,1,0,0,0,0,0,0,0,0,0,0
2001,261046,1,1,0,0,0,0,0,0,0,0,0,0
2001,261046,2,1,16,16,16,16,16,16,16,16,16,16
2001,261047,1,1,0,0,0,0,0,0,0,0,0,0
2001,261047,2,1,0,0,0,0,0,0,0,0,0,0
2001,261047,3,1,0,0,0,0,0,0,0,0,0,0
2001,261047,4,1,0,0,0,0,0,0,0,0,0,0
2001,261048,1,1,0,0,0,0,0,0,0,0,0,0
2001,261048,2,1,0,0,0,0,11,0,0,0,0,0
2001,261049,1,1,0,0,0,0,0,0,0,0,0,0
2001,261049,2,1,0,0,0,0,0,0,0,0,0,0
2001,261050,1,1,34,34,34,34,34,34,34,34,34,34
2001,261051,1,1,10,10,10,10,10,10,10,10,10,10
2001,261051,2,1,0,0,0,0,0,0,0,0,0,0
2001,261051,3,1,4,0,0,0,0,0,0,0,9,0
2001,261052,1,1,4,4,4,4,4,4,4,4,4,4
2001,261053,0,1,15,15,15,15,15,15,15,15,15,15
2001,261053,0,2,0,0,0,0,0,0,0,0,0,0
2001,261053,1,1,0,0,0,0,0,0,0,0,0,0
2001,261054,1,1,17,17,17,17,17,17,17,17,17,17
2001,261055,1,1,0,0,0,0,0,0,0,0,0,0
2001,261055,2,1,0,0,0,0,0,0,0,0,0,0
2001,261056,1,1,0,0,0,0,0,0,0,0,0,0
2001,261056,2,1,0,0,0,0,0,0,0,0,0,0
2001,261057,1,1,0,0,0,0,0,0,0,0,0,0
2001,261057,2,1,0,0,0,0,0,0,0,0,0,0
2001,261058,1,1,0,21,18,4,4,19,4,10,25,9
2001,261059,1,1,3,3,3,3,3,3,3,3,3,3
2001,261059,2,1,12,12,12,12,12,12,12,12,12,12
2001,261060,1,1,0,0,0,0,0,0,0,0,0,0
2001,261060,2,1,0,0,0,0,0,0,0,0,0,0
2001,261061,1,1,0,0,0,0,0,0,0,0,0,0
2001,261061,2,1,0,0,0,0,0,32,0,0,0,0
2001,261061,3,1,0,0,0,0,0,0,0,0,0,0
2001,261062,1,1,0,0,0,0,0,0,0,0,0,0
2001,261062,2,1,0,0,0,0,0,0,0,0,0,0
2001,261063,1,1,0,0,0,0,0,0,0,0,0,0
2001,261064,1,1,28,28,28,28,28,28,28,28,28,28
2001,261065,1,1,0,0,0,0,0,0,0,0,0,0
2001,261066,1,1,0,0,0,0,0,0,0,0,0,0
2001,261066,2,1,0,0,0,0,0,0,0,0,0,0
2001,261067,1,1,0,0,0,0,0,0,0,0,0,0
2001,261067,2,1,0,0,0,0,0,0,0,0,0,0
2001,261068,1,1,0,0,0,0,0,0,0,0,0,0
2001,261069,1,1,0,0,0,0,0,12,0,0,0,0
2001,261069,2,1,0,0,0,0,0,0,0,0,0,0
2001,261070,1,1,24,24,24,24,24,24,24,24,24,24
2001,261071,1,1,2,2,2,2,2,2,2,2,2,2
2001,261072,0,1,0,0,0,0,0,0,0,0,0,0
2001,261072,1,1,0,5,0,0,0,13,0,0,0,0
2001,261073,1,1,0,0,0,0,0,0,0,0,0,10
2001,261073,2,1,0,0,0,0,0,0,0,0,0,0
2001,261074,1,1,22,22,22,22,22,22,22,22,22,22
2001,261074,2,1,0,0,0,0,0,0,0,0,0,0
2001,261074,3,1,7,7,7,7,7,7,7,7,7,7
2001,261075,1,1,0,15,0,7,9,3,13,15,26,11
2001,261075,2,1,0,0,24,0,21,0,0,0,0,0
2001,261076,1,1,0,0,0,0,0,0,0,0,0,0
2001,261076,2,1,0,0,0,0,0,0,0,0,0,0
2001,261077,0,1,12,12,12,12,12,12,12,12,12,12
2001,261077,1,1,0,0,0,0,0,0,0,0,0,0
2001,261078,0,1,5,5,5,5,5,5,5,5,5,5
2001,261078,1,1,0,0,0,0,0,0,0,0,0,0
2001,261079,0,1,14,0,0,0,0,0,0,0,0,18
2001,261079,1,1,0,0,0,0,0,0,0,0,0,0
2001,261080,1,1,0,0,0,0,0,0,0,0,0,0
2001,261080,2,1,0,0,0,0,0,0,0,0,0,0
2001,261081,1,1,0,0,16,0,0,34,0,0,0,0
2001,261082,1,1,0,0,0,0,0,0,0,0,0,0
2001,261082,2,1,0,0,0,0,0,0,0,0,0,0
2001,261083,0,1,22,22,22,22,22,22,22,22,22,22
2001,261083,1,1,16,10,7,14,24,22,0,12,11,8
2001,261084,1,1,0,0,0,0,0,0,0,0,0,0
2001,261084,2,1,0,0,0,0,0,0,0,0,0,0
2001,261085,1,1,0,0,0,0,0,0,0,0,0,0
2001,261085,2,1,0,28,12,0,0,0,0,0,10,25
2001,261086,1,1,0,0,0,0,0,0,0,0,0,0
2001,261087,0,1,0,0,0,0,0,0,0,0,0,0
2001,261087,1,1,0,0,0,0,0,0,0,0,9,0
2001,261088,1,1,22,22,22,22,22,22,22,22,22,22
2001,261089,1,1,0,0,0,0,0,0,0,0,0,0
2001,261089,2,1,0,0,0,0,0,0,0,0,0,0
2001,261090,1,1,0,0,0,19,0,0,0,0,0,0
2001,261090,2,1,0,0,0,0,0,0,0,0,0,0
2001,261091,1,1,0,0,0,0,0,0,0,0,0,0
2001,261091,2,1,0,0,0,0,0,0,0,0,0,0
2001,261092,1,1,0,0,0,0,0,0,0,0,0,0
2001,261092,2,1,0,0,0,0,0,0,0,0,0,0
2001,261092,3,1,0,0,0,0,0,0,0,0,10,0
2001,261092,4,1,0,0,0,0,0,0,0,0,0,0
2001,261093,1,1,0,0,0,0,0,0,0,0,0,0
2001,261093,2,1,0,0,0,0,0,0,0,0,0,0
2001,261094,1,1,5,19,4,9,0,11,24,12,10,11
2001,261094,2,1,0,0,0,0,0,0,0,0,0,0
2001,261095,1,1,27,27,27,27,27,27,27,27,27,27
2001,261096,0,1,0,0,0,0,0,0,0,0,0,0
2001,261096,1,1,0,0,0,0,0,0,0,0,0,0
2001,261097,1,1,0,0,0,0,0,0,0,0,0,0
2001,261097,2,1,0,0,0,0,0,0,0,0,0,0
2001,261097,3,1,0,0,0,0,0,0,0,0,0,0
2001,261097,4,1,0,0,0,0,0,0,0,0,0,0
2001,261097,5,1,0,0,0,0,0,0,0,0,0,0
2001,261098,1,1,0,0,0,0,0,0,0,0,0,0
2001,261098,2,1,0,0,0,0,0,0,0,0,0,0
2001,261099,1,1,0,0,0,0,0,0,0,0,0,0
2001,261099,2,1,0,0,0,0,0,0,0,0,0,0
2001,261100,1,1,19,19,19,19,19,19,19,19,19,19
2001,261100,2,1,0,0,0,0,0,0,0,0,0,0
2001,261101,0,1,0,0,0,0,0,0,0,0,0,0
2001,261101,1,1,0,0,0,0,0,0,0,0,0,0
2001,261102,1,1,0,0,0,0,0,0,0,0,0,0
2001,261103,0,1,0,0,0,0,0,0,0,0,0,0
2001,261103,0,2,23,0,0,27,0,0,17,0,0,0
2001,261103,0,3,35,0,0,0,11,0,17,0,0,10
2001,261103,1,1,32,0,19,10,0,0,0,0,0,21
2001,261104,1,1,28,28,28,28,28,28,28,28,28,28
2001,261104,2,1,0,0,0,0,0,0,0,0,0,0
2001,261105,1,1,0,0,0,0,0,0,0,0,0,0