YEAR,st_case,veh_no,per_no,P1,P2,P3,P4,P5,P6,P7,P8,P9,P10
2001,290708,1,1,0,0,0,0,0,0,0,0,0,0
2001,290709,1,1,26,26,26,26,26,26,26,26,26,26
2001,290709,2,1,0,0,0,0,0,0,2,0,0,0
2001,290710,1,1,0,0,0,0,0,0,0,0,0,0
2001,290711,1,1,0,0,0,0,0,0,0,0,0,0
2001,290711,2,1,0,8,0,0,0,24,10,0,0,0
2001,290712,1,1,12,12,12,12,12,12,12,12,12,12
2001,290713,1,1,4,4,4,4,4,4,4,4,4,4
2001,290714,1,1,23,23,23,23,23,23,23,23,23,23
2001,290715,1,1,0,20,0,0,0,0,21,6,0,0
2001,290715,2,1,0,0,0,0,0,0,0,0,0,0
2001,290716,1,1,0,0,0,0,0,0,0,0,0,0
2001,290717,1,1,19,19,19,19,19,19,19,19,19,19
2001,290718,1,1,0,0,0,0,0,0,0,0,0,0
2001,290718,2,1,0,0,0,0,0,0,0,0,0,0
2001,290719,1,1,25,25,25,25,25,25,25,25,25,25
2001,290719,2,1,5,0,0,0,12,0,0,0,14,0
2001,290720,1,1,0,13,19,12,8,0,6,0,0,22
2001,290721,1,1,0,0,0,0,0,0,0,0,0,0
2001,290721,2,1,0,0,0,18,0,0,0,0,0,0
2001,290722,1,1,0,0,0,0,0,13,0,0,0,0
2001,290722,2,1,0,0,0,17,0,0,0,0,0,25
2001,290723,1,1,22,22,22,22,22,22,22,22,22,22
2001,290724,1,1,0,0,0,0,0,0,0,0,0,0
2001,290725,1,1,0,0,0,0,0,0,0,0,0,0
2001,290726,1,1,0,0,0,0,0,0,0,0,0,0
2001,290726,2,1,0,0,0,0,0,0,0,0,0,0
2001,290727,1,1,0,0,0,0,0,0,0,0,0,0
2001,290728,1,1,13,13,13,13,13,13,13,13,13,13
2001,290728,2,1,0,0,0,0,0,0,0,0,0,0
2001,290728,3,1,0,0,18,0,5,0,0,0,0,0
2001,290728,4,1,0,0,0,0,4,0,28,0,0,0
2001,290729,1,1,0,0,0,0,0,0,0,0,0,0
2001,290729,2,1,0,0,0,0,0,0,0,0,0,0
2001,290730,1,1,5,5,5,5,5,5,5,5,5,5
2001,290731,0,1,0,0,0,0,0,0,0,0,0,0
2001,290731,1,1,6,0,7,3,19,0,0,10,8,0
2001,290732,1,1,0,0,0,0,0,0,0,0,0,0
2001,290733,1,1,0,0,0,0,0,0,0,0,0,0
2001,290734,1,1,0,0,0,0,12,0,10,0,0,20
2001,290735,1,1,12,12,12,12,12,12,12,12,12,12
2001,290736,1,1,25,15,7,3,8,26,11,4,25,38
2001,290737,0,1,0,0,0,0,0,0,0,0,0,0
2001,290737,1,1,0,0,0,0,0,0,0,0,0,0
2001,290738,1,1,0,0,0,0,0,0,0,0,16,0
2001,290738,2,1,0,0,0,0,0,0,0,0,0,0
2001,290739,1,1,32,32,32,32,32,32,32,32,32,32
2001,290740,1,1,36,36,36,36,36,36,36,36,36,36
2001,290741,1,1,8,8,8,8,8,8,8,8,8,8
2001,290742,1,1,0,0,0,0,0,0,0,0,0,0
2001,290742,2,1,4,0,19,11,0,0,0,0,0,0
2001,290743,1,1,0,0,0,0,0,0,0,0,0,0
2001,290743,2,1,0,0,0,0,0,0,0,0,0,0
2001,290744,1,1,0,14,7,20,0,0,0,0,0,19
2001,290745,1,1,0,22,0,0,0,21,0,2,0,0
2001,290745,2,1,0,0,0,0,0,0,0,0,0,0
2001,290745,3,1,23,9,4,0,7,8,0,4,0,10
2001,290745,4,1,0,0,0,0,0,0,0,0,0,0
2001,290745,5,1,0,0,0,0,0,0,0,0,0,0
2001,290745,6,1,0,0,0,0,0,0,0,0,0,0
2001,290745,7,1,15,0,0,0,0,0,22,0,14,0
2001,290746,1,1,20,20,20,20,20,20,20,20,20,20
2001,290747,1,1,5,5,5,5,5,5,5,5,5,5
2001,290747,2,1,0,0,7,0,0,0,9,0,21,0
2001,290748,1,1,0,0,0,0,0,0,0,0,0,0
2001,290749,1,1,0,0,0,0,0,0,0,0,0,0
2001,290749,2,1,0,0,0,0,0,0,0,0,0,0
2001,290750,1,1,0,0,0,0,0,0,0,0,0,0
2001,290750,2,1,0,9,0,0,0,0,0,0,0,0
2001,290751,1,1,0,0,0,0,0,5,0,0,0,0
2001,290751,2,1,0,9,0,0,0,0,0,0,0,0
2001,290751,3,1,0,0,12,0,0,0,0,16,0,0
2001,290752,1,1,12,12,12,12,12,12,12,12,12,12
2001,290753,1,1,0,0,0,0,0,0,0,0,0,0
2001,290753,2,1,0,0,0,0,0,0,0,0,0,0
2001,290754,1,1,0,0,0,0,0,0,0,0,0,0
2001,290754,2,1,0,0,0,0,0,0,0,0,0,0
2001,290755,1,1,0,0,0,0,0,0,0,0,0,0
2001,290756,1,1,0,0,0,0,0,0,0,0,0,0
2001,290756,2,1,0,0,0,0,0,0,0,0,0,0
2001,290757,0,1,24,0,18,8,15,0,22,0,26,23
2001,290757,0,2,2,2,2,2,2,2,2,2,2,2
2001,290757,1,1,0,0,0,0,0,0,0,0,0,0
2001,290758,1,1,10,0,0,0,0,0,0,0,0,0
2001,290758,2,1,0,0,0,0,0,0,0,0,0,0
2001,290759,1,1,28,28,28,28,28,28,28,28,28,28
2001,290760,1,1,18,18,18,18,18,18,18,18,18,18
2001,290761,1,1,0,11,0,0,0,0,0,0,0,0
2001,290761,2,1,0,0,0,0,0,0,0,0,0,0
2001,290762,1,1,0,0,0,0,0,0,0,0,0,0
2001,290762,2,1,0,0,0,0,0,0,0,0,0,0
2001,290763,1,1,0,0,0,0,0,0,0,0,0,0
2001,290763,2,1,0,0,0,0,0,0,0,0,0,0
2001,290764,0,1,0,0,0,0,0,0,0,0,0,0
2001,290764,1,1,0,0,0,0,0,0,0,0,0,0
2001,290765,1,1,23,23,23,23,23,23,23,23,23,23
2001,290766,1,1,0,0,0,0,0,0,0,0,0,0
2001,290767,1,1,18,18,18,18,18,18,18,18,18,18
2001,290768,1,1,29,29,29,29,29,29,29,29,29,29
2001,290769,0,1,0,11,21,25,0,0,21,16,17,19
2001,290769,1,1,0,17,0,0,0,8,0,0,0,21
2001,290770,0,1,0,0,0,0,0,0,0,0,0,0
2001,290770,1,1,0,0,0,0,0,0,11,0,0,9
2001,290771,0,1,1,1,1,1,1,1,1,1,1,1
2001,290771,1,1,12,0,0,0,0,0,0,0,12,0
2001,290772,1,1,0,0,0,0,0,0,0,0,0,0
2001,290772,2,1,0,0,0,0,0,0,0,0,0,0
2001,290773,1,1,0,0,0,0,0,0,0,0,0,0
2001,290773,2,1,0,0,0,0,0,0,0,0,0,0
2001,290774,1,1,0,0,0,0,0,0,0,0,0,0
2001,290774,2,1,0,0,0,0,0,0,0,0,0,7
2001,290775,1,1,0,0,8,0,11,23,20,13,0,10
2001,290775,2,1,0,0,0,0,0,0,0,0,0,0
2001,290775,3,1,0,0,0,0,0,0,0,0,0,0
2001,290776,1,1,16,16,16,16,16,16,16,16,16,16
2001,290777,0,1,0,0,0,0,0,0,0,0,0,0
2001,290777,1,1,13,0,6,0,0,0,12,0,10,5
2001,290778,1,1,0,0,0,0,0,0,0,0,0,0
2001,290778,2,1,0,0,0,0,0,0,0,0,0,0
2001,290779,1,1,0,0,0,0,0,0,0,0,0,0
2001,290780,1,1,0,0,0,0,0,0,0,0,0,0
2001,290780,2,1,0,0,0,0,0,0,0,0,0,0
2001,290780,3,1,0,0,0,0,0,0,0,0,0,0
2001,290781,0,1,12,11,14,11,34,12,2,17,23,16
2001,290781,0,2,0,25,0,0,0,24,16,0,0,5
2001,290781,1,1,0,0,0,0,11,0,0,0,0,0
2001,290782,0,1,0,0,0,0,0,0,0,0,0,0
2001,290782,1,1,0,11,0,13,0,0,0,17,0,0
2001,290783,1,1,0,0,0,0,0,0,0,0,0,0
2001,290784,1,1,0,0,0,0,0,0,0,0,0,0
2001,290784,2,1,0,0,0,0,0,0,0,0,18,0
2001,290785,1,1,13,0,0,0,18,0,0,0,0,0
2001,290785,2,1,0,0,0,0,0,0,0,0,0,0
2001,290786,1,1,28,28,28,28,28,28,28,28,28,28
2001,290786,2,1,0,0,0,0,0,0,0,21,0,0
2001,290786,3,1,0,0,0,8,0,18,0,0,0,0
2001,290787,1,1,8,12,19,0,0,0,0,15,3,15
2001,290788,1,1,0,0,0,0,0,0,0,0,0,0
2001,290788,2,1,0,0,0,0,0,0,0,0,0,0
2001,290789,1,1,12,12,12,12,12,12,12,12,12,12
2001,290790,1,1,0,0,0,0,0,0,0,0,0,0
2001,290791,1,1,17,17,17,17,17,17,17,17,17,17
2001,290791,2,1,0,0,0,0,0,0,0,0,0,0
2001,290792,1,1,0,0,0,0,0,0,0,0,0,0
2001,290792,2,1,0,0,0,0,0,0,0,0,0,0
2001,290793,1,1,0,0,0,0,0,0,0,0,0,0
2001,290793,2,1,0,0,0,0,0,0,0,0,0,0
2001,290794,1,1,0,0,0,0,0,0,0,7,0,0
2001,290794,2,1,0,0,0,0,0,0,0,0,9,0
2001,290795,1,1,0,0,0,0,0,0,0,0,0,0
2001,290796,1,1,0,0,0,0,0,0,0,0,0,0
2001,290797,1,1,0,0,0,0,0,0,0,0,18,0
2001,290797,2,1,0,0,0,0,0,0,0,0,0,0
2001,290798,1,1,0,0,0,0,0,0,0,0,0,0
2001,290798,2,1,0,0,0,0,0,0,0,0,0,0
2001,290799,1,1,9,0,5,9,18,11,3,24,27,34
2001,290800,1,1,0,0,0,0,0,0,0,0,0,0
2001,290801,1,1,0,0,0,0,0,0,0,0,0,0
2001,290801,2,1,0,0,0,0,0,0,0,0,0,0
2001,290801,3,1,0,0,0,0,0,0,0,0,0,0
2001,290802,1,1,0,0,0,0,0,0,0,0,0,0
2001,290803,1,1,0,12,0,0,0,6,0,0,0,4
2001,290804,1,1,21,22,4,8,13,13,10,8,20,0
2001,290805,1,1,0,11,0,0,0,0,0,0,0,0
2001,290805,2,1,12,9,14,15,25,10,14,0,7,5
2001,290806,1,1,9,9,9,9,9,9,9,9,9,9
2001,290807,1,1,0,0,5,0,16,0,0,4,0,0
2001,290807,2,1,0,0,0,0,0,0,0,0,0,0
2001,290809,1,1,0,0,0,0,0,0,0,0,0,9
2001,290810,1,1,10,10,10,10,10,10,10,10,10,10
2001,290811,1,1,0,0,13,0,0,0,7,0,15,5
2001,290812,1,2,16,26,0,13,0,5,10,29,14,16
2001,290813,1,1,25,25,25,25,25,25,25,25,25,25
2001,290814,1,1,4,8,0,6,0,0,0,16,0,0
2001,290815,1,1,0,0,0,0,0,0,0,0,0,0
2001,290815,2,1,14,0,0,0,0,0,12,11,0,0
2001,290816,1,1,0,0,0,0,0,0,0,0,0,0
2001,290816,2,1,0,0,0,0,0,0,0,0,0,0
2001,290817,1,1,29,29,29,29,29,29,29,29,29,29
2001,290817,2,1,0,0,0,0,0,0,0,0,0,8
2001,290818,1,1,0,0,0,0,0,0,0,0,0,0
2001,290818,2,1,34,34,34,34,34,34,34,34,34,34
2001,290819,1,1,0,0,0,0,0,0,0,0,0,0
2001,290819,2,1,0,0,0,0,0,0,0,0,0,0
2001,290820,1,1,0,0,0,0,0,0,0,0,0,0
2001,290821,0,1,22,22,22,22,22,22,22,22,22,22
2001,290821,1,1,11,11,11,11,11,11,11,11,11,11
2001,290822,1,1,0,0,0,0,0,0,0,0,0,0
2001,290823,1,1,0,0,0,0,0,0,0,0,0,0
2001,290824,1,1,0,0,0,0,0,0,0,0,0,0
2001,290824,2,1,0,0,0,0,0,0,0,0,0,0
2001,290825,1,1,0,0,0,0,0,0,0,0,0,0
2001,290825,2,1,0,7,0,0,15,0,0,0,0,0
2001,290825,3,1,0,0,0,0,0,0,0,0,0,0
2001,290825,4,1,12,0,0,0,0,0,0,0,0,0
2001,290826,1,1,11,6,6,17,22,0,17,0,10,4
2001,290826,2,1,0,0,0,0,0,0,0,0,0,0
2001,290827,1,1,0,0,0,0,0,0,11,0,0,0
2001,290828,1,1,0,0,0,0,0,0,0,0,14,0
2001,290828,2,1,21,0,0,0,0,0,0,0,0,0
2001,290829,1,1,3,0,0,0,0,0,0,7,0,0
2001,290829,2,1,19,19,19,19,19,19,19,19,19,19
2001,290830,1,1,0,0,0,0,0,0,0,0,0,0
2001,290831,1,1,0,7,0,0,0,0,0,0,0,0
2001,290832,1,1,0,0,0,0,0,0,0,0,0,0
2001,290832,2,1,22,22,22,22,22,22,22,22,22,22
2001,290833,1,1,0,0,15,22,0,0,0,0,0,6
2001,290834,1,1,0,0,11,22,0,38,19,31,6,29
2001,290834,2,1,0,0,16,0,0,19,0,27,14,13
2001,290835,0,1,25,25,25,25,25,25,25,25,25,25
2001,290835,1,1,0,0,0,20,10,11,0,0,0,0
2001,290836,1,1,0,0,0,0,0,0,0,0,0,0
2001,290836,2,1,0,0,0,0,0,0,0,0,0,0
2001,290837,1,1,0,0,0,0,0,0,0,0,0,0
2001,290837,2,1,13,13,13,13,13,13,13,13,13,13
2001,290838,1,1,0,0,0,0,0,0,0,0,0,31
2001,290838,2,1,0,0,0,0,0,0,0,0,0,0
2001,290839,1,1,22,0,0,18,0,6,0,15,6,20
2001,290840,1,1,19,18,9,0,5,10,2,18,10,13
2001,290841,1,1,0,0,0,0,0,0,0,0,0,0
2001,290841,2,1,0,0,0,0,0,0,0,0,0,3
2001,290842,1,1,0,0,0,0,0,0,0,0,0,0
2001,290842,2,1,0,0,13,20,11,0,0,0,0,0
2001,290843,1,1,0,0,0,0,0,0,0,0,0,0
2001,290844,1,1,13,13,13,13,13,13,13,13,13,13
2001,290845,1,1,0,0,0,0,0,0,0,0,0,0
2001,290845,2,1,0,0,0,0,0,0,0,0,0,10
2001,290846,1,1,0,0,0,0,0,0,0,0,0,0
2001,290846,2,1,0,0,8,9,0,0,0,13,0,0
2001,290847,1,1,17,17,17,17,17,17,17,17,17,17
2001,290848,1,1,19,0,0,0,0,0,0,0,22,0
2001,290848,2,1,0,0,0,0,0,0,0,8,0,0
2001,290849,1,1,5,0,10,7,0,10,0,0,23,23
2001,290849,2,1,0,0,0,0,0,0,0,0,0,0
2001,290850,1,1,0,10,0,0,0,0,6,0,0,0
2001,290850,2,1,0,0,0,0,0,0,0,0,0,0
2001,290851,0,1,15,0,0,0,0,16,26,0,0,0
2001,290851,1,1,0,0,0,0,0,0,0,0,0,0
2001,290852,1,1,0,0,0,0,0,0,0,0,0,0
2001,290852,2,1,0,0,0,0,0,0,0,0,0,0
2001,290853,1,1,0,0,0,0,0,0,0,0,0,0
2001,290854,1,1,0,0,0,0,0,0,0,26,10,0
2001,290854,2,1,0,0,0,0,0,0,0,0,0,0
2001,290855,1,1,0,0,0,0,0,0,0,0,0,0
2001,290855,2,1,0,0,0,0,0,0,0,0,0,0
2001,290856,1,1,0,23,14,10,40,10,0,19,9,0
2001,290857,1,1,16,16,16,16,16,16,16,16,16,16
2001,290858,1,1,0,0,0,0,0,0,0,0,0,0
2001,290858,2,1,0,0,0,0,0,0,4,0,0,0
2001,290859,1,1,2,0,0,0,0,7,0,0,0,0
2001,290860,1,1,15,15,15,15,15,15,15,15,15,15
2001,290860,2,1,1,1,1,1,1,1,1,1,1,1
2001,290861,1,1,0,0,0,0,0,0,0,0,0,0
2001,290861,2,1,0,0,0,0,0,0,0,0,0,0
2001,290862,1,1,0,0,0,5,0,0,25,0,0,0
2001,290862,2,1,0,0,0,0,11,0,18,0,0,0
2001,290863,1,1,26,26,26,26,26,26,26,26,26,26
2001,290864,1,1,17,17,17,17,17,17,17,17,17,17
2001,290865,1,1,0,0,14,0,25,0,0,0,0,0
2001,290865,2,1,0,0,0,0,0,0,0,0,0,0
2001,290866,1,1,0,0,0,0,0,0,0,0,0,0
2001,290867,1,1,0,0,0,0,9,23,0,0,0,0
2001,290868,1,1,16,16,16,16,16,16,16,16,16,16
2001,290869,1,1,0,0,0,0,0,0,0,0,0,0
2001,290869,2,1,6,11,10,12,13,20,6,7,14,0
2001,290870,1,1,0,0,0,0,0,0,0,0,0,0
2001,290871,1,1,14,14,14,14,14,14,14,14,14,14
2001,290872,1,1,30,30,30,30,30,30,30,30,30,30
2001,290873,1,1,0,0,0,0,0,0,0,0,0,0
2001,290873,2,1,0,0,0,0,0,0,0,0,0,0
2001,290874,1,1,0,0,0,0,0,0,0,0,0,0
2001,290874,2,1,0,0,0,0,0,0,0,0,0,0
2001,290875,1,1,0,0,3,0,0,22,0,0,4,0
2001,290876,1,1,0,0,0,0,0,0,0,0,0,0
2001,290876,2,1,0,0,0,0,0,0,0,0,0,0
2001,290877,1,1,0,0,0,0,0,0,0,0,0,0
2001,290877,2,1,0,0,0,0,0,0,0,0,0,0
2001,290878,1,1,26,26,26,26,26,26,26,26,26,26
2001,290879,1,1,0,0,0,0,0,0,0,0,0,0
2001,290879,2,1,0,0,0,0,0,0,0,0,0,0
2001,290880,1,1,0,0,0,0,0,0,0,8,0,0
2001,290880,2,1,0,0,0,0,0,0,0,0,0,0
2001,290880,3,1,0,0,0,0,0,0,0,0,0,0
2001,290881,1,1,13,13,13,13,13,13,13,13,13,13
2001,290882,1,1,0,0,0,0,0,0,0,0,0,0
2001,290883,1,1,8,8,8,8,8,8,8,8,8,8
2001,290884,1,1,36,36,36,36,36,36,36,36,36,36
2001,290885,1,1,0,0,0,0,0,0,0,0,0,0
2001,290886,1,1,21,21,21,21,21,21,21,21,21,21
2001,290887,1,1,20,20,20,20,20,20,20,20,20,20
2001,290887,2,1,14,0,0,0,0,0,0,0,0,10
2001,290888,1,1,0,0,0,0,0,0,0,0,0,0
2001,290888,2,1,9,0,0,0,0,0,0,0,0,0
2001,290889,1,1,0,0,0,0,0,0,0,0,0,0
2001,290890,1,1,0,16,9,10,0,0,0,0,0,23
2001,290890,2,1,0,0,0,0,0,0,0,0,0,0
2001,290891,1,1,20,34,17,13,19,38,14,29,18,15
2001,290892,1,1,25,25,25,25,25,25,25,25,25,25
2001,290893,0,1,26,26,26,26,26,26,26,26,26,26
2001,290893,1,1,5,5,5,5,5,5,5,5,5,5
2001,290894,1,1,0,19,0,0,21,0,0,0,0,0
2001,290894,2,1,0,0,0,0,0,0,0,0,0,0
2001,290895,1,1,0,0,0,0,0,0,0,0,0,0
2001,290895,2,1,0,0,0,0,0,0,0,0,0,0
2001,290896,1,1,0,0,0,0,0,0,0,0,0,0
2001,290896,2,1,0,0,0,0,0,0,0,0,0,0
2001,290897,0,1,0,0,0,0,0,0,0,0,0,0
2001,290897,1,1,0,0,0,0,0,0,0,0,0,0
2001,290898,1,1,0,0,0,0,0,0,0,0,0,0
2001,290899,1,1,0,0,0,0,0,0,0,0,0,0
2001,290899,2,1,0,0,0,0,0,0,0,0,0,0
2001,290901,1,1,16,16,16,16,16,16,16,16,16,16
2001,290902,1,1,24,24,24,24,24,24,24,24,24,24
2001,290902,2,1,6,0,0,0,1,0,0,0,0,0
2001,290903,1,1,0,0,0,0,0,0,0,0,0,0
2001,290903,2,1,0,0,18,0,0,0,0,0,0,0
2001,290904,1,1,1,1,1,1,1,1,1,1,1,1
2001,290905,1,1,26,26,26,26,26,26,26,26,26,26
2001,290906,1,1,0,0,0,0,0,0,0,0,0,0
2001,290907,0,1,0,0,0,0,0,0,0,0,0,0
2001,290907,1,1,0,0,4,14,0,0,13,0,16,0
2001,290907,2,1,0,0,0,0,0,16,7,0,0,0
2001,290908,1,1,13,13,0,0,0,6,26,0,10,6
2001,290908,2,1,0,0,0,0,0,0,0,0,0,0
2001,290909,1,1,20,20,20,20,20,20,20,20,20,20
2001,290910,0,1,0,0,0,0,0,0,0,0,0,0
2001,290910,1,1,15,19,14,42,0,0,0,11,0,0
2001,290911,1,1,31,31,31,31,31,31,31,31,31,31
2001,290911,2,1,0,0,0,0,0,0,0,0,0,0
2001,290912,1,1,8,8,8,8,8,8,8,8,8,8
2001,290912,2,1,0,0,0,0,21,0,0,0,0,0
2001,290913,1,1,6,6,6,6,6,6,6,6,6,6
2001,290914,1,1,0,0,0,0,0,0,0,0,0,0
2001,290915,1,1,0,0,0,0,0,0,0,0,0,0
2001,290915,2,1,0,0,0,0,0,0,0,12,0,0
2001,290916,1,1,0,0,0,0,12,0,0,12,0,13
2001,290916,2,1,0,0,0,0,0,0,0,0,0,0
2001,290916,3,1,0,0,0,0,0,0,0,0,0,0
2001,290917,1,1,0,0,0,0,0,0,0,0,0,0
2001,290917,2,1,0,0,0,0,0,0,0,0,0,0
2001,290918,0,1,0,0,0,0,0,0,0,0,0,0
2001,290918,1,1,15,23,0,0,0,11,0,0,0,0
2001,290919,1,1,6,26,0,15,0,0,40,12,14,0
2001,290920,1,1,0,0,0,0,0,0,0,0,0,0
2001,290920,2,1,20,20,20,20,20,20,20,20,20,20
2001,290921,1,1,0,0,0,0,0,0,0,0,0,0
2001,290921,2,1,0,0,0,0,0,0,0,0,0,0
2001,290922,1,1,0,15,0,21,0,0,0,0,0,0
2001,290922,2,1,10,10,10,10,10,10,10,10,10,10
2001,290923,0,1,0,0,0,0,0,0,0,0,0,0
2001,290923,1,1,10,0,0,0,7,0,0,0,0,0
2001,290924,1,1,0,0,0,0,0,0,0,0,0,2
2001,290924,2,1,30,30,30,30,30,30,30,30,30,30
2001,290925,1,1,18,18,18,18,18,18,18,18,18,18
2001,290926,1,1,0,0,0,0,0,0,0,0,0,0
2001,290927,1,1,0,0,0,0,0,0,0,0,0,0
2001,290927,2,1,0,0,0,0,0,0,0,0,0,0
2001,290928,1,1,0,0,0,0,0,0,0,0,0,0
2001,290928,2,1,17,17,17,17,17,17,17,17,17,17
2001,290929,1,1,0,0,0,0,0,0,0,0,0,0
2001,290929,2,1,0,0,0,0,0,0,11,7,0,3
2001,290929,3,1,0,10,16,9,0,0,0,0,0,16
2001,290929,4,1,0,0,0,21,17,8,0,10,0,0
2001,290929,5,1,0,0,3,17,11,0,0,0,0,0
2001,290930,1,1,16,16,16,16,16,16,16,16,16,16
2001,290931,1,1,0,0,0,0,0,0,0,0,0,0
2001,290931,2,1,0,0,0,0,0,0,0,0,0,0
2001,290932,1,1,0,0,11,0,0,0,0,0,0,0
2001,290932,2,1,20,20,20,20,20,20,20,20,20,20
2001,290933,1,1,0,0,0,0,0,0,0,0,0,0
2001,290934,1,1,0,0,0,0,0,0,0,0,0,0
2001,290935,1,1,0,22,0,0,13,0,0,0,0,0
2001,290936,1,1,0,31,0,0,0,21,0,0,29,14
2001,290937,1,1,0,19,0,0,0,0,0,0,0,0
2001,290937,2,1,0,0,0,0,0,0,0,0,0,0
2001,290938,1,1,16,16,16,16,16,16,16,16,16,16
2001,290938,2,1,0,0,0,6,16,0,0,0,0,0
2001,290938,3,1,0,0,0,0,0,0,0,0,0,0
2001,290938,4,1,0,0,0,0,0,0,0,0,0,0
2001,290939,1,1,19,19,19,19,19,19,19,19,19,19
2001,290940,1,1,0,0,9,9,0,0,0,0,0,0
2001,290940,2,1,0,0,0,0,0,0,0,0,0,0
2001,290941,1,1,0,0,0,0,0,0,0,0,0,0
2001,290941,2,1,20,20,20,20,20,20,20,20,20,20
2001,290942,1,1,0,0,0,0,25,15,12,6,17,7
2001,290943,0,1,19,30,20,24,0,0,4,0,0,15
2001,290943,0,2,5,12,0,14,26,0,21,0,18,21
2001,290943,1,1,15,13,3,14,14,11,8,10,10,0
2001,290944,0,1,18,18,18,18,18,18,18,18,18,18
2001,290944,1,1,12,15,0,0,0,3,0,0,15,0
2001,290945,1,1,0,0,0,0,0,0,0,0,0,0
2001,290946,1,1,11,11,11,11,11,11,11,11,11,11
2001,290947,1,1,23,23,23,23,23,23,23,23,23,23
2001,290948,1,1,0,0,0,0,0,0,0,0,0,0
2001,290949,1,1,0,0,0,0,0,0,0,0,0,0
2001,290950,1,1,26,26,26,26,26,26,26,26,26,26
2001,290951,1,1,0,0,0,0,0,0,0,0,0,0
2001,290952,1,1,18,18,18,18,18,18,18,18,18,18
2001,290953,1,1,29,29,29,29,29,29,29,29,29,29
2001,290954,1,1,0,0,0,0,0,0,0,0,0,0
2001,290954,2,1,0,0,0,0,0,0,0,0,0,0
2001,290955,1,1,0,0,0,0,0,0,0,0,0,0
2001,290956,1,1,0,0,0,0,0,0,0,0,0,0
2001,290957,1,1,0,0,0,0,0,0,0,0,0,0
2001,290957,2,1,0,0,7,0,0,19,0,0,0,0
2001,290957,3,1,0,0,0,0,0,0,0,0,0,0
2001,290958,1,1,0,0,0,0,0,0,0,0,0,0
2001,290959,0,1,23,19,0,0,0,0,12,0,4,0
2001,290959,1,1,0,0,0,0,0,0,0,0,0,0
2001,290960,0,1,7,7,7,7,7,7,7,7,7,7
2001,290960,1,1,0,0,0,0,0,0,0,0,0,0
2001,290961,1,1,25,0,0,19,0,27,0,14,13,31
2001,290961,2,1,0,4,0,0,0,0,0,0,0,0
2001,290962,1,1,17,15,32,0,29,28,6,13,18,31
2001,290962,2,1,0,0,11,0,0,0,0,0,0,0
2001,290963,1,1,12,12,12,12,12,12,12,12,12,12
2001,290964,0,1,0,14,0,0,22,17,0,0,0,13
2001,290964,1,1,0,0,12,0,0,0,0,0,0,0
2001,290965,1,1,0,0,3,19,0,0,12,15,0,24
2001,290966,1,1,19,19,19,19,19,19,19,19,19,19
2001,290967,1,1,2,2,2,2,2,2,2,2,2,2
2001,290968,1,1,22,0,0,15,0,0,27,0,0,17
2001,290969,1,1,0,0,0,0,0,0,0,0,0,0
2001,290969,2,1,0,9,0,10,0,0,0,0,0,0
2001,290970,1,1,19,0,0,0,0,29,23,0,0,0
2001,290970,2,1,21,21,21,21,21,21,21,21,21,21
2001,290971,1,1,1,1,1,1,1,1,1,1,1,1
2001,290972,1,1,0,0,0,0,0,0,0,0,0,0
2001,290973,1,1,0,0,0,0,0,0,0,0,0,0
2001,290973,2,1,0,0,0,0,0,0,0,0,0,0
2001,290974,1,1,0,0,0,0,0,0,0,0,0,0
2001,290975,1,1,27,27,27,27,27,27,27,27,27,27
2001,290976,1,1,0,0,0,0,20,0,29,11,0,0
2001,290977,1,1,16,16,16,16,16,16,16,16,16,16
2001,290978,1,1,0,26,0,9,0,0,0,0,26,0
2001,290979,1,1,0,0,0,0,0,0,0,0,0,0
2001,290980,1,1,0,0,19,0,0,0,0,8,0,0
2001,290980,2,1,0,16,8,0,0,0,0,12,0,19
2001,290981,1,1,9,0,0,0,0,20,5,0,0,0
2001,300001,1,1,0,0,0,0,0,0,4,23,0,0
2001,300002,1,1,0,18,0,32,0,0,2,26,0,0
2001,300002,2,1,0,0,0,0,0,0,0,0,0,0
2001,300003,1,1,16,0,0,0,0,0,0,0,0,0
2001,300003,2,1,0,0,0,0,0,0,0,0,0,0
2001,300004,1,1,0,0,0,0,0,0,0,0,0,0
2001,300005,1,1,24,21,0,25,32,17,18,15,22,0
2001,300005,2,1,24,8,10,0,9,19,10,5,6,28
2001,300006,1,1,13,20,15,9,15,12,10,12,16,12
2001,300007,1,1,0,0,0,0,0,26,0,0,0,27
2001,300007,2,1,0,0,0,0,0,0,0,0,0,0
2001,300008,1,1,0,9,0,51,0,0,0,0,0,0
2001,300009,1,1,35,0,28,0,0,0,0,0,0,0
2001,300010,1,1,22,22,22,22,22,22,22,22,22,22
2001,300011,1,1,19,19,19,19,19,19,19,19,19,19
2001,300012,0,1,0,0,0,0,0,0,0,0,0,0