YEAR,st_case,veh_no,per_no,P1,P2,P3,P4,P5,P6,P7,P8,P9,P10
2001,300012,1,1,0,0,11,0,0,0,0,0,0,0
2001,300013,1,1,0,0,0,0,0,0,0,13,18,0
2001,300014,1,1,0,0,0,0,0,0,0,0,0,0
2001,300014,2,1,0,0,0,0,0,0,0,0,0,0
2001,300014,3,1,0,0,0,0,0,0,0,0,0,0
2001,300015,1,1,0,0,0,0,0,0,0,0,0,0
2001,300015,2,1,0,0,0,0,7,0,0,0,0,0
2001,300015,3,1,0,0,0,0,0,0,0,0,0,0
2001,300016,1,1,0,0,0,0,0,0,0,0,0,3
2001,300016,2,1,0,0,0,0,0,0,0,0,0,0
2001,300017,1,1,0,0,0,0,0,22,0,21,0,32
2001,300018,1,1,0,0,0,0,0,0,0,0,0,0
2001,300018,2,1,0,0,0,0,0,0,0,0,0,0
2001,300019,1,1,0,0,0,0,0,0,0,13,0,0
2001,300020,1,1,0,0,0,0,0,0,0,0,0,0
2001,300020,2,1,0,0,0,0,0,0,0,0,0,0
2001,300021,1,1,11,22,39,29,5,30,21,27,24,18
2001,300022,1,1,11,11,11,11,11,11,11,11,11,11
2001,300023,1,1,14,24,32,14,17,28,24,32,0,23
2001,300024,1,1,0,0,0,0,0,0,0,0,0,0
2001,300024,2,1,0,0,0,0,0,0,0,0,0,0
2001,300025,0,1,0,0,0,0,0,0,25,0,0,0
2001,300025,1,1,0,0,0,0,0,0,0,0,0,0
2001,300026,1,1,0,0,0,0,0,0,0,0,0,0
2001,300027,1,1,0,0,0,0,0,0,0,0,0,0
2001,300028,1,1,0,0,0,0,0,56,17,0,0,0
2001,300028,2,1,0,0,0,4,0,0,0,0,9,0
2001,300029,1,2,0,21,13,0,20,19,0,6,0,19
2001,300030,1,1,0,0,24,0,0,0,0,0,17,16
2001,300031,1,1,0,0,0,0,0,0,0,0,0,0
2001,300031,2,1,11,11,11,11,11,11,11,11,11,11
2001,300032,1,1,0,0,0,0,0,0,0,0,0,0
2001,300032,2,1,0,0,0,0,0,0,0,0,0,0
2001,300033,1,1,12,16,17,26,34,16,13,17,10,13
2001,300034,1,1,0,0,0,0,0,0,0,0,0,0
2001,300034,2,1,0,0,0,0,0,0,0,0,0,0
2001,300035,1,1,0,0,0,0,0,0,0,0,0,0
2001,300035,2,1,0,0,0,0,0,0,0,0,0,0
2001,300036,1,1,0,0,0,0,0,0,0,2,0,0
2001,300037,1,1,16,11,7,21,26,29,0,17,24,17
2001,300038,1,1,0,0,0,0,0,0,0,0,0,0
2001,300038,2,1,0,0,0,0,0,0,0,0,0,0
2001,300039,1,1,0,9,0,17,19,13,17,17,15,32
2001,300040,1,1,0,0,0,0,0,0,0,0,0,0
2001,300041,1,1,24,24,24,24,24,24,24,24,24,24
2001,300042,1,1,0,0,0,0,0,0,0,0,0,0
2001,300043,1,1,31,30,32,20,43,16,12,18,16,29
2001,300044,1,1,8,8,8,8,8,8,8,8,8,8
2001,300045,1,1,0,0,0,0,0,0,0,0,0,0
2001,300045,2,1,0,0,13,0,0,0,0,0,0,0
2001,300046,1,1,12,0,13,24,37,21,28,14,0,24
2001,300047,1,1,0,0,0,0,0,0,0,0,0,0
2001,300047,2,1,0,0,0,0,0,0,0,0,0,0
2001,300048,1,1,10,22,0,13,18,6,10,17,20,15
2001,300049,1,1,0,0,0,0,0,0,0,0,0,0
2001,300050,1,1,0,0,0,0,0,0,0,0,0,0
2001,300051,1,1,19,19,19,19,19,19,19,19,19,19
2001,300052,1,1,0,0,0,0,0,0,0,0,0,0
2001,300052,2,1,29,29,29,29,29,29,29,29,29,29
2001,300053,1,1,2,2,2,2,2,2,2,2,2,2
2001,300054,1,1,25,25,25,25,25,25,25,25,25,25
2001,300055,1,1,13,13,13,13,13,13,13,13,13,13
2001,300056,1,1,0,0,0,0,0,0,0,0,0,0
2001,300057,1,1,0,0,0,0,0,0,0,0,0,0
2001,300058,1,1,20,20,20,20,20,20,20,20,20,20
2001,300059,1,1,21,21,21,21,21,21,21,21,21,21
2001,300060,1,1,26,0,0,0,0,0,0,0,0,0
2001,300061,1,1,17,17,17,17,17,17,17,17,17,17
2001,300062,1,1,0,0,5,0,0,0,0,0,18,22
2001,300062,2,1,0,0,0,0,0,0,0,0,0,0
2001,300063,1,1,25,19,6,8,9,8,8,12,15,25
2001,300064,1,1,0,0,0,0,0,0,0,0,0,0
2001,300064,2,1,0,0,0,0,0,0,0,0,0,0
2001,300065,1,1,0,0,0,0,16,0,0,0,0,0
2001,300066,1,1,0,0,0,0,0,0,0,0,0,0
2001,300066,2,1,0,0,0,0,0,0,0,0,0,0
2001,300067,1,1,0,0,0,0,0,0,12,0,0,0
2001,300067,2,1,0,0,0,8,0,0,0,0,0,0
2001,300068,1,1,16,16,16,16,16,16,16,16,16,16
2001,300069,1,1,0,0,0,0,0,0,0,0,0,0
2001,300070,1,1,21,21,21,21,21,21,21,21,21,21
2001,300071,1,1,11,11,11,11,11,11,11,11,11,11
2001,300072,1,1,0,0,0,0,0,0,0,0,0,0
2001,300073,1,1,7,14,23,16,22,0,9,14,0,26
2001,300074,1,1,0,0,0,0,0,0,0,0,0,0
2001,300075,1,1,19,9,27,27,21,24,20,20,17,0
2001,300076,1,1,24,24,24,24,24,24,24,24,24,24
2001,300076,2,1,0,0,0,0,0,0,0,0,0,0
2001,300077,1,1,0,0,0,0,0,0,0,0,0,0
2001,300077,2,1,0,0,0,0,0,0,0,0,0,0
2001,300078,1,1,0,0,0,0,0,0,0,0,0,0
2001,300079,1,1,0,0,0,0,0,0,0,0,0,0
2001,300080,1,1,0,0,0,0,0,0,0,0,0,0
2001,300080,2,1,0,0,0,0,0,0,0,0,0,0
2001,300081,1,1,12,16,17,25,20,16,45,10,17,12
2001,300082,1,1,0,1,19,14,13,9,16,31,18,4
2001,300083,1,1,0,0,0,0,51,0,0,0,0,0
2001,300084,1,1,0,0,0,18,14,0,25,0,0,32
2001,300085,1,1,0,0,0,0,0,0,0,0,0,15
2001,300086,1,1,0,0,0,0,0,0,0,0,0,0
2001,300087,1,1,0,0,0,0,0,0,0,0,0,0
2001,300087,2,1,0,0,0,0,0,0,0,0,0,0
2001,300088,1,1,0,0,16,0,0,0,0,0,0,0
2001,300089,1,1,0,0,0,0,0,0,0,0,0,0
2001,300090,1,1,24,24,24,24,24,24,24,24,24,24
2001,300091,1,1,0,0,0,0,0,0,0,0,0,0
2001,300091,2,1,0,0,0,0,0,0,0,0,0,0
2001,300092,1,1,0,0,0,0,0,0,0,0,0,0
2001,300092,2,1,0,0,0,0,0,0,0,0,0,0
2001,300093,1,1,0,0,0,0,0,0,0,0,0,0
2001,300093,2,1,0,0,0,0,0,0,0,0,0,0
2001,300094,1,1,0,0,0,0,0,0,0,0,0,0
2001,300095,1,1,0,0,0,0,22,0,0,0,4,0
2001,300095,2,1,0,0,0,0,0,0,0,0,19,0
2001,300096,1,1,0,0,0,0,0,0,0,0,0,0
2001,300096,2,1,0,0,0,0,0,0,0,0,0,0
2001,300097,1,1,0,0,0,0,0,0,0,0,0,0
2001,300098,1,1,0,0,0,0,0,0,0,0,7,3
2001,300098,2,1,17,6,24,0,20,0,0,0,18,18
2001,300099,1,1,0,35,18,20,23,16,0,14,4,23
2001,300100,1,1,0,0,0,0,0,0,0,0,9,0
2001,300101,1,1,0,0,0,0,0,0,0,0,0,0
2001,300102,1,1,13,13,13,13,13,13,13,13,13,13
2001,300103,1,1,0,0,0,0,0,16,0,0,0,0
2001,300103,2,1,0,0,0,0,0,0,0,0,0,0
2001,300104,1,1,0,0,0,0,0,0,0,0,0,0
2001,300104,2,1,0,14,14,0,0,0,19,16,0,22
2001,300104,3,1,0,21,0,0,0,0,0,0,0,0
2001,300105,0,1,0,0,0,0,0,0,0,0,0,0
2001,300105,1,1,0,0,0,0,0,0,0,0,0,0
2001,300106,1,1,20,31,13,14,18,19,6,17,6,13
2001,300106,2,1,7,7,7,7,7,7,7,7,7,7
2001,300107,1,1,10,20,10,13,31,20,10,31,46,25
2001,300108,1,1,5,5,5,5,5,5,5,5,5,5
2001,300109,1,1,0,0,0,0,0,0,0,0,0,0
2001,300110,1,1,24,24,24,24,24,24,24,24,24,24
2001,300111,1,1,0,0,0,0,0,0,0,0,0,0
2001,300112,1,1,18,47,14,17,10,10,57,25,45,14
2001,300113,1,1,0,0,0,0,0,0,0,0,0,0
2001,300114,1,1,23,0,9,0,0,11,11,15,0,15
2001,300115,1,1,38,0,6,0,0,0,0,0,0,25
2001,300116,1,1,0,0,0,0,0,0,0,0,0,0
2001,300117,1,1,0,0,0,0,0,0,0,0,0,0
2001,300117,2,1,0,0,0,0,0,0,0,0,0,0
2001,300118,1,1,9,12,20,7,0,12,6,21,23,9
2001,300119,1,1,0,0,0,0,0,0,0,0,0,0
2001,300120,1,1,17,20,23,10,23,21,15,16,16,3
2001,300121,1,1,0,0,0,0,0,0,0,0,0,0
2001,300121,2,1,0,0,0,0,0,0,0,0,0,0
2001,300121,3,1,0,0,0,0,0,0,0,0,0,0
2001,300122,1,1,10,10,10,10,10,10,10,10,10,10
2001,300123,0,1,0,0,0,0,0,26,34,15,0,0
2001,300123,1,1,0,0,0,0,0,0,0,0,0,0
2001,300124,1,1,0,13,0,0,0,0,0,0,0,0
2001,300124,2,1,0,0,0,14,21,0,0,0,15,24
2001,300125,1,1,0,0,0,0,0,0,0,0,0,0
2001,300126,1,1,19,19,19,19,19,19,19,19,19,19
2001,300127,1,1,0,0,0,0,0,0,0,0,0,0
2001,300128,1,1,0,0,0,0,0,0,0,0,0,0
2001,300128,2,1,0,0,0,0,0,0,0,0,0,0
2001,300129,1,1,5,5,5,5,5,5,5,5,5,5
2001,300129,2,1,0,0,0,0,0,0,0,0,0,0
2001,300130,0,1,7,0,7,0,0,8,0,0,16,0
2001,300130,1,1,15,0,0,18,0,0,0,0,12,0
2001,300130,2,1,0,0,21,0,0,0,16,0,0,0
2001,300131,1,1,0,0,0,20,0,22,0,11,30,16
2001,300132,1,1,14,11,8,12,13,10,3,26,11,11
2001,300133,0,1,22,5,10,22,23,45,54,25,18,0
2001,300133,1,1,12,4,20,8,9,15,11,25,3,10
2001,300134,1,1,0,14,16,0,0,0,0,0,0,0
2001,300135,1,1,0,0,0,0,0,0,0,0,0,0
2001,300136,1,1,23,21,31,14,19,0,44,24,23,9
2001,300137,1,1,11,0,0,0,4,19,0,17,0,0
2001,300138,1,1,0,0,0,0,0,0,0,0,0,0
2001,300139,1,1,18,18,18,18,18,18,18,18,18,18
2001,300140,1,1,19,19,19,19,19,19,19,19,19,19
2001,300141,1,1,0,0,0,9,0,0,0,0,0,0
2001,300141,2,1,0,0,0,0,0,0,0,0,0,0
2001,300142,1,1,14,14,14,14,14,14,14,14,14,14
2001,300143,1,1,19,19,19,19,19,19,19,19,19,19
2001,300143,2,1,0,0,0,0,0,0,0,0,0,0
2001,300144,1,1,0,26,0,0,24,0,0,13,0,0
2001,300145,1,1,12,0,15,19,23,30,15,9,0,20
2001,300145,2,1,0,0,18,0,0,0,0,0,0,0
2001,300146,1,1,14,7,21,13,16,20,15,0,13,21
2001,300146,2,1,10,21,3,26,0,0,8,10,0,0
2001,300147,1,1,21,21,21,21,21,21,21,21,21,21
2001,300148,1,1,0,0,0,0,0,0,0,0,0,0
2001,300148,2,1,0,0,0,0,0,0,0,0,0,0
2001,300149,1,1,23,0,18,0,24,17,0,27,0,0
2001,300150,1,1,0,0,0,8,0,0,0,0,0,0
2001,300151,1,1,0,0,0,0,0,0,0,0,0,0
2001,300152,1,1,15,5,0,0,8,34,5,0,28,0
2001,300153,1,1,14,14,14,14,14,14,14,14,14,14
2001,300153,2,1,0,0,0,0,0,0,0,0,0,0
2001,300154,1,1,9,15,23,21,22,19,9,17,9,8
2001,300154,2,1,0,0,0,0,0,0,0,0,0,0
2001,300155,1,1,34,34,34,34,34,34,34,34,34,34
2001,300155,2,1,2,2,2,2,2,2,2,2,2,2
2001,300156,0,1,21,29,19,25,37,18,10,40,31,19
2001,300156,1,1,0,0,0,0,0,0,8,0,0,0
2001,300157,1,1,6,14,20,0,0,9,14,0,6,13
2001,300157,2,1,0,0,0,0,0,0,0,0,0,0
2001,300158,1,1,24,24,24,24,24,24,24,24,24,24
2001,300159,1,1,0,0,0,0,0,0,0,0,0,0
2001,300159,2,1,0,0,0,29,0,0,0,0,0,0
2001,300160,1,1,0,0,0,0,0,0,0,0,0,0
2001,300160,2,1,19,0,0,0,0,0,0,0,0,0
2001,300161,1,1,0,0,0,0,0,0,0,0,0,0
2001,300161,2,1,0,0,0,0,0,0,0,0,0,0
2001,300162,1,1,19,24,20,34,7,34,24,31,6,29
2001,300162,2,1,0,0,0,0,19,0,0,0,0,0
2001,300163,1,1,12,12,12,12,12,12,12,12,12,12
2001,300163,2,1,0,0,0,0,0,0,0,0,0,0
2001,300164,1,1,13,0,14,19,21,15,21,16,12,46
2001,300165,1,1,30,19,0,28,26,31,25,28,16,10
2001,300166,1,1,0,0,22,0,0,0,14,0,0,0
2001,300167,1,1,0,0,13,7,0,0,0,0,0,0
2001,300167,2,1,0,0,0,0,0,0,0,0,0,0
2001,300168,1,1,0,0,30,0,0,0,0,0,12,0
2001,300169,1,1,19,19,19,19,19,19,19,19,19,19
2001,300170,1,1,12,12,12,12,12,12,12,12,12,12
2001,300171,1,1,19,17,22,0,43,18,0,26,0,0
2001,300172,1,1,31,31,31,31,31,31,31,31,31,31
2001,300173,1,1,28,22,3,13,9,17,16,8,6,10
2001,300173,2,1,0,0,0,0,0,0,0,0,0,0
2001,300174,1,1,0,0,0,0,0,0,0,0,0,0
2001,300175,1,1,0,0,0,0,0,0,0,0,0,0
2001,300175,2,1,0,0,0,0,0,0,0,0,0,0
2001,300176,1,1,0,0,0,0,0,0,0,0,15,0
2001,300177,1,1,14,0,0,0,14,13,22,0,0,10
2001,300178,1,1,12,12,12,12,12,12,12,12,12,12
2001,300179,1,1,0,0,0,0,0,0,0,0,0,0
2001,300180,1,1,0,5,0,0,0,0,0,0,0,0
2001,300181,1,1,0,0,0,0,0,0,0,0,0,0
2001,300182,1,1,0,0,0,0,0,0,0,0,14,0
2001,300183,1,1,12,12,12,12,12,12,12,12,12,12
2001,300184,1,1,13,13,13,13,13,13,13,13,13,13
2001,300185,1,1,0,0,0,0,0,0,0,0,0,0
2001,300185,2,1,0,0,0,0,0,0,0,8,0,0
2001,300186,0,1,0,0,0,0,14,0,0,7,14,0
2001,300186,1,1,18,16,18,10,9,14,8,19,14,27
2001,300187,1,1,15,0,0,0,0,0,0,18,0,0
2001,300188,1,1,18,18,18,18,18,18,18,18,18,18
2001,300189,1,1,33,33,33,33,33,33,33,33,33,33
2001,300190,1,1,0,0,0,0,0,0,0,0,0,0
2001,300190,2,1,0,0,0,0,0,0,0,0,0,0
2001,300191,1,1,0,0,0,0,0,0,0,0,0,0
2001,300191,2,1,0,0,0,0,0,0,0,0,0,0
2001,300192,1,1,15,7,0,0,0,0,0,0,0,0
2001,300193,1,1,23,23,23,23,23,23,23,23,23,23
2001,300194,0,1,0,0,0,0,0,0,0,0,10,0
2001,300194,1,1,0,0,0,0,0,0,0,0,0,0
2001,300195,1,1,6,6,6,6,6,6,6,6,6,6
2001,300196,1,1,0,0,0,0,0,0,0,0,0,0
2001,300196,2,1,0,0,0,0,0,0,0,0,0,0
2001,300197,1,1,0,0,0,0,0,15,0,0,0,0
2001,300197,2,1,0,0,0,0,0,0,0,0,0,0
2001,300198,1,1,0,0,0,0,0,0,0,0,0,0
2001,300199,1,1,0,0,0,0,0,0,0,0,0,0
2001,300199,2,1,0,0,0,0,0,0,0,0,0,0
2001,300200,1,1,16,16,16,16,16,16,16,16,16,16
2001,300201,0,1,19,0,26,0,24,10,24,10,0,18
2001,300201,1,1,0,0,0,0,0,0,0,0,0,0
2001,310001,1,1,0,0,0,0,0,0,0,0,0,0
2001,310001,2,1,0,0,0,0,0,0,0,0,0,0
2001,310002,1,1,0,0,0,0,0,0,0,0,0,0
2001,310002,2,1,0,0,0,0,0,0,0,0,0,0
2001,310003,1,1,0,0,0,0,0,0,0,0,0,0
2001,310003,2,1,0,0,0,0,0,0,0,0,0,0
2001,310004,0,1,0,0,0,0,0,0,0,0,0,0
2001,310004,1,1,0,0,0,0,0,0,0,0,0,0
2001,310005,1,1,0,0,0,0,0,0,0,0,0,0
2001,310005,2,1,0,0,0,0,0,0,0,0,0,0
2001,310005,3,1,0,0,0,0,0,0,0,0,0,0
2001,310006,1,1,0,0,0,0,0,0,0,0,0,0
2001,310007,1,1,2,2,2,2,2,2,2,2,2,2
2001,310008,1,1,0,0,0,0,0,0,0,0,0,0
2001,310008,2,1,0,0,0,0,0,0,0,0,0,0
2001,310009,1,1,0,0,0,0,0,0,0,0,0,0
2001,310009,2,1,0,0,0,0,0,0,0,0,0,0
2001,310010,1,1,0,0,0,0,0,0,0,0,0,0
2001,310010,2,1,0,0,0,0,0,0,0,0,0,0
2001,310010,3,1,0,0,0,0,0,0,0,0,0,0
2001,310011,1,1,14,14,14,14,14,14,14,14,14,14
2001,310011,2,1,0,0,0,0,0,0,0,0,0,0
2001,310012,1,1,17,17,17,17,17,17,17,17,17,17
2001,310012,2,1,0,0,0,0,0,0,0,0,0,0
2001,310013,1,1,0,0,0,0,0,0,0,0,0,0
2001,310014,1,1,11,11,11,11,11,11,11,11,11,11
2001,310014,2,1,12,12,12,12,12,12,12,12,12,12
2001,310015,1,1,0,0,0,0,0,0,0,0,0,16
2001,310015,2,1,0,0,0,0,0,0,0,0,0,0
2001,310016,1,1,0,0,0,0,0,0,0,0,0,0
2001,310017,1,1,0,0,0,0,0,0,0,0,0,0
2001,310017,2,1,0,0,0,0,0,0,0,0,0,0
2001,310018,1,1,0,0,0,0,0,0,0,0,0,0
2001,310018,2,1,0,0,0,0,0,0,0,0,0,0
2001,310018,3,1,0,0,0,0,0,0,0,0,0,0
2001,310019,1,1,0,0,0,0,0,0,0,0,0,0
2001,310019,2,1,0,0,0,0,0,0,0,0,0,0
2001,310020,1,1,20,20,20,20,20,20,20,20,20,20
2001,310020,2,1,0,0,0,0,0,0,0,0,0,0
2001,310021,0,1,0,0,0,0,0,0,0,0,0,0
2001,310021,1,1,0,0,0,0,0,0,0,0,0,0
2001,310021,2,1,0,0,0,0,0,0,0,0,0,0
2001,310022,1,1,0,0,0,0,0,0,0,0,0,0
2001,310022,2,1,0,0,0,0,0,0,0,0,0,0
2001,310023,1,1,0,0,0,0,0,0,0,0,0,0
2001,310023,2,1,0,0,0,0,0,0,0,0,0,0
2001,310024,1,1,0,0,0,0,0,0,0,0,0,0
2001,310025,1,1,0,0,0,0,0,0,0,0,0,0
2001,310025,2,1,0,0,0,0,0,0,0,0,0,0
2001,310026,0,1,0,0,0,0,0,0,0,0,0,0
2001,310026,1,1,0,0,0,0,0,0,0,0,0,0
2001,310027,1,1,0,0,0,0,0,0,0,0,0,0
2001,310027,2,1,0,0,0,0,0,0,0,0,0,0
2001,310027,3,1,0,0,0,0,0,0,0,0,0,0
2001,310028,1,1,0,0,0,0,0,0,0,0,0,0
2001,310028,2,1,0,0,0,0,0,0,0,0,0,0
2001,310029,1,1,0,0,0,0,0,0,0,0,0,0
2001,310029,2,1,0,0,0,0,0,0,0,0,0,0
2001,310030,1,1,8,8,8,8,8,8,8,8,8,8
2001,310031,1,1,13,13,13,13,13,13,13,13,13,13
2001,310032,1,1,0,0,0,0,0,0,0,0,0,0
2001,310032,2,1,0,0,0,0,0,0,9,0,0,21
2001,310032,3,1,0,0,0,0,0,0,0,0,0,0
2001,310033,0,1,0,36,21,0,0,0,24,17,38,11
2001,310033,1,1,0,0,0,0,0,0,0,0,0,0
2001,310034,1,1,0,0,0,0,0,0,0,0,0,0
2001,310035,0,1,0,0,0,0,0,0,0,0,0,0
2001,310035,1,1,0,0,0,0,0,0,0,0,0,0
2001,310036,1,1,23,23,23,23,23,23,23,23,23,23
2001,310036,2,1,0,0,0,0,0,0,0,0,0,0
2001,310037,1,1,10,10,10,10,10,10,10,10,10,10
2001,310037,2,1,0,0,0,0,0,0,0,0,0,0
2001,310038,1,1,0,0,0,0,0,0,0,0,0,0
2001,310038,2,1,0,0,0,0,0,0,0,0,0,0
2001,310039,1,1,0,0,0,0,0,0,0,0,0,0
2001,310039,2,1,0,0,0,0,0,0,0,0,0,0
2001,310040,1,1,9,9,9,9,9,9,9,9,9,9
2001,310040,2,1,0,0,0,0,0,0,0,0,0,0
2001,310041,1,1,0,0,0,0,0,0,0,0,0,0
2001,310041,2,1,0,0,0,0,0,0,0,0,0,0
2001,310042,1,1,0,0,0,0,0,0,0,0,0,0
2001,310042,2,1,0,0,0,0,0,0,0,0,0,0
2001,310042,3,1,0,0,0,0,0,0,0,0,0,0
2001,310043,1,1,0,0,0,0,0,0,0,0,0,0
2001,310043,2,1,0,0,0,0,8,0,0,0,0,0
2001,310044,1,1,0,0,0,0,0,0,0,0,0,0
2001,310044,2,1,0,0,0,0,0,0,0,0,0,0
2001,310045,1,1,0,0,0,0,0,0,0,0,0,0
2001,310046,1,1,0,0,0,0,0,0,0,0,0,0
2001,310046,2,1,23,23,23,23,23,23,23,23,23,23
2001,310047,1,1,0,0,0,12,0,0,0,0,0,0
2001,310047,2,1,0,0,0,0,0,0,0,0,0,0
2001,310048,1,1,46,46,46,46,46,46,46,46,46,46
2001,310049,1,1,18,18,18,18,18,18,18,18,18,18
2001,310049,2,1,0,0,0,0,0,0,0,0,0,0
2001,310049,3,1,0,0,0,0,0,0,0,0,0,0
2001,310050,1,1,17,17,17,17,17,17,17,17,17,17
2001,310051,1,1,0,0,0,0,0,0,0,0,0,0
2001,310051,2,1,0,0,0,0,0,0,0,0,0,0
2001,310052,1,1,21,21,21,21,21,21,21,21,21,21
2001,310053,1,1,0,0,0,0,0,0,0,0,0,0
2001,310053,2,1,0,0,0,0,0,0,0,0,0,0
2001,310054,1,1,11,11,11,11,11,11,11,11,11,11
2001,310054,2,1,0,0,0,0,0,0,0,0,0,0
2001,310055,0,1,0,0,0,19,0,0,0,0,0,0
2001,310055,1,1,25,25,25,25,25,25,25,25,25,25
2001,310056,1,1,20,20,20,20,20,20,20,20,20,20
2001,310057,1,1,16,16,16,16,16,16,16,16,16,16
2001,310058,1,1,5,5,5,5,5,5,5,5,5,5
2001,310059,1,1,0,0,0,0,0,0,0,0,0,0
2001,310059,2,1,0,0,0,0,0,0,0,0,0,0
2001,310059,3,1,0,0,0,0,0,0,0,0,0,0
2001,310059,4,1,0,0,0,0,0,0,0,0,0,0
2001,310060,1,1,0,0,0,0,0,0,0,0,0,0
2001,310060,2,1,0,0,0,0,0,0,0,0,0,0
2001,310060,3,1,0,0,0,0,0,0,0,0,0,0
2001,310061,1,1,20,20,20,20,20,20,20,20,20,20
2001,310062,1,1,0,0,0,0,0,0,0,0,0,0
2001,310062,2,1,0,0,0,0,0,0,0,0,0,0
2001,310062,3,1,0,0,0,0,0,0,0,0,0,0
2001,310062,4,1,0,0,0,0,0,0,0,0,0,0
2001,310063,1,1,29,29,29,29,29,29,29,29,29,29
2001,310063,2,1,0,0,0,0,0,0,0,0,0,0
2001,310064,1,1,0,0,0,0,0,0,0,0,0,0
2001,310065,1,1,10,10,10,10,10,10,10,10,10,10
2001,310066,1,1,18,0,23,0,0,14,34,0,22,14
2001,310067,1,1,0,0,0,0,0,0,0,0,0,0
2001,310067,2,1,0,0,0,0,0,0,0,0,0,0
2001,310068,1,1,20,20,20,20,20,20,20,20,20,20
2001,310069,0,1,0,0,0,0,0,0,0,0,0,0
2001,310069,0,2,0,0,0,0,0,0,0,0,0,0
2001,310069,1,1,8,8,8,8,8,8,8,8,8,8
2001,310070,1,1,9,9,9,9,9,9,9,9,9,9
2001,310071,1,1,15,15,15,15,15,15,15,15,15,15
2001,310072,1,1,0,0,0,0,0,0,0,0,0,0
2001,310072,2,1,0,0,0,0,0,0,0,0,0,0
2001,310073,0,1,0,0,0,0,0,0,0,0,0,0
2001,310073,1,1,2,2,2,2,2,2,2,2,2,2
2001,310074,0,1,0,0,0,0,0,0,0,0,0,0
2001,310074,1,1,0,0,0,0,0,0,0,0,0,0
2001,310075,1,1,25,25,25,25,25,25,25,25,25,25
2001,310075,2,1,0,0,0,0,0,0,0,0,0,0
2001,310076,1,1,0,0,0,0,0,0,0,0,0,0
2001,310076,2,1,0,0,0,0,0,0,0,0,0,0
2001,310077,0,1,0,0,0,0,0,0,0,0,0,0
2001,310077,1,1,0,0,0,0,0,0,0,0,0,0
2001,310078,1,1,9,9,9,9,9,9,9,9,9,9
2001,310079,1,1,1,1,1,1,1,1,1,1,1,1
2001,310080,1,1,12,12,12,12,12,12,12,12,12,12
2001,310081,1,1,3,3,3,3,3,3,3,3,3,3
2001,310082,1,1,0,0,0,0,0,0,0,0,0,0
2001,310083,1,1,5,5,5,5,5,5,5,5,5,5
2001,310084,1,1,0,0,0,0,0,0,0,0,0,0
2001,310084,2,1,0,0,0,0,0,0,0,0,0,0
2001,310085,1,1,15,15,15,15,15,15,15,15,15,15
2001,310085,2,1,0,0,0,0,0,0,0,0,0,0
2001,310086,1,1,14,14,14,14,14,14,14,14,14,14
2001,310087,1,1,0,0,0,0,0,0,0,0,0,0
2001,310087,2,1,0,0,0,0,0,0,0,0,0,0
2001,310088,1,1,0,0,0,0,9,0,0,0,0,0
2001,310088,2,1,0,0,0,0,0,0,0,0,0,0
2001,310089,1,1,6,6,6,6,6,6,6,6,6,6
2001,310090,1,1,0,0,0,0,0,0,0,0,0,0
2001,310091,1,1,14,14,14,14,14,14,14,14,14,14
2001,310092,1,1,6,6,6,6,6,6,6,6,6,6
2001,310093,1,1,0,0,0,0,0,0,0,0,0,0
2001,310094,1,1,10,10,10,10,10,10,10,10,10,10
2001,310094,2,1,0,0,0,0,0,0,0,0,0,0
2001,310095,1,1,0,0,0,0,0,0,0,0,0,0
2001,310096,1,1,22,2,10,24,0,12,24,0,23,10
2001,310097,1,1,14,14,14,14,14,14,14,14,14,14
2001,310098,1,1,0,0,0,0,0,0,0,0,0,0
2001,310099,1,1,0,0,0,0,0,0,0,0,0,0
2001,310100,1,1,0,0,0,0,0,0,0,0,0,0
2001,310100,2,1,0,0,0,0,0,0,0,0,0,0
2001,310101,1,1,19,19,19,19,19,19,19,19,19,19
2001,310102,1,1,12,12,12,12,12,12,12,12,12,12
2001,310103,1,1,0,0,0,0,0,0,0,0,0,0
2001,310103,2,1,0,0,19,0,0,0,0,0,0,0
2001,310104,1,1,17,17,17,17,17,17,17,17,17,17
2001,310104,2,1,6,6,6,6,6,6,6,6,6,6
2001,310105,1,1,0,0,0,0,0,0,0,0,0,0
2001,310105,2,1,0,0,0,0,0,0,0,0,0,0
2001,310106,0,1,33,33,33,33,33,33,33,33,33,33
2001,310106,1,1,10,10,10,10,10,10,10,10,10,10
2001,310107,1,1,0,0,0,0,0,0,0,0,0,0
2001,310107,2,1,0,0,0,0,0,0,0,0,0,0
2001,310108,0,1,20,20,20,20,20,20,20,20,20,20
2001,310108,1,1,0,0,0,0,0,0,0,0,0,0
2001,310109,1,1,0,0,0,0,0,0,0,0,0,0
2001,310110,1,1,14,14,14,14,14,14,14,14,14,14