YEAR,st_case,veh_no,per_no,P1,P2,P3,P4,P5,P6,P7,P8,P9,P10
2001,310111,1,1,0,0,0,0,0,0,0,0,0,0
2001,310111,2,1,0,0,0,0,0,0,0,0,0,0
2001,310112,1,1,24,24,24,24,24,24,24,24,24,24
2001,310113,1,1,0,0,0,0,0,0,0,0,0,0
2001,310113,2,1,0,0,0,0,0,0,0,9,0,0
2001,310114,1,1,0,0,0,0,0,0,0,0,0,0
2001,310115,1,1,0,0,0,0,0,0,0,0,0,0
2001,310116,1,1,2,2,2,2,2,2,2,2,2,2
2001,310116,2,1,0,0,0,0,0,0,0,0,0,0
2001,310117,1,1,2,2,2,2,2,2,2,2,2,2
2001,310118,1,1,15,15,15,15,15,15,15,15,15,15
2001,310119,1,1,0,0,0,0,0,0,0,0,0,0
2001,310119,2,1,0,0,0,0,0,0,0,0,0,0
2001,310120,1,1,0,0,0,0,0,0,0,0,0,0
2001,310121,1,1,0,0,0,0,0,0,0,0,0,0
2001,310122,1,1,22,22,22,22,22,22,22,22,22,22
2001,310122,2,1,0,0,0,0,0,0,0,0,0,0
2001,310123,1,1,0,0,0,0,0,0,0,0,0,0
2001,310123,2,1,0,0,0,0,0,0,0,0,0,0
2001,310124,1,1,0,0,0,0,0,0,0,0,0,0
2001,310125,1,1,0,0,0,0,0,0,0,0,0,0
2001,310125,2,1,0,0,0,0,0,0,0,0,0,0
2001,310126,1,1,0,0,0,0,0,0,0,0,0,0
2001,310127,1,1,0,0,0,0,0,0,0,0,0,0
2001,310128,1,1,2,2,2,2,2,2,2,2,2,2
2001,310128,2,1,0,0,0,0,0,0,0,0,0,0
2001,310129,1,1,0,0,0,0,0,0,0,0,0,0
2001,310129,2,1,0,0,0,0,0,0,0,0,0,0
2001,310130,1,1,0,0,0,0,0,0,0,0,0,0
2001,310130,2,1,0,0,0,0,0,0,0,0,0,0
2001,310130,3,1,0,0,0,0,0,0,0,0,0,0
2001,310131,1,1,0,0,0,0,0,0,0,0,0,0
2001,310131,2,1,0,0,0,0,0,0,0,0,0,0
2001,310131,3,1,0,0,0,0,0,0,0,0,0,0
2001,310132,1,1,0,0,0,0,0,0,0,0,0,0
2001,310132,2,1,0,0,0,0,0,0,0,0,0,0
2001,310133,1,1,0,0,0,0,0,0,0,0,0,0
2001,310133,2,1,0,0,0,0,0,0,0,0,0,0
2001,310134,1,1,30,30,30,30,30,30,30,30,30,30
2001,310135,1,1,0,0,0,0,0,0,0,0,0,0
2001,310136,1,1,0,0,0,0,0,0,0,0,0,0
2001,310136,2,1,0,0,0,0,0,0,0,0,0,0
2001,310137,1,1,8,8,8,8,8,8,8,8,8,8
2001,310138,1,1,15,15,15,15,15,15,15,15,15,15
2001,310139,1,1,0,0,0,0,0,0,0,0,0,0
2001,310139,2,1,0,0,0,0,0,0,0,0,0,0
2001,310139,3,1,0,0,0,0,0,0,0,0,0,0
2001,310140,1,1,7,18,24,33,23,0,17,20,28,13
2001,310141,1,1,3,3,3,3,3,3,3,3,3,3
2001,310142,1,1,0,0,0,0,0,0,0,0,0,0
2001,310142,2,1,0,0,0,0,0,0,0,0,0,0
2001,310143,1,1,0,24,0,0,0,0,0,0,0,0
2001,310144,1,1,0,0,0,0,0,0,0,0,0,0
2001,310144,2,1,0,0,0,0,0,0,0,0,0,0
2001,310144,3,1,0,0,0,0,0,0,0,0,0,0
2001,310145,1,1,14,14,14,14,14,14,14,14,14,14
2001,310145,2,1,0,11,0,0,0,0,0,0,0,0
2001,310146,1,1,0,0,0,0,0,0,0,0,0,0
2001,310146,2,1,0,0,0,0,0,0,0,0,0,0
2001,310147,1,1,0,14,12,31,0,0,31,0,0,0
2001,310148,1,1,0,0,0,0,0,0,0,0,0,0
2001,310148,2,1,0,0,0,0,0,0,0,0,0,0
2001,310149,1,1,36,36,36,36,36,36,36,36,36,36
2001,310149,2,1,0,0,0,0,0,0,0,0,0,0
2001,310150,0,1,0,0,0,0,0,0,0,0,0,0
2001,310150,1,1,0,0,0,0,0,0,0,0,0,0
2001,310151,1,1,0,0,0,0,0,0,0,0,0,0
2001,310152,1,1,0,0,0,0,0,0,0,0,0,0
2001,310152,2,1,19,19,19,19,19,19,19,19,19,19
2001,310153,1,1,8,8,8,8,8,8,8,8,8,8
2001,310153,2,1,0,0,0,0,0,0,0,0,0,0
2001,310154,1,1,30,30,30,30,30,30,30,30,30,30
2001,310155,1,1,3,3,3,3,3,3,3,3,3,3
2001,310156,1,1,0,0,0,0,0,0,0,0,0,0
2001,310156,2,1,0,0,0,0,0,0,0,0,0,0
2001,310157,1,1,0,0,0,0,0,0,0,0,0,0
2001,310158,1,1,19,19,19,19,19,19,19,19,19,19
2001,310158,2,1,0,0,0,0,0,0,0,0,0,0
2001,310159,1,1,27,27,27,27,27,27,27,27,27,27
2001,310160,1,1,0,0,0,0,0,0,0,0,0,0
2001,310161,1,1,24,24,24,24,24,24,24,24,24,24
2001,310162,1,1,16,16,16,16,16,16,16,16,16,16
2001,310163,1,1,0,0,0,0,0,0,0,0,0,0
2001,310164,1,1,0,0,0,0,0,0,0,0,0,0
2001,310164,2,1,0,0,0,0,0,0,0,0,0,0
2001,310165,1,1,0,0,0,0,0,0,0,11,0,0
2001,310166,1,1,0,0,0,0,0,0,0,0,0,0
2001,310166,2,1,7,7,7,7,7,7,7,7,7,7
2001,310167,1,1,0,0,0,0,0,0,2,0,0,0
2001,310167,2,1,0,0,0,0,0,0,0,0,0,0
2001,310167,3,1,0,0,0,0,0,0,0,0,0,0
2001,310168,1,1,0,0,0,0,0,0,0,0,0,0
2001,310168,2,1,0,0,0,0,0,0,0,0,0,0
2001,310168,3,1,0,0,0,0,0,0,0,0,0,0
2001,310169,1,1,0,0,0,0,0,0,0,0,0,0
2001,310169,2,1,0,0,0,0,0,0,0,0,0,0
2001,310170,1,1,0,0,0,0,0,0,0,0,0,0
2001,310170,2,1,0,0,0,0,0,0,0,0,0,0
2001,310171,1,1,0,0,0,0,0,0,0,0,0,0
2001,310172,1,1,0,0,0,0,0,0,0,0,0,0
2001,310172,2,1,0,0,0,0,0,0,0,0,0,0
2001,310173,1,1,0,0,0,0,0,0,0,0,0,0
2001,310173,2,1,0,0,0,0,0,0,0,0,0,0
2001,310174,0,1,13,0,0,0,0,0,0,0,0,0
2001,310174,1,1,0,0,0,0,0,0,0,0,0,0
2001,310175,1,1,26,26,26,26,26,26,26,26,26,26
2001,310176,1,1,8,8,8,8,8,8,8,8,8,8
2001,310177,1,1,25,25,25,25,25,25,25,25,25,25
2001,310178,1,1,0,0,0,0,0,0,0,0,0,0
2001,310178,2,1,0,0,0,0,0,0,0,0,0,0
2001,310179,0,1,0,0,0,0,0,0,0,0,0,0
2001,310179,1,1,0,0,0,0,0,0,0,0,0,0
2001,310180,1,1,0,0,0,0,0,0,0,0,0,0
2001,310180,2,1,0,0,0,0,0,0,0,0,0,0
2001,310181,1,1,3,3,3,3,3,3,3,3,3,3
2001,310181,2,1,0,0,0,0,0,0,0,0,0,0
2001,310182,1,1,21,21,21,21,21,21,21,21,21,21
2001,310182,2,1,0,0,0,0,0,0,0,0,0,0
2001,310183,1,1,0,0,0,0,0,0,0,0,0,0
2001,310183,2,1,4,4,4,4,4,4,4,4,4,4
2001,310184,1,1,0,0,0,0,0,0,0,0,0,0
2001,310185,1,1,0,0,0,0,0,0,0,0,0,0
2001,310185,2,1,0,0,0,0,0,0,0,0,0,0
2001,310186,1,1,27,0,0,0,0,0,0,0,0,0
2001,310186,2,1,0,0,0,0,0,0,0,0,0,0
2001,310187,1,1,19,19,19,19,19,19,19,19,19,19
2001,310187,2,1,0,0,0,0,0,0,0,0,0,0
2001,310188,1,1,0,0,0,0,0,0,0,0,0,0
2001,310189,1,1,0,0,0,0,0,0,0,0,0,0
2001,310190,1,1,20,20,20,20,20,20,20,20,20,20
2001,310191,1,1,20,20,20,20,20,20,20,20,20,20
2001,310192,1,1,0,0,0,0,0,0,0,0,0,0
2001,310192,2,1,0,0,0,0,0,0,0,0,0,0
2001,310193,1,1,0,0,0,0,0,0,0,0,0,0
2001,310194,1,1,9,9,9,9,9,9,9,9,9,9
2001,310195,1,1,0,0,0,0,0,0,0,0,0,0
2001,310195,2,1,0,0,0,0,0,0,0,0,0,0
2001,310196,1,1,0,0,0,0,0,0,0,0,0,0
2001,310196,2,1,0,0,0,0,0,0,0,0,0,0
2001,310197,1,1,22,22,22,22,22,22,22,22,22,22
2001,310198,0,1,0,0,0,0,0,0,0,0,0,0
2001,310198,1,1,0,0,0,0,0,0,0,0,0,0
2001,310199,1,1,0,0,0,0,0,0,0,0,0,0
2001,310199,2,1,0,0,0,0,0,0,0,0,0,0
2001,310200,1,1,0,0,0,0,0,0,0,0,0,0
2001,310200,2,1,0,0,0,0,0,0,0,0,0,0
2001,310200,3,1,0,0,0,0,0,0,0,0,0,0
2001,310201,1,1,15,15,15,15,15,15,15,15,15,15
2001,310201,2,1,0,0,0,0,0,0,0,0,0,0
2001,310202,1,1,0,0,0,0,0,0,0,0,0,6
2001,310203,1,1,0,0,0,0,0,0,0,0,0,0
2001,310204,1,1,0,0,0,0,0,0,0,0,0,0
2001,310204,2,1,0,0,0,0,0,0,0,0,0,0
2001,310205,1,1,0,0,0,0,0,0,0,0,0,0
2001,310205,2,1,0,0,0,0,0,0,0,0,0,0
2001,310206,1,1,0,0,0,0,0,0,0,0,0,0
2001,310206,2,1,0,0,0,0,0,0,0,0,0,0
2001,310207,1,1,0,0,0,0,0,0,0,0,0,0
2001,310208,1,1,0,0,0,0,0,0,0,0,0,0
2001,310208,2,1,0,0,0,0,0,0,0,0,0,0
2001,310209,1,1,0,0,0,0,0,0,0,0,0,0
2001,310210,1,1,0,0,0,0,0,0,0,0,0,0
2001,310211,1,1,25,0,8,33,20,0,25,0,0,34
2001,310211,2,1,0,0,0,0,0,0,0,0,0,0
2001,310212,0,1,0,0,0,0,0,0,0,0,13,0
2001,310212,1,1,0,0,0,0,0,0,0,0,0,0
2001,310213,1,1,14,14,14,14,14,14,14,14,14,14
2001,310213,2,1,0,0,0,0,0,0,0,0,0,0
2001,310213,3,1,0,0,0,0,0,0,0,0,0,0
2001,310213,4,1,0,0,0,0,0,0,0,0,0,0
2001,310214,1,1,0,0,0,0,0,0,0,0,0,0
2001,310215,1,1,0,0,0,0,0,0,0,0,0,0
2001,310215,2,1,0,0,0,0,0,0,0,0,0,0
2001,310215,3,1,0,0,0,0,0,0,0,0,0,0
2001,320001,1,1,0,0,0,0,0,0,0,0,0,0
2001,320001,2,1,0,0,0,0,14,0,0,0,0,0
2001,320002,1,1,8,24,21,10,13,18,28,28,14,13
2001,320003,1,1,0,0,0,0,0,0,0,0,0,0
2001,320003,2,1,0,0,0,0,0,0,0,0,0,0
2001,320003,3,1,0,0,0,0,0,0,0,0,0,0
2001,320004,0,1,0,0,0,0,0,0,0,0,0,0
2001,320004,1,1,0,0,10,0,0,4,12,0,0,0
2001,320005,1,1,0,0,0,0,9,0,0,0,0,0
2001,320006,1,1,0,7,29,17,11,17,25,0,0,0
2001,320007,1,1,28,28,28,28,28,28,28,28,28,28
2001,320007,2,1,0,0,0,0,5,0,0,0,0,0
2001,320007,3,1,0,0,0,0,0,0,0,0,0,0
2001,320008,1,1,10,14,0,12,0,0,0,0,0,12
2001,320009,1,1,0,0,0,0,0,0,0,0,0,0
2001,320009,2,1,0,0,0,0,0,0,0,0,0,0
2001,320010,1,1,0,0,0,0,0,4,0,17,0,16
2001,320011,0,1,0,0,0,0,0,0,0,0,0,0
2001,320011,1,1,3,3,3,3,3,3,3,3,3,3
2001,320012,0,1,12,12,12,12,12,12,12,12,12,12
2001,320012,1,1,0,0,13,0,0,0,0,0,0,0
2001,320013,1,1,25,25,25,25,25,25,25,25,25,25
2001,320014,1,1,37,37,37,37,37,37,37,37,37,37
2001,320014,2,1,0,25,0,0,0,0,0,0,0,0
2001,320015,0,1,0,0,0,0,0,0,0,0,0,0
2001,320015,1,1,0,0,0,0,0,0,9,19,0,0
2001,320016,1,1,0,14,0,34,0,20,0,0,8,0
2001,320017,0,1,0,0,0,0,0,0,0,0,0,0
2001,320017,1,1,28,28,28,28,28,28,28,28,28,28
2001,320018,1,1,17,17,17,17,17,17,17,17,17,17
2001,320019,1,1,0,0,0,0,0,0,0,0,0,0
2001,320019,2,1,0,0,0,0,0,0,0,0,0,0
2001,320020,1,1,0,0,0,0,0,0,0,0,0,0
2001,320020,2,1,0,2,0,0,0,0,0,0,0,0
2001,320021,1,1,20,20,20,20,20,20,20,20,20,20
2001,320021,2,1,18,0,24,0,0,0,0,0,0,0
2001,320022,1,1,0,0,0,0,0,0,0,0,0,0
2001,320023,1,1,27,27,27,27,27,27,27,27,27,27
2001,320023,2,1,0,0,0,0,0,0,0,0,0,0
2001,320024,1,1,0,0,0,0,0,0,0,0,0,0
2001,320025,1,1,0,0,0,0,0,0,0,0,0,0
2001,320026,1,1,37,37,37,37,37,37,37,37,37,37
2001,320027,0,1,0,0,0,0,0,0,0,0,0,0
2001,320027,1,1,0,0,0,0,0,0,0,0,0,0
2001,320028,0,1,0,0,0,0,0,0,0,0,0,0
2001,320028,1,1,0,0,0,0,0,0,0,0,0,0
2001,320029,0,1,0,0,0,0,0,0,0,0,0,0
2001,320029,1,1,0,10,0,0,0,0,0,0,0,0
2001,320030,1,1,0,0,0,0,0,0,0,0,0,0
2001,320031,1,1,0,0,0,0,0,0,0,0,0,0
2001,320031,2,1,0,0,0,0,0,0,0,0,0,0
2001,320031,3,1,0,0,0,0,0,0,0,0,0,0
2001,320031,4,1,0,0,0,0,0,0,0,0,0,0
2001,320031,5,1,0,0,0,0,0,0,0,0,0,0
2001,320032,1,1,2,2,2,2,2,2,2,2,2,2
2001,320032,2,1,2,2,2,2,2,2,2,2,2,2
2001,320033,1,1,0,0,0,0,0,0,0,0,0,0
2001,320033,2,1,0,0,0,0,0,0,0,0,0,0
2001,320034,1,1,4,4,4,4,4,4,4,4,4,4
2001,320034,2,1,0,0,0,0,0,6,0,0,13,0
2001,320035,1,1,0,0,0,0,0,0,0,0,0,0
2001,320035,2,1,0,0,0,0,0,0,0,0,0,0
2001,320036,1,1,0,0,0,0,0,0,0,0,0,0
2001,320037,1,1,0,0,0,0,0,0,0,0,0,0
2001,320037,2,1,0,0,0,0,0,0,0,0,0,0
2001,320038,1,1,0,0,0,0,0,0,0,0,0,0
2001,320038,2,1,0,0,0,0,0,0,0,0,0,0
2001,320039,1,1,16,16,16,16,16,16,16,16,16,16
2001,320040,1,1,7,7,7,7,7,7,7,7,7,7
2001,320041,1,1,0,0,0,0,0,0,0,0,0,0
2001,320042,1,1,13,13,13,13,13,13,13,13,13,13
2001,320042,2,1,0,0,0,0,0,0,0,0,0,0
2001,320043,0,1,4,4,4,4,4,4,4,4,4,4
2001,320043,1,1,0,0,0,0,0,0,0,0,0,0
2001,320044,1,1,20,20,20,20,20,20,20,20,20,20
2001,320044,2,1,0,0,0,0,0,0,7,0,0,0
2001,320044,3,1,0,0,0,0,0,0,0,0,0,0
2001,320044,4,1,0,0,0,0,0,0,0,0,0,0
2001,320044,5,1,0,0,0,0,0,0,0,0,0,0
2001,320045,1,1,1,1,1,1,1,1,1,1,1,1
2001,320046,0,1,0,0,0,0,0,0,0,0,0,0
2001,320046,1,1,0,0,0,0,0,0,0,0,0,0
2001,320047,1,1,19,0,0,16,0,24,0,0,0,0
2001,320048,1,1,0,0,0,0,0,0,0,0,0,0
2001,320048,2,1,0,0,0,0,0,0,0,0,0,0
2001,320049,1,1,0,0,0,0,0,0,0,0,0,0
2001,320049,2,1,0,0,0,0,0,0,0,0,0,0
2001,320050,1,1,0,0,0,0,0,0,0,0,0,0
2001,320050,2,1,18,18,18,18,18,18,18,18,18,18
2001,320051,0,1,0,0,0,0,0,0,0,0,0,0
2001,320051,1,1,14,17,17,22,16,7,9,0,0,24
2001,320052,1,1,0,0,0,0,0,0,0,0,0,0
2001,320053,1,1,0,0,0,0,0,0,0,0,0,0
2001,320053,2,1,0,0,0,0,0,0,0,0,0,0
2001,320054,1,1,0,0,0,0,0,0,0,0,0,0
2001,320054,2,1,0,0,0,0,0,0,0,0,0,0
2001,320055,1,1,0,0,0,0,0,0,0,0,0,0
2001,320055,2,1,0,0,0,0,0,0,0,0,0,0
2001,320056,1,1,17,17,17,17,17,17,17,17,17,17
2001,320056,2,1,0,0,0,0,0,0,0,0,0,0
2001,320057,1,1,0,0,0,0,0,0,0,0,0,0
2001,320057,2,1,0,0,0,0,0,0,0,0,0,0
2001,320058,1,1,0,0,0,0,0,0,0,0,0,0
2001,320058,2,1,0,0,0,0,0,0,13,0,0,0
2001,320059,1,1,0,0,0,0,0,0,0,0,13,0
2001,320059,2,1,0,0,8,0,36,0,0,0,0,0
2001,320059,3,1,0,0,17,0,0,0,0,17,0,0
2001,320060,0,1,0,0,0,0,0,0,0,0,0,0
2001,320060,1,1,0,0,0,0,0,0,0,0,0,0
2001,320061,0,1,0,0,0,0,0,0,0,0,0,0
2001,320061,1,1,0,0,0,0,0,0,0,0,0,0
2001,320062,1,1,0,0,0,0,0,0,0,0,0,0
2001,320062,2,1,0,0,0,0,0,0,0,0,0,0
2001,320062,3,1,0,0,0,0,0,0,0,0,0,0
2001,320063,1,1,15,15,15,15,15,15,15,15,15,15
2001,320064,1,1,0,0,0,0,0,0,0,0,0,0
2001,320064,2,1,0,0,0,0,0,0,0,0,0,0
2001,320065,1,1,0,0,0,0,0,0,0,0,0,0
2001,320065,2,1,0,0,0,0,0,0,0,0,0,0
2001,320066,1,1,0,0,0,0,0,0,0,0,0,0
2001,320067,0,1,0,14,0,14,0,8,0,7,0,31
2001,320067,1,1,19,20,0,0,0,19,0,0,0,0
2001,320068,0,1,0,0,0,0,0,0,0,0,0,0
2001,320068,1,1,0,0,0,0,0,0,0,0,0,0
2001,320069,1,1,26,26,26,26,26,26,26,26,26,26
2001,320070,0,1,26,26,26,26,26,26,26,26,26,26
2001,320070,1,1,0,0,0,0,0,0,0,0,0,0
2001,320071,0,1,0,0,0,0,0,0,0,0,0,0
2001,320071,1,1,11,11,11,11,11,11,11,11,11,11
2001,320072,1,1,12,12,12,12,12,12,12,12,12,12
2001,320073,1,1,0,0,0,13,0,0,0,0,0,0
2001,320074,1,1,0,0,0,0,0,0,0,0,0,0
2001,320075,1,1,4,18,12,0,15,17,11,0,0,13
2001,320076,1,1,0,0,0,0,0,0,0,0,0,0
2001,320077,1,1,29,29,29,29,29,29,29,29,29,29
2001,320077,2,1,0,0,0,0,0,0,0,15,0,0
2001,320078,1,1,0,0,3,0,0,0,0,0,0,0
2001,320078,2,1,0,0,0,0,0,0,0,0,0,0
2001,320079,1,1,0,24,0,0,18,24,0,8,6,0
2001,320080,1,1,0,0,10,11,0,0,0,0,0,0
2001,320081,1,1,0,0,3,0,0,11,0,0,0,0
2001,320081,2,1,0,0,0,0,0,0,0,0,0,0
2001,320082,0,1,13,13,13,13,13,13,13,13,13,13
2001,320082,1,1,0,0,0,0,0,0,0,0,0,0
2001,320083,1,1,0,0,0,0,0,6,0,0,0,0
2001,320084,1,1,0,0,0,0,0,0,0,0,0,0
2001,320084,2,1,0,0,0,0,0,0,0,0,0,0
2001,320085,1,1,0,5,0,0,12,0,14,0,0,5
2001,320086,1,1,0,0,0,0,0,0,0,0,0,0
2001,320086,2,1,0,0,0,0,0,0,0,0,0,0
2001,320087,1,1,0,0,0,0,0,0,0,0,0,0
2001,320087,2,1,0,0,0,0,0,0,0,0,0,0
2001,320088,0,1,0,0,0,0,0,0,0,0,0,0
2001,320088,1,1,0,0,0,0,0,0,0,0,0,0
2001,320089,1,1,0,0,0,0,0,0,0,0,0,0
2001,320089,2,1,0,0,0,0,0,0,0,0,0,0
2001,320090,1,1,14,14,14,14,14,14,14,14,14,14
2001,320091,1,1,0,0,0,0,0,0,0,0,0,0
2001,320091,2,1,0,0,0,0,0,0,0,0,0,0
2001,320092,1,1,0,0,0,0,0,0,0,0,0,0
2001,320092,2,1,0,0,0,0,0,0,0,0,0,0
2001,320092,3,1,10,0,0,0,0,0,0,0,0,0
2001,320093,1,1,0,0,0,0,0,0,0,0,0,0
2001,320093,2,1,5,0,0,0,0,0,0,0,0,0
2001,320094,0,1,0,0,0,0,0,0,0,0,0,0
2001,320094,1,1,0,0,0,0,0,0,0,0,0,0
2001,320095,1,1,0,0,0,0,0,0,0,0,0,0
2001,320095,2,1,0,0,0,0,0,0,0,0,0,0
2001,320096,1,1,17,17,17,17,17,17,17,17,17,17
2001,320097,1,1,0,0,0,0,0,0,0,0,0,0
2001,320097,2,1,0,0,0,0,0,0,0,0,0,0
2001,320097,3,1,0,0,0,0,0,0,0,0,0,0
2001,320098,1,1,34,34,34,34,34,34,34,34,34,34
2001,320099,1,1,7,7,7,7,7,7,7,7,7,7
2001,320100,1,1,0,0,0,0,0,0,0,0,0,0
2001,320101,1,1,0,0,0,0,0,0,0,0,0,0
2001,320102,1,1,0,0,0,0,0,0,0,0,0,0
2001,320102,2,1,18,0,16,0,0,19,0,0,0,0
2001,320103,1,1,19,19,19,19,19,19,19,19,19,19
2001,320103,2,1,10,14,0,0,5,0,0,8,0,16
2001,320104,1,1,0,0,0,0,0,0,0,0,0,0
2001,320105,1,1,0,0,0,0,0,0,0,0,0,0
2001,320105,2,1,0,0,0,0,0,0,0,0,0,0
2001,320106,1,1,0,0,0,0,0,0,0,0,0,0
2001,320106,2,1,0,0,0,0,0,0,0,0,0,0
2001,320107,1,1,0,0,0,0,0,0,0,0,0,0
2001,320107,2,1,0,0,0,0,0,0,0,0,0,0
2001,320108,0,1,0,0,0,0,0,0,0,0,0,0
2001,320108,1,1,0,0,0,0,0,0,0,0,0,0
2001,320108,2,1,0,0,0,0,0,0,0,0,0,0
2001,320109,0,1,0,0,0,0,0,0,0,0,0,0
2001,320109,1,1,0,0,0,0,0,0,0,0,0,0
2001,320110,1,1,25,25,25,25,25,25,25,25,25,25
2001,320111,1,1,0,0,0,0,0,0,0,0,0,0
2001,320111,2,1,0,0,0,0,0,0,0,0,0,0
2001,320112,1,1,25,18,0,0,0,0,0,0,0,0
2001,320112,2,1,16,0,0,16,5,0,39,10,19,0
2001,320112,3,1,0,0,0,11,0,0,0,0,0,24
2001,320112,4,1,0,21,0,0,0,0,47,0,0,0
2001,320112,5,1,0,0,2,0,0,0,0,0,0,0
2001,320113,1,1,0,0,0,0,0,0,0,0,0,0
2001,320113,2,1,11,0,0,0,0,13,8,0,0,17
2001,320113,3,1,0,0,0,0,0,9,0,25,17,12
2001,320113,4,1,0,12,0,24,0,17,15,17,0,0
2001,320114,1,1,0,0,0,0,0,0,0,0,0,0
2001,320114,2,1,0,0,0,0,0,0,0,0,0,0
2001,320115,1,1,0,0,0,0,0,0,0,0,0,0
2001,320115,2,1,0,3,0,0,0,0,0,0,5,19
2001,320115,4,1,0,0,0,0,0,0,0,0,0,0
2001,320116,1,1,0,0,0,0,0,0,0,0,0,0
2001,320117,1,1,0,0,0,0,0,0,0,0,0,0
2001,320117,2,1,0,0,0,0,0,0,0,0,0,0
2001,320118,1,1,0,0,0,0,0,0,0,0,0,0
2001,320118,2,1,10,26,0,22,0,15,0,14,0,0
2001,320118,3,1,0,0,0,0,0,0,0,0,0,0
2001,320119,1,1,0,0,0,0,0,0,0,0,0,0
2001,320119,2,1,0,0,10,0,0,0,0,0,0,0
2001,320120,1,1,0,0,0,0,0,0,0,0,0,0
2001,320120,2,1,0,0,0,0,0,0,0,0,0,0
2001,320121,1,1,0,0,0,0,0,0,0,0,0,0
2001,320121,2,1,0,0,0,0,0,0,0,0,0,0
2001,320122,1,1,20,20,20,20,20,20,20,20,20,20
2001,320123,0,1,0,0,0,0,0,0,0,0,0,0
2001,320123,1,1,0,0,0,0,0,0,0,0,0,0
2001,320123,2,1,18,0,11,0,0,26,25,0,0,24
2001,320124,1,1,23,23,23,23,23,23,23,23,23,23
2001,320125,1,1,0,0,0,0,0,0,0,0,0,0
2001,320125,2,1,0,0,0,0,0,0,0,0,0,0
2001,320126,1,1,29,29,29,29,29,29,29,29,29,29
2001,320126,2,1,0,11,0,0,17,7,0,0,24,11
2001,320127,1,1,0,0,0,0,0,0,0,0,0,0
2001,320128,1,1,21,21,21,21,21,21,21,21,21,21
2001,320129,1,1,28,0,29,0,10,14,0,25,0,0
2001,320130,0,1,17,17,17,17,17,17,17,17,17,17
2001,320130,1,1,0,0,0,0,0,0,0,0,0,0
2001,320131,0,1,0,0,0,0,0,0,0,0,0,0
2001,320132,1,1,17,0,0,0,14,0,0,0,0,0
2001,320133,1,1,13,13,13,13,13,13,13,13,13,13
2001,320134,1,1,0,0,0,0,0,0,0,0,0,0
2001,320135,1,1,10,10,10,10,10,10,10,10,10,10
2001,320136,1,1,19,19,19,19,19,19,19,19,19,19
2001,320136,2,1,0,0,0,0,25,0,0,27,0,15
2001,320137,1,1,17,0,0,0,0,0,0,0,0,0
2001,320138,1,1,11,9,13,19,17,9,17,14,7,20
2001,320139,0,1,0,0,0,0,0,0,0,0,0,0
2001,320139,1,1,0,0,0,0,0,0,0,0,0,0
2001,320140,1,1,0,0,0,0,0,0,0,0,0,0
2001,320140,2,1,0,0,0,0,0,0,0,0,0,0
2001,320140,3,1,0,0,22,0,0,0,0,0,0,0
2001,320141,1,1,0,0,0,4,0,0,0,0,10,0
2001,320142,1,1,17,17,17,17,17,17,17,17,17,17
2001,320143,1,1,0,0,0,0,0,0,0,0,0,0
2001,320144,1,1,12,12,12,12,12,12,12,12,12,12
2001,320145,1,1,15,15,15,15,15,15,15,15,15,15
2001,320146,0,1,4,4,4,4,4,4,4,4,4,4
2001,320146,0,2,48,0,21,0,18,38,14,14,12,0
2001,320146,1,1,5,12,0,0,12,17,9,0,0,16
2001,320146,2,1,0,0,0,0,0,10,0,0,0,0
2001,320146,3,1,0,0,0,0,0,0,0,0,0,0
2001,320146,4,1,0,0,16,0,14,22,14,27,18,0
2001,320147,1,1,2,2,2,2,2,2,2,2,2,2
2001,320148,1,1,0,0,0,0,0,0,0,0,0,0
2001,320148,2,1,0,0,0,0,0,0,0,0,0,0
2001,320149,0,1,14,14,14,14,14,14,14,14,14,14
2001,320149,1,1,0,9,0,0,16,0,20,12,13,0
2001,320150,1,1,0,15,0,14,12,16,14,23,13,0
2001,320151,1,1,33,33,33,33,33,33,33,33,33,33
2001,320152,1,1,16,16,16,16,16,16,16,16,16,16
2001,320152,2,1,0,0,0,0,0,0,0,0,0,0
2001,320153,0,1,24,24,24,24,24,24,24,24,24,24
2001,320153,0,2,24,24,24,24,24,24,24,24,24,24
2001,320153,0,3,26,26,26,26,26,26,26,26,26,26
2001,320153,1,1,16,16,16,16,16,16,16,16,16,16
2001,320154,1,1,0,0,0,0,0,0,0,0,0,0
2001,320154,2,1,10,10,10,10,10,10,10,10,10,10
2001,320155,1,1,0,0,0,0,0,0,0,0,0,0
2001,320155,2,1,5,5,5,5,5,5,5,5,5,5
2001,320156,0,1,19,19,19,19,19,19,19,19,19,19
2001,320156,1,1,0,0,0,0,0,5,0,0,0,0
2001,320157,0,1,0,0,0,0,0,0,0,0,0,0
2001,320157,1,1,0,0,0,0,0,0,12,0,0,17
2001,320158,1,1,0,0,0,0,0,0,0,0,0,0
2001,320158,2,1,0,0,0,0,0,0,0,0,0,0
2001,320159,1,1,0,0,0,0,0,0,0,0,0,0
2001,320159,2,1,0,0,11,7,0,11,0,0,0,0
2001,320159,3,1,0,0,0,0,4,0,0,0,0,0
2001,320160,1,1,0,0,0,0,0,0,0,0,0,0
2001,320161,1,1,0,0,0,0,0,0,0,0,0,0