YEAR,st_case,veh_no,per_no,P1,P2,P3,P4,P5,P6,P7,P8,P9,P10
2001,361082,1,1,0,0,0,0,0,0,0,0,0,0
2001,361083,0,1,10,11,19,11,19,17,0,0,24,0
2001,361083,3,1,19,19,19,19,19,19,19,19,19,19
2001,361083,4,1,0,0,0,0,0,0,0,0,0,0
2001,361083,5,1,0,0,0,0,0,0,0,0,0,0
2001,361084,1,1,0,0,0,22,31,0,0,0,0,0
2001,361084,2,1,0,0,0,0,0,0,0,0,0,0
2001,361085,1,1,0,0,0,0,0,0,0,0,0,0
2001,361085,2,1,0,0,0,0,0,0,0,0,0,0
2001,361085,3,1,0,0,0,0,0,0,0,0,0,0
2001,361085,4,1,0,0,0,0,0,0,0,0,0,0
2001,361086,0,1,0,0,0,0,0,0,0,0,0,0
2001,361086,1,1,0,0,0,0,0,0,0,0,0,0
2001,361087,0,1,0,0,0,0,0,0,0,0,0,0
2001,361087,1,1,0,0,0,0,0,0,0,0,0,0
2001,361088,1,1,0,0,0,0,0,0,0,0,0,0
2001,361088,2,1,0,0,0,0,0,0,0,0,0,0
2001,361088,3,1,0,0,0,0,0,0,0,0,0,0
2001,361089,0,1,0,0,0,0,0,0,0,0,0,0
2001,361089,1,1,0,0,0,0,0,0,0,0,0,0
2001,361090,1,1,0,0,0,0,0,0,0,0,0,0
2001,361090,2,1,0,0,0,0,0,0,0,0,0,0
2001,361091,0,1,0,0,0,0,0,0,0,0,0,0
2001,361091,1,1,0,0,0,0,0,0,0,0,0,0
2001,361092,1,1,0,0,0,0,0,0,0,0,0,0
2001,361092,2,1,0,0,0,0,0,0,0,0,0,0
2001,361093,1,1,2,2,2,2,2,2,2,2,2,2
2001,361093,2,1,0,0,0,0,0,0,0,0,0,0
2001,361094,0,1,0,0,0,7,0,0,0,0,0,0
2001,361094,1,1,0,0,0,0,0,0,0,0,0,0
2001,361095,1,1,0,0,0,0,0,0,0,0,0,0
2001,361095,2,1,0,0,0,0,0,0,0,0,0,0
2001,361095,3,1,0,0,0,0,0,0,0,0,0,0
2001,361096,1,1,5,16,0,0,15,22,0,6,11,21
2001,361096,2,1,0,0,0,0,0,0,0,0,0,0
2001,361097,1,1,0,0,0,0,0,0,0,0,0,0
2001,361098,1,1,0,0,0,0,0,0,0,0,0,0
2001,361099,1,1,0,0,0,0,0,0,0,0,0,0
2001,361100,1,1,18,22,26,17,13,27,27,13,36,17
2001,361101,1,1,27,27,27,27,27,27,27,27,27,27
2001,361102,1,1,0,0,0,0,0,0,0,0,0,0
2001,361103,1,1,0,0,0,4,0,0,0,0,12,0
2001,361104,1,1,0,0,0,0,0,0,0,0,0,0
2001,361104,2,1,0,0,0,0,0,0,0,0,0,0
2001,361105,1,1,0,0,0,0,0,0,0,0,0,0
2001,361105,2,1,0,0,0,0,0,0,0,0,0,0
2001,361106,1,1,0,0,0,0,0,0,0,0,11,0
2001,361106,2,1,0,0,0,25,0,0,0,0,0,0
2001,361107,1,1,0,0,0,0,0,0,0,0,0,0
2001,361107,2,1,0,0,0,0,0,0,0,0,0,0
2001,361108,1,1,0,0,0,0,0,0,0,0,0,0
2001,361108,2,1,0,0,0,0,0,0,0,0,0,0
2001,361108,3,1,0,0,0,0,0,0,0,0,0,0
2001,361109,0,1,0,0,0,0,0,0,0,0,0,0
2001,361109,1,1,0,0,0,0,0,0,0,0,0,0
2001,361110,1,1,26,26,26,26,26,26,26,26,26,26
2001,361110,2,1,0,0,0,0,21,0,0,0,0,0
2001,361111,1,1,0,0,0,0,0,0,0,0,0,0
2001,361111,2,1,0,0,0,0,0,0,0,0,0,0
2001,361112,1,1,0,0,0,0,0,7,0,0,11,0
2001,361113,1,1,0,0,0,18,0,0,0,0,0,0
2001,361113,2,1,0,0,0,0,0,0,0,0,0,0
2001,361114,1,1,0,0,0,0,0,0,0,8,0,0
2001,361115,1,1,0,0,0,0,0,0,0,0,0,0
2001,361116,1,1,0,0,0,0,0,0,0,0,0,0
2001,361117,1,1,0,0,0,0,0,0,0,0,0,0
2001,361118,1,1,15,15,15,15,15,15,15,15,15,15
2001,361119,0,1,13,8,25,12,24,12,33,37,15,7
2001,361119,1,1,0,16,0,0,8,0,0,10,0,0
2001,361120,1,1,34,34,34,34,34,34,34,34,34,34
2001,361121,0,1,0,0,0,0,0,0,0,0,0,0
2001,361121,1,1,0,0,0,0,0,0,0,0,0,0
2001,361122,0,1,25,25,25,25,25,25,25,25,25,25
2001,361122,1,1,0,0,0,0,0,0,0,0,0,0
2001,361123,1,1,0,0,0,0,0,0,0,0,0,0
2001,361123,2,1,0,0,0,0,0,0,0,0,0,0
2001,361123,3,1,0,0,0,0,0,0,0,0,0,0
2001,361123,4,1,0,0,0,0,0,0,0,10,0,0
2001,361124,1,1,0,15,0,0,0,0,0,0,0,0
2001,361124,2,1,0,0,0,0,0,0,0,0,0,0
2001,361125,1,1,0,0,0,0,0,0,0,0,0,0
2001,361125,2,1,0,0,0,0,0,0,0,0,0,0
2001,361126,1,1,0,0,0,0,0,0,0,0,0,0
2001,361126,2,1,0,0,0,0,0,0,0,0,0,0
2001,361127,0,1,0,0,0,0,0,0,0,0,0,0
2001,361127,0,2,14,0,0,0,0,16,0,0,0,0
2001,361127,1,1,0,0,0,0,0,0,0,0,0,0
2001,361128,1,1,0,0,14,0,13,0,0,0,0,0
2001,361129,1,1,0,0,0,0,0,0,0,0,0,0
2001,361129,2,1,0,0,0,0,0,0,0,0,0,0
2001,361130,1,1,0,0,0,0,0,0,0,0,0,0
2001,361131,1,1,0,0,0,0,0,0,0,0,0,0
2001,361131,2,1,0,0,0,0,0,0,10,0,0,0
2001,361132,0,1,0,0,0,0,0,0,0,0,0,0
2001,361132,1,1,0,0,0,0,0,0,0,0,0,0
2001,361133,0,1,0,0,0,0,0,0,0,0,0,0
2001,361133,1,1,0,0,0,0,0,0,0,0,0,0
2001,361134,1,1,0,0,0,0,0,0,0,0,0,0
2001,361134,2,1,0,0,0,0,0,0,0,0,0,0
2001,361135,1,1,0,0,0,0,0,0,0,0,0,0
2001,361135,2,1,0,0,0,0,0,0,0,0,0,0
2001,361136,1,1,0,0,0,0,0,0,0,0,0,0
2001,361137,0,1,0,0,0,0,0,0,15,0,0,0
2001,361137,1,1,0,0,12,0,0,0,0,0,0,0
2001,361137,2,1,0,0,0,0,0,0,0,0,0,0
2001,361138,1,1,0,0,0,0,0,0,0,0,0,0
2001,361138,2,1,0,0,0,0,0,0,0,0,0,0
2001,361139,1,1,0,0,0,0,0,0,0,0,0,0
2001,361139,2,1,0,0,20,0,0,0,0,0,0,0
2001,361140,1,1,24,25,23,16,19,18,17,22,9,17
2001,361141,1,1,17,0,4,12,0,0,5,17,0,12
2001,361142,1,1,0,0,0,0,0,0,0,0,0,0
2001,361143,1,1,0,0,0,0,0,0,0,0,0,0
2001,361143,2,1,0,0,0,0,0,0,0,0,0,0
2001,361144,1,1,0,0,0,0,0,0,0,0,0,0
2001,361144,2,1,0,0,0,0,0,0,0,0,0,0
2001,361145,1,1,0,0,0,0,0,0,0,7,0,0
2001,361145,2,1,0,0,0,0,0,0,0,0,0,0
2001,361146,1,1,0,0,6,0,0,0,0,0,0,0
2001,361146,2,1,0,0,0,13,0,0,0,0,0,0
2001,361147,1,1,0,0,0,0,0,0,0,0,0,0
2001,361147,2,1,0,31,0,0,0,0,0,0,0,0
2001,361148,1,1,0,0,0,14,0,0,0,0,0,0
2001,361148,2,1,0,0,0,0,0,0,0,0,0,0
2001,361149,1,1,4,4,4,4,4,4,4,4,4,4
2001,361149,2,1,0,0,0,0,0,0,0,0,0,0
2001,361149,3,1,0,0,0,0,0,0,0,0,0,0
2001,361150,1,1,15,15,15,15,15,15,15,15,15,15
2001,361150,2,1,0,0,0,0,23,0,0,0,0,0
2001,361151,1,1,0,0,0,0,0,0,0,0,0,0
2001,361151,2,1,0,0,0,0,0,0,0,0,0,0
2001,361152,1,1,0,0,0,0,0,7,0,0,0,0
2001,361152,2,1,0,0,0,0,0,0,0,0,0,0
2001,361153,1,1,0,0,37,18,31,0,0,14,0,0
2001,361154,1,1,0,0,0,0,0,0,0,0,0,0
2001,361155,1,1,16,16,16,16,16,16,16,16,16,16
2001,361156,1,1,0,0,0,0,0,0,0,0,0,0
2001,361157,1,1,0,0,0,0,0,0,0,0,0,0
2001,361158,1,1,0,0,0,0,0,0,0,0,0,0
2001,361159,1,1,19,19,19,19,19,19,19,19,19,19
2001,361160,1,1,0,0,0,0,0,0,0,0,26,0
2001,361161,1,1,0,0,0,0,0,16,0,5,0,0
2001,361162,1,1,0,0,0,0,0,0,0,0,0,0
2001,361163,1,1,9,9,9,9,9,9,9,9,9,9
2001,361164,1,1,0,0,0,0,0,0,0,0,0,0
2001,361164,2,1,0,0,0,0,0,0,0,0,0,0
2001,361165,1,1,0,0,0,0,0,0,0,0,0,0
2001,361165,2,1,0,0,0,0,0,0,0,0,0,0
2001,361166,1,1,0,0,0,0,0,0,0,0,0,0
2001,361166,2,1,0,0,0,0,0,0,0,0,0,0
2001,361167,0,1,0,0,0,0,0,0,0,0,0,0
2001,361167,1,1,0,0,0,0,0,0,0,0,0,32
2001,361168,1,1,0,31,0,0,8,18,0,10,0,0
2001,361169,1,1,0,0,0,0,0,0,0,0,0,0
2001,361169,2,1,0,0,0,0,0,0,0,0,0,0
2001,361170,1,1,9,7,24,0,0,0,0,0,0,0
2001,361171,1,1,0,0,0,0,0,0,0,0,0,0
2001,361172,1,1,19,19,19,19,19,19,19,19,19,19
2001,361173,1,1,0,0,0,0,0,0,0,0,0,0
2001,361174,1,1,0,0,0,0,0,0,0,0,0,0
2001,361175,0,1,0,0,0,0,0,0,0,0,0,0
2001,361175,1,1,0,0,0,0,0,0,0,0,0,0
2001,361176,1,1,0,0,0,7,0,0,0,0,0,0
2001,361176,2,1,2,2,2,2,2,2,2,2,2,2
2001,361177,1,1,0,0,0,0,0,0,33,0,0,0
2001,361177,2,1,0,0,0,0,0,0,0,0,0,0
2001,361178,1,1,0,0,0,0,0,0,0,0,0,0
2001,361178,2,1,16,16,16,16,16,16,16,16,16,16
2001,361179,1,1,0,0,0,0,0,0,0,0,0,0
2001,361179,2,1,0,0,0,0,0,0,0,0,0,0
2001,361180,0,1,0,0,0,0,0,0,0,0,0,0
2001,361180,0,2,0,0,0,0,0,0,0,0,0,0
2001,361180,1,1,0,0,0,0,0,0,0,0,0,0
2001,361181,1,1,0,0,0,0,0,0,0,0,0,0
2001,361181,2,1,9,0,7,30,9,5,9,19,12,17
2001,361182,0,1,0,0,0,0,0,0,0,0,0,0
2001,361182,1,1,0,0,0,0,0,0,0,0,0,0
2001,361183,0,1,0,0,37,0,0,0,0,0,0,0
2001,361183,1,1,0,0,0,0,0,0,0,0,0,0
2001,361184,0,1,28,28,28,28,28,28,28,28,28,28
2001,361184,1,1,0,0,0,0,0,0,0,0,0,12
2001,361184,2,1,0,0,0,0,6,0,0,0,0,0
2001,361185,0,1,0,0,0,0,0,0,0,0,0,0
2001,361185,1,1,18,0,19,0,5,0,11,0,0,19
2001,361186,1,1,0,0,0,0,9,0,0,0,0,0
2001,361187,1,1,0,0,0,0,0,0,0,0,0,0
2001,361187,2,1,0,0,0,0,0,0,0,0,0,0
2001,361188,1,1,0,0,0,0,0,0,0,0,0,0
2001,361188,2,1,0,29,0,0,0,0,0,22,0,0
2001,361189,1,1,0,0,0,0,0,0,20,0,0,0
2001,361189,2,1,0,0,0,0,0,0,0,0,0,0
2001,361190,1,1,13,16,18,32,22,20,17,24,15,24
2001,361190,2,1,8,0,0,0,11,0,0,0,0,0
2001,361190,3,1,0,0,0,0,0,0,0,0,0,0
2001,361191,1,1,0,0,0,0,0,0,0,0,0,0
2001,361191,2,1,0,0,0,0,0,0,0,0,0,0
2001,361192,0,1,0,0,0,0,0,29,7,0,0,0
2001,361192,1,1,0,0,0,0,0,0,0,0,0,0
2001,361193,0,1,17,46,18,13,40,24,15,38,38,36
2001,361193,1,1,0,0,0,0,0,0,0,0,0,0
2001,361194,1,1,12,14,6,23,23,15,15,18,9,30
2001,361195,1,1,0,0,0,0,0,11,20,0,0,0
2001,361196,1,1,21,21,21,21,21,21,21,21,21,21
2001,361197,1,1,29,29,29,29,29,29,29,29,29,29
2001,361198,1,1,19,19,19,19,19,19,19,19,19,19
2001,361199,1,1,14,14,14,14,14,14,14,14,14,14
2001,361200,1,1,0,0,0,0,0,0,0,0,0,0
2001,361201,1,1,0,7,0,0,0,0,0,0,0,0
2001,361201,2,1,0,0,0,0,0,0,0,0,0,0
2001,361202,0,1,0,0,0,0,0,0,0,0,0,0
2001,361202,1,1,0,0,0,0,0,0,0,0,0,0
2001,361203,0,1,0,0,0,0,0,0,0,0,0,0
2001,361203,1,1,0,0,0,0,0,0,0,0,0,0
2001,361204,0,1,0,0,6,0,0,0,0,0,0,0
2001,361204,1,1,0,0,0,0,0,0,0,0,0,0
2001,361205,1,1,0,0,0,0,0,0,0,0,0,0
2001,361205,2,1,0,0,0,0,0,0,0,0,0,0
2001,361206,1,1,14,14,14,14,14,14,14,14,14,14
2001,361206,2,1,0,0,0,0,0,0,3,0,10,0
2001,361207,1,1,0,0,0,0,0,0,0,0,0,0
2001,361207,2,1,0,0,0,0,0,0,0,0,6,0
2001,361208,0,1,0,0,0,0,0,0,0,0,0,0
2001,361208,1,1,0,25,0,0,26,0,0,0,0,0
2001,361209,1,1,0,0,0,0,0,0,0,0,0,0
2001,361209,2,1,0,0,0,0,0,0,0,0,0,0
2001,361210,0,1,10,10,10,10,10,10,10,10,10,10
2001,361210,1,1,0,0,0,0,22,0,0,0,0,0
2001,361211,1,1,0,13,10,0,0,0,0,0,0,0
2001,361212,0,1,0,0,0,0,0,0,0,23,0,6
2001,361212,1,1,0,0,0,0,0,0,0,0,0,0
2001,361213,1,1,9,15,32,20,10,33,14,17,2,4
2001,361214,1,1,0,0,0,0,0,0,0,0,0,0
2001,361214,2,1,0,0,0,0,0,0,0,0,0,0
2001,361215,0,1,0,0,0,0,0,0,8,7,5,15
2001,361215,1,1,0,0,0,0,0,0,0,0,0,0
2001,361216,1,1,17,17,17,17,17,17,17,17,17,17
2001,361216,2,1,0,0,0,0,0,0,0,0,0,0
2001,361217,0,1,0,0,0,0,0,0,0,0,0,0
2001,361217,1,1,0,0,0,0,0,0,0,0,0,0
2001,361218,1,1,0,0,0,0,0,0,0,0,0,0
2001,361218,2,1,0,0,0,0,0,0,0,0,0,0
2001,361219,1,1,0,0,0,0,0,0,0,0,0,0
2001,361219,2,1,0,0,0,0,0,0,0,0,0,0
2001,361220,1,1,0,0,0,0,0,0,0,0,0,0
2001,361220,2,1,0,0,0,0,0,0,0,0,0,0
2001,361222,1,1,0,0,0,7,0,0,0,0,0,0
2001,361222,2,1,0,0,0,0,0,0,0,0,0,0
2001,361223,1,1,0,0,0,0,0,0,0,0,0,0
2001,361223,2,1,0,0,0,0,0,0,0,0,0,0
2001,361224,1,1,0,0,0,0,0,0,0,0,0,0
2001,361224,2,1,19,0,0,0,0,0,0,0,13,0
2001,361225,1,1,0,0,0,0,0,0,0,0,0,0
2001,361225,2,1,0,0,0,0,0,0,0,0,0,0
2001,361226,1,1,0,0,0,0,0,0,0,0,0,0
2001,361227,0,1,0,0,0,0,0,0,0,0,0,0
2001,361227,1,1,0,0,0,0,0,0,0,0,0,0
2001,361228,0,1,0,0,0,0,0,0,0,0,0,0
2001,361228,1,1,0,0,0,0,0,0,0,0,0,0
2001,361229,1,1,0,0,0,0,12,0,0,0,0,0
2001,361229,2,1,0,0,12,0,0,0,0,0,0,0
2001,361230,1,1,0,21,5,5,15,7,8,17,10,14
2001,361231,1,1,0,0,11,0,0,42,0,0,0,0
2001,361231,2,1,0,0,0,0,0,0,0,0,0,0
2001,361232,0,1,0,0,0,0,0,0,0,0,0,0
2001,361232,1,1,0,0,0,0,0,0,0,0,0,0
2001,361233,0,1,0,0,0,0,0,0,0,0,0,0
2001,361233,1,1,0,0,0,0,0,0,0,0,0,0
2001,361234,1,1,0,0,0,0,0,0,0,0,0,0
2001,361234,2,1,0,0,0,0,0,0,0,0,0,0
2001,361234,3,1,0,0,0,0,0,0,0,0,0,0
2001,361235,1,1,0,0,0,0,0,0,0,0,0,0
2001,361235,2,1,0,0,0,0,0,0,0,0,0,0
2001,361236,0,1,0,0,0,0,0,0,0,0,0,0
2001,361236,1,1,0,0,0,0,0,0,0,0,0,0
2001,361237,1,1,0,0,0,0,0,0,0,0,0,0
2001,361237,2,1,0,0,0,0,0,0,0,0,0,0
2001,361238,1,1,0,0,0,0,0,0,0,0,0,0
2001,361238,2,1,0,0,0,0,0,0,0,0,0,0
2001,361239,1,1,0,9,21,0,0,0,0,0,0,0
2001,361239,2,1,2,2,2,2,2,2,2,2,2,2
2001,361240,0,1,0,0,0,0,0,0,0,0,0,0
2001,361240,1,1,0,15,0,30,3,4,0,22,21,13
2001,361241,1,1,0,0,0,0,0,0,0,0,0,0
2001,361242,1,1,0,0,0,0,0,0,0,0,0,0
2001,361242,2,1,0,0,0,0,0,0,0,0,0,0
2001,361243,1,1,18,18,18,18,18,18,18,18,18,18
2001,361243,2,1,0,9,0,23,0,24,0,0,0,0
2001,361244,1,1,0,0,0,0,0,0,0,0,0,0
2001,361245,1,1,23,45,0,0,0,23,12,0,0,0
2001,361246,1,1,17,17,17,17,17,17,17,17,17,17
2001,361247,1,1,0,0,0,0,0,0,0,0,0,0
2001,361248,1,1,0,0,0,0,0,0,0,0,0,0
2001,361248,2,1,0,0,0,0,0,0,0,0,0,0
2001,361249,0,1,0,0,0,0,0,0,0,0,0,0
2001,361249,1,1,0,0,0,0,13,0,4,16,0,9
2001,361250,1,1,24,24,24,24,24,24,24,24,24,24
2001,361251,1,1,0,0,0,0,0,0,0,0,0,0
2001,361252,0,1,0,0,0,0,0,0,0,0,0,0
2001,361252,1,1,0,18,0,0,0,0,0,0,0,2
2001,361253,1,1,0,0,0,0,0,0,0,0,0,0
2001,361254,1,1,0,0,0,0,0,0,0,0,0,0
2001,361254,2,1,0,0,0,0,0,0,0,0,0,0
2001,361255,1,1,8,27,19,13,30,11,8,4,15,5
2001,361256,0,1,0,0,0,0,0,0,0,0,0,0
2001,361256,0,2,13,0,0,0,19,0,0,0,0,0
2001,361256,1,1,0,18,0,24,0,24,0,7,6,0
2001,361256,2,1,0,0,0,0,0,0,0,0,0,0
2001,361257,1,1,0,0,0,0,0,0,0,0,0,0
2001,361258,0,1,0,0,0,0,0,0,0,0,0,0
2001,361258,1,1,9,25,0,14,23,14,10,14,0,0
2001,361259,0,1,0,0,0,0,30,0,0,0,0,0
2001,361259,1,1,14,0,0,0,0,0,0,0,0,0
2001,361260,1,1,0,0,0,0,0,0,26,0,15,0
2001,361261,1,1,22,0,21,7,0,10,5,0,21,11
2001,361262,0,1,47,0,5,20,0,8,0,0,0,0
2001,361262,1,1,20,0,0,0,0,0,0,0,0,0
2001,361263,0,1,15,15,15,15,15,15,15,15,15,15
2001,361263,1,1,0,0,0,11,22,0,0,27,0,0
2001,361264,1,1,7,10,10,0,17,19,15,26,12,13
2001,361265,1,1,0,0,0,0,0,0,0,0,0,0
2001,361265,2,1,0,0,0,0,0,0,0,0,0,0
2001,361266,1,1,0,0,0,0,0,0,0,0,0,0
2001,361266,2,1,12,0,7,0,0,0,21,12,0,0
2001,361267,1,1,0,0,25,0,17,19,0,0,0,0
2001,361268,1,1,0,0,0,0,0,0,0,13,0,0
2001,361269,0,1,0,0,0,0,0,0,0,0,0,0
2001,361269,1,1,0,17,0,0,0,0,0,0,0,0
2001,361270,1,1,0,0,0,0,0,0,0,0,0,0
2001,361271,0,1,0,0,0,0,0,0,0,0,0,0
2001,361271,0,2,0,0,0,0,0,0,0,0,0,0
2001,361271,0,3,0,0,0,0,0,0,0,0,0,0
2001,361271,0,4,0,0,0,0,0,0,0,0,0,0
2001,361271,0,5,0,0,0,0,0,0,0,0,0,0
2001,361271,0,6,0,0,0,0,0,0,0,0,0,0
2001,361271,0,7,0,0,0,0,7,0,0,0,0,0
2001,361271,0,8,0,0,23,0,0,0,0,0,0,0
2001,361271,0,9,0,0,0,0,0,0,0,0,0,0
2001,361271,0,10,0,0,0,0,24,0,0,0,0,0
2001,361271,0,11,0,14,0,0,0,0,0,0,0,0
2001,361271,0,12,0,0,0,0,32,0,0,0,0,0
2001,361271,0,13,0,0,19,0,0,0,0,0,0,22
2001,361271,1,1,0,0,0,0,0,0,0,0,0,0
2001,361271,2,1,0,0,0,0,0,0,0,0,0,0
2001,361272,1,1,4,4,4,4,4,4,4,4,4,4
2001,361273,0,1,0,0,0,0,0,0,0,0,0,0
2001,361273,0,2,0,0,26,25,20,9,21,0,20,23
2001,361273,1,1,0,0,0,0,0,0,0,0,0,12
2001,361274,1,1,0,0,0,0,0,0,0,0,0,0
2001,361274,2,1,0,0,0,0,0,0,0,0,0,0
2001,361275,1,1,0,0,0,0,0,0,0,0,0,0
2001,361275,2,1,0,0,0,0,0,0,0,0,0,0
2001,361276,0,1,0,0,0,0,0,0,0,0,0,0
2001,361276,0,2,0,0,0,0,0,31,0,0,0,0
2001,361276,1,1,0,0,0,0,0,0,0,0,0,0
2001,361277,1,1,0,0,0,0,0,0,0,0,0,0
2001,361277,2,1,0,0,12,0,0,0,5,0,0,9
2001,361278,0,1,2,2,2,2,2,2,2,2,2,2
2001,361278,1,1,0,12,20,20,19,0,0,0,18,16
2001,361279,0,1,0,13,7,0,0,0,12,0,31,26
2001,361279,1,1,0,0,0,0,0,0,0,0,0,0
2001,361280,0,1,0,0,0,0,0,0,0,0,0,0
2001,361280,1,1,0,0,0,0,0,0,0,0,0,12
2001,361281,0,1,9,9,9,9,9,9,9,9,9,9
2001,361281,1,1,0,0,0,0,0,0,0,0,0,28
2001,361282,0,1,0,0,0,0,0,0,0,0,0,0
2001,361282,1,1,0,0,0,0,0,0,0,0,0,0
2001,361283,0,1,0,0,0,0,0,0,0,0,0,0
2001,361283,1,1,0,0,0,0,0,0,0,0,0,0
2001,361284,0,1,0,0,0,0,0,0,0,0,0,0
2001,361284,1,1,0,0,0,0,0,0,0,0,0,0
2001,361285,0,1,0,0,0,0,0,0,0,0,0,0
2001,361285,1,1,0,0,0,0,0,0,0,0,0,0
2001,361286,0,1,0,0,0,0,0,0,0,0,0,0
2001,361286,2,1,6,0,0,0,0,0,0,0,0,0
2001,361287,1,1,17,17,17,17,17,17,17,17,17,17
2001,361288,1,1,0,0,0,0,0,0,0,0,0,0
2001,361289,1,1,0,0,2,0,0,0,0,0,0,0
2001,361289,2,1,0,0,0,0,0,0,0,0,0,0
2001,361290,1,1,0,0,0,0,0,0,0,0,0,0
2001,361291,1,1,0,0,0,0,0,0,0,0,0,0
2001,361291,2,1,0,0,0,0,0,0,0,0,0,0
2001,361292,0,1,0,0,0,0,0,0,0,0,0,0
2001,361292,1,1,0,0,0,0,0,0,0,0,0,0
2001,361293,0,1,0,0,0,0,0,0,0,0,0,0
2001,361293,1,1,0,0,0,0,0,0,0,0,0,0
2001,361294,1,1,11,6,20,28,11,14,6,24,10,20
2001,361295,1,1,14,10,18,19,21,22,30,19,43,6
2001,361296,1,1,0,24,27,0,8,0,0,0,0,12
2001,361297,1,1,8,15,7,10,13,12,23,3,0,22
2001,361297,2,1,0,0,0,6,26,0,0,0,0,14
2001,361298,0,1,0,0,0,0,0,0,0,0,0,0
2001,361298,1,1,0,0,0,0,0,0,0,0,0,0
2001,361299,1,1,0,0,0,0,0,0,0,0,0,0
2001,361299,2,1,0,9,0,0,0,0,0,0,0,0
2001,361300,0,1,0,0,0,0,0,0,0,0,0,0
2001,361300,1,1,0,0,0,0,0,0,0,0,0,0
2001,361301,1,1,1,1,1,1,1,1,1,1,1,1
2001,361302,1,1,0,0,0,0,0,11,0,0,0,0
2001,361302,2,1,0,0,0,0,0,0,0,0,0,0
2001,361302,3,1,0,0,0,0,0,0,0,0,0,0
2001,361303,1,1,18,18,18,18,18,18,18,18,18,18
2001,361304,1,1,12,12,12,12,12,12,12,12,12,12
2001,361305,0,1,0,0,0,0,0,0,0,0,0,0
2001,361305,1,1,19,0,0,9,8,23,0,0,0,21
2001,361306,1,1,27,27,27,27,27,27,27,27,27,27
2001,361307,0,1,0,0,0,0,0,0,0,0,0,0
2001,361307,1,1,16,25,10,5,6,0,0,0,15,14
2001,361308,1,1,0,0,0,0,0,0,0,0,0,0
2001,361308,2,1,0,0,0,0,0,0,0,0,0,0
2001,361309,1,1,0,0,0,0,0,0,0,0,0,0
2001,361309,2,1,0,0,0,0,0,0,0,0,0,0
2001,361310,1,1,0,0,0,0,0,0,0,0,0,0
2001,361310,2,1,0,0,0,0,0,0,0,0,0,0
2001,361311,1,1,8,11,0,0,0,0,0,0,0,0
2001,361311,2,1,0,0,0,0,0,0,0,0,0,0
2001,361312,0,1,0,0,0,0,0,0,0,0,0,0
2001,361312,1,1,0,0,0,0,0,0,0,0,0,0
2001,361313,1,1,0,0,0,0,0,11,0,0,0,0
2001,361314,0,1,0,0,0,31,30,25,19,25,13,15
2001,361314,1,1,23,16,4,25,16,15,18,0,10,0
2001,361315,0,1,0,0,0,0,0,0,0,0,0,0
2001,361315,1,1,0,0,0,0,0,0,0,0,0,0
2001,361316,1,1,0,0,0,0,0,0,0,0,0,0
2001,361316,2,1,0,0,0,0,0,0,0,0,0,0
2001,361317,1,1,0,0,0,0,0,0,0,0,0,0
2001,361317,2,1,0,10,0,0,12,0,0,0,0,20
2001,361318,0,1,0,0,0,0,0,0,0,0,0,0
2001,361318,1,1,0,0,0,0,0,0,0,0,0,0
2001,361319,1,1,0,0,0,0,0,0,0,0,0,0
2001,361319,2,1,0,0,0,0,0,0,0,0,0,0
2001,361320,1,1,0,0,0,0,0,0,0,0,0,0
2001,361320,2,1,0,0,0,0,0,0,0,0,0,0
2001,361321,1,1,0,0,0,0,0,0,0,0,0,0
2001,361321,2,1,0,0,0,0,0,0,0,0,0,0
2001,361322,0,1,20,14,0,6,0,0,15,0,0,0
2001,361322,1,1,0,0,0,0,0,0,0,0,0,0
2001,361324,0,1,1,1,1,1,1,1,1,1,1,1
2001,361324,1,1,0,0,0,0,10,0,0,0,0,0
2001,361324,2,1,0,0,0,0,0,0,0,0,0,0
2001,361325,0,1,14,14,14,14,14,14,14,14,14,14
2001,361325,1,1,0,0,0,0,0,0,0,0,0,0
2001,361326,1,1,27,27,27,27,27,27,27,27,27,27
2001,361326,2,1,0,0,0,0,0,0,0,0,0,0
2001,361327,1,1,0,0,0,0,0,0,0,0,0,0
2001,361327,2,1,0,0,0,0,0,0,0,0,0,0
2001,361328,1,1,8,7,32,14,30,11,6,7,23,5
2001,361329,0,1,0,0,16,10,0,25,10,10,0,37
2001,361329,1,1,9,19,0,17,15,7,13,3,22,0
2001,361330,1,1,0,0,0,0,0,0,0,0,0,0
2001,361331,1,1,0,0,0,28,0,0,6,0,16,0
2001,361332,0,1,0,0,0,0,0,0,0,0,0,0
2001,361332,1,1,0,0,12,0,0,0,0,0,0,0
2001,361333,1,1,0,0,0,0,0,0,0,0,0,0
2001,361333,2,1,0,0,0,0,0,0,0,0,0,0
2001,361334,0,1,0,0,0,0,0,0,0,0,0,0
2001,361334,1,1,0,0,0,0,0,0,0,0,0,0
2001,361335,1,1,0,0,0,0,0,0,0,0,0,0
2001,361336,1,1,24,24,24,24,24,24,24,24,24,24
2001,361337,1,1,29,29,29,29,29,29,29,29,29,29
2001,361338,1,1,0,0,0,0,0,0,0,0,0,0
2001,361339,1,1,0,0,0,0,0,0,0,0,0,0
2001,361339,2,1,3,14,8,29,13,20,4,14,0,14
2001,361340,1,1,0,0,0,0,0,0,0,0,0,0
2001,361340,2,1,0,0,0,0,0,0,0,0,0,0
2001,361341,0,1,0,0,0,0,0,0,0,0,0,0
2001,361341,1,1,0,0,0,0,0,0,0,0,0,0
2001,361342,0,1,0,0,0,0,0,0,0,0,0,0
2001,361342,1,1,0,0,0,0,0,0,0,0,0,0
2001,361343,0,1,0,0,0,0,0,0,0,0,0,0