YEAR,st_case,veh_no,per_no,P1,P2,P3,P4,P5,P6,P7,P8,P9,P10
2001,361343,1,1,0,0,0,0,0,0,18,0,0,8
2001,361344,1,1,0,0,0,0,0,0,0,0,0,0
2001,361344,2,1,0,0,0,0,8,0,0,0,0,0
2001,361345,1,1,0,0,0,0,0,0,0,0,0,0
2001,361345,2,1,0,0,0,0,0,0,0,0,0,0
2001,361346,0,1,0,0,0,0,0,0,0,0,0,0
2001,361346,1,1,0,0,0,0,0,0,0,0,0,0
2001,361347,1,1,0,0,0,0,0,0,0,0,0,0
2001,361347,2,1,0,0,0,0,0,0,0,0,0,0
2001,361348,1,1,0,20,0,0,26,0,0,0,0,20
2001,361348,2,1,0,0,0,0,0,0,0,0,0,0
2001,361348,3,1,0,0,0,0,0,0,0,0,0,0
2001,361349,0,1,0,0,0,0,0,0,0,0,0,0
2001,361349,1,1,0,0,0,0,0,0,0,0,0,0
2001,361349,2,1,0,0,0,0,0,0,0,0,0,0
2001,361350,1,1,0,0,0,0,0,0,0,0,0,0
2001,361350,2,1,0,0,0,0,0,0,0,0,0,0
2001,361351,1,1,0,0,0,0,0,0,0,0,0,0
2001,361352,1,1,25,25,25,25,25,25,25,25,25,25
2001,361353,1,1,32,10,23,23,24,18,10,6,16,38
2001,361353,2,1,16,0,0,0,10,18,6,0,0,0
2001,361354,1,1,14,0,0,10,0,7,0,0,0,0
2001,361354,2,1,0,0,0,0,0,0,0,0,0,0
2001,361355,1,1,0,0,0,0,0,0,0,0,0,0
2001,361355,2,1,0,0,0,0,0,0,0,0,0,0
2001,361356,1,1,0,0,0,0,0,0,0,0,0,0
2001,361357,1,1,0,20,0,0,0,25,0,0,0,0
2001,361358,1,1,0,0,0,16,0,26,0,0,11,0
2001,361359,1,1,0,0,0,0,0,0,0,0,0,0
2001,361359,2,1,0,0,0,0,0,0,0,0,0,0
2001,361360,1,1,0,0,0,0,0,12,0,0,0,0
2001,361360,2,1,0,0,0,0,0,0,0,0,0,0
2001,361361,1,1,0,0,0,0,0,0,0,0,0,0
2001,361361,2,1,0,0,0,0,0,0,0,0,7,0
2001,361361,3,1,0,0,0,0,0,0,0,0,0,0
2001,361362,0,1,5,0,0,13,0,0,0,0,0,0
2001,361362,1,1,12,18,10,14,3,19,4,19,43,3
2001,361363,0,1,0,0,0,0,0,0,0,0,0,0
2001,361363,1,1,0,0,0,0,0,0,0,0,0,0
2001,361364,1,1,15,15,15,15,15,15,15,15,15,15
2001,361365,1,1,0,0,0,0,0,0,0,0,0,0
2001,361366,0,1,0,0,0,0,0,0,0,0,17,0
2001,361366,1,1,0,0,0,0,0,0,0,0,0,0
2001,361367,1,1,0,0,0,0,0,0,0,0,0,0
2001,361367,2,1,0,0,0,0,0,0,0,0,0,0
2001,361368,1,1,0,0,0,0,0,0,0,0,0,0
2001,361368,2,1,0,0,0,0,0,0,0,0,14,0
2001,361369,0,1,0,0,0,0,0,0,0,0,0,43
2001,361369,1,1,0,0,0,0,0,0,0,0,0,0
2001,361370,0,1,0,0,0,0,0,16,0,0,0,0
2001,361370,1,1,0,0,0,0,0,0,0,0,0,0
2001,361371,1,1,0,0,0,0,0,0,0,0,0,0
2001,361372,1,1,0,0,0,0,0,0,29,0,0,26
2001,361373,0,1,0,0,0,0,0,0,0,0,0,0
2001,361373,1,1,0,0,0,0,0,0,0,0,0,0
2001,361374,1,1,0,0,0,0,0,0,0,0,0,0
2001,361375,1,1,0,0,8,0,0,4,0,21,0,0
2001,361376,1,1,22,11,14,10,0,5,3,12,0,10
2001,361376,2,1,7,0,0,16,0,5,0,0,0,5
2001,361377,0,1,0,0,0,0,0,0,0,0,8,0
2001,361377,1,1,0,0,0,0,0,0,0,0,0,0
2001,361378,0,1,0,0,0,0,0,0,0,0,0,0
2001,361378,1,1,0,0,0,0,0,0,0,0,0,0
2001,361379,1,1,0,0,0,0,0,0,0,0,0,0
2001,361379,2,1,0,0,0,0,0,0,0,0,0,0
2001,361380,1,1,0,0,0,0,13,0,0,0,8,0
2001,361380,2,1,15,15,15,15,15,15,15,15,15,15
2001,361380,3,1,0,0,0,14,28,0,11,15,18,17
2001,361381,0,1,0,0,0,0,0,0,0,0,0,0
2001,361381,1,1,0,0,0,0,20,0,0,0,0,0
2001,361382,1,1,0,0,0,0,0,0,0,0,0,0
2001,361383,1,1,1,1,1,1,1,1,1,1,1,1
2001,361383,2,1,0,0,0,0,0,0,0,0,0,0
2001,361384,1,1,0,0,0,0,0,0,0,0,0,0
2001,361384,2,1,0,0,0,0,0,0,0,11,0,0
2001,361384,3,1,0,0,0,0,0,0,0,0,0,0
2001,361385,0,1,0,0,0,0,0,0,0,0,0,0
2001,361385,0,2,0,0,0,0,0,0,0,0,0,54
2001,361385,0,3,0,0,0,0,0,0,0,0,0,0
2001,361385,1,1,0,0,0,0,0,0,0,0,0,0
2001,361385,2,1,0,0,0,8,0,0,0,0,0,0
2001,361386,0,1,0,0,0,0,0,0,24,0,0,29
2001,361386,1,1,0,0,0,0,0,0,0,0,0,0
2001,361387,0,1,0,0,0,0,0,0,0,0,0,0
2001,361387,1,1,0,0,0,0,0,0,0,0,0,0
2001,361388,0,1,0,0,0,0,21,7,0,0,0,28
2001,361388,1,1,0,11,0,0,0,0,0,0,0,6
2001,361389,0,1,0,0,0,0,0,0,0,0,0,0
2001,361389,1,1,0,0,0,0,2,0,13,0,0,0
2001,361390,0,1,0,0,0,0,0,0,0,0,0,0
2001,361390,0,2,19,15,0,0,20,0,0,0,42,0
2001,361390,0,3,0,0,0,0,0,0,0,0,0,10
2001,361390,1,1,0,0,0,0,0,0,0,0,0,0
2001,361390,2,1,0,0,0,0,0,0,0,0,0,0
2001,361390,3,1,0,0,0,0,0,0,0,0,0,0
2001,361390,4,1,0,0,0,0,0,0,0,0,0,0
2001,361391,0,1,0,0,0,0,0,0,0,0,0,0
2001,361391,1,1,0,0,0,0,0,0,0,0,0,0
2001,361392,0,1,0,0,0,0,0,0,0,0,0,0
2001,361392,1,1,0,0,0,0,0,0,0,0,0,0
2001,361393,0,1,0,0,0,0,0,0,0,0,0,0
2001,361393,0,2,0,0,0,14,0,0,0,0,0,0
2001,361393,1,1,0,0,0,0,0,0,0,0,0,0
2001,361394,0,1,0,0,0,12,0,0,14,0,0,0
2001,361394,0,2,0,0,0,0,0,0,0,0,0,0
2001,361394,0,3,0,0,0,0,0,0,0,0,0,0
2001,361394,0,4,0,0,0,12,4,0,0,22,0,28
2001,361394,1,1,0,0,0,0,0,0,0,0,0,0
2001,361395,1,1,0,0,0,0,0,0,0,0,0,0
2001,361395,2,1,0,0,0,0,13,0,0,0,0,0
2001,361395,3,1,10,0,0,0,0,0,0,0,0,0
2001,361396,1,1,0,0,0,0,0,0,0,0,0,0
2001,361396,2,1,0,0,0,0,0,0,0,0,0,0
2001,361396,3,1,0,0,0,0,0,13,0,0,0,0
2001,361397,1,1,0,0,0,0,0,0,0,0,0,0
2001,361397,2,1,0,0,0,0,0,0,0,0,0,0
2001,361398,0,1,0,0,0,0,0,0,0,0,0,0
2001,361398,1,1,0,0,0,0,0,0,0,0,0,0
2001,361399,0,1,0,0,0,0,0,0,0,0,0,0
2001,361399,1,1,0,0,0,0,0,0,0,0,0,0
2001,361400,1,1,14,4,10,5,33,0,11,16,14,9
2001,361401,0,1,0,0,0,0,0,0,45,8,27,22
2001,361401,1,1,0,0,0,0,0,0,0,0,0,0
2001,361402,1,1,24,0,0,0,0,0,0,0,0,0
2001,361402,2,1,0,0,0,0,0,0,0,0,0,0
2001,361403,0,1,0,0,0,0,0,0,0,0,0,0
2001,361403,1,1,0,0,0,0,0,0,0,0,0,0
2001,361404,1,1,0,17,8,5,0,8,10,0,0,8
2001,361405,1,1,3,3,3,3,3,3,3,3,3,3
2001,361405,2,1,0,0,0,0,0,0,0,0,0,0
2001,361406,1,1,0,0,0,0,0,0,0,0,0,0
2001,361406,2,1,0,0,0,0,0,0,12,0,0,0
2001,361407,1,1,0,24,0,15,0,0,0,17,0,0
2001,361408,0,1,0,0,0,0,0,0,0,0,0,0
2001,361408,1,1,0,5,0,0,0,0,0,0,8,0
2001,361409,1,1,0,0,0,0,0,0,0,0,0,0
2001,361409,2,1,0,0,0,0,0,0,0,0,0,0
2001,361410,0,1,0,0,0,0,0,0,0,0,0,0
2001,361410,1,1,0,0,0,0,0,0,0,0,0,0
2001,361411,0,1,0,0,0,0,0,0,0,0,0,0
2001,361411,1,1,0,8,0,10,0,0,0,0,4,0
2001,361411,2,1,0,0,0,0,0,0,0,5,0,0
2001,361411,3,1,0,20,0,0,0,0,0,0,0,0
2001,361412,0,1,0,0,0,0,0,0,0,0,0,0
2001,361412,1,1,0,0,0,0,0,0,0,0,0,0
2001,361413,0,1,41,0,0,0,0,0,0,16,0,0
2001,361413,1,1,18,0,0,0,0,0,25,0,0,0
2001,361414,0,1,0,0,0,0,0,0,0,0,0,0
2001,361414,1,1,10,9,23,13,22,0,31,31,8,20
2001,361415,0,1,0,0,0,0,0,0,0,0,0,0
2001,361415,1,1,0,0,0,0,0,0,0,0,0,0
2001,361416,0,1,0,0,0,0,0,0,0,0,0,0
2001,361416,1,1,0,0,0,0,0,0,0,0,0,0
2001,361417,1,1,0,0,0,0,0,0,0,0,0,0
2001,361417,2,1,0,0,0,0,0,0,0,0,0,0
2001,361418,1,1,23,23,23,23,23,23,23,23,23,23
2001,361418,2,1,0,0,0,0,0,0,0,0,0,0
2001,361419,0,1,0,0,0,0,0,0,0,0,0,0
2001,361419,1,1,17,9,11,11,0,6,23,7,8,24
2001,361420,0,1,6,6,6,6,6,6,6,6,6,6
2001,361420,1,1,0,0,16,0,0,0,0,0,12,0
2001,361421,1,1,16,23,24,16,0,0,0,15,24,7
2001,361422,1,1,1,1,1,1,1,1,1,1,1,1
2001,361423,1,1,0,0,0,0,0,0,0,0,0,0
2001,361424,0,1,0,0,0,0,0,0,0,0,0,0
2001,361424,1,1,0,0,0,0,0,0,0,0,0,0
2001,361425,1,1,0,0,0,0,0,0,0,0,0,0
2001,361425,2,1,0,0,0,0,0,0,0,0,11,0
2001,361426,0,1,0,0,0,0,0,0,0,0,0,0
2001,361426,1,1,0,0,0,0,0,0,0,0,0,0
2001,361427,1,1,24,24,24,24,24,24,24,24,24,24
2001,361427,2,1,0,0,0,14,0,0,0,3,0,0
2001,361428,0,1,0,0,0,0,0,0,0,0,0,0
2001,361428,1,1,0,0,0,0,0,0,0,0,0,0
2001,361429,0,1,27,27,27,27,27,27,27,27,27,27
2001,361429,1,1,0,18,9,19,7,0,0,0,0,0
2001,361430,0,1,0,0,0,0,0,0,0,0,0,0
2001,361430,1,1,0,0,0,0,0,0,0,0,0,0
2001,361431,1,1,0,0,0,0,0,0,0,0,0,0
2001,361431,2,1,0,0,0,0,0,0,0,0,0,0
2001,361432,0,1,0,0,0,0,0,0,0,0,0,0
2001,361432,1,1,0,0,0,0,0,0,0,0,0,0
2001,361433,1,1,0,0,0,0,0,0,0,0,0,0
2001,361433,2,1,0,0,0,0,0,0,0,0,0,0
2001,361434,1,1,0,0,0,0,0,0,0,0,0,0
2001,361435,0,1,18,0,19,5,0,0,0,17,0,20
2001,361435,1,1,0,0,0,0,0,0,0,0,0,0
2001,361436,0,1,0,0,0,0,0,0,0,0,0,0
2001,361436,1,1,0,0,0,0,0,0,0,0,0,0
2001,361437,0,1,0,0,0,0,0,0,0,0,0,0
2001,361437,1,1,0,0,0,0,0,0,0,0,0,0
2001,361438,0,1,0,0,0,0,0,0,0,0,0,0
2001,361438,1,1,0,0,0,0,0,0,0,7,0,0
2001,361439,1,1,0,0,0,0,0,0,0,0,0,0
2001,361439,2,1,0,0,0,0,0,0,0,0,0,0
2001,361440,1,1,0,0,0,0,0,0,0,0,0,0
2001,361440,2,1,0,0,0,0,0,0,0,0,0,0
2001,361441,1,1,0,28,0,0,0,31,31,0,0,0
2001,361442,0,1,3,3,3,3,3,3,3,3,3,3
2001,361442,1,1,0,0,0,0,0,0,0,0,0,0
2001,361443,0,1,0,0,17,0,0,0,0,0,0,0
2001,361443,1,1,0,0,0,0,0,0,0,0,0,0
2001,361444,0,1,0,0,0,0,0,0,0,0,0,0
2001,361444,0,2,0,0,0,0,0,0,0,0,0,0
2001,361444,1,1,0,0,0,0,0,0,0,0,0,0
2001,361444,2,1,0,0,0,0,0,0,0,0,0,12
2001,361445,0,1,0,0,0,0,3,0,0,0,0,0
2001,361445,1,1,0,0,0,0,0,0,0,0,0,0
2001,361446,0,1,0,0,0,0,0,0,0,0,0,0
2001,361446,1,1,0,0,0,0,0,0,0,0,0,0
2001,361447,0,1,0,0,0,0,0,0,0,0,0,0
2001,361447,1,1,0,0,0,0,0,0,0,0,0,0
2001,361448,1,1,0,0,0,0,0,0,0,0,0,0
2001,361448,2,1,0,0,0,0,0,0,0,0,0,0
2001,370001,1,1,0,0,0,0,0,0,0,0,0,0
2001,370002,1,1,21,21,21,21,21,21,21,21,21,21
2001,370003,1,1,18,18,18,18,18,18,18,18,18,18
2001,370004,1,1,0,0,0,0,0,0,0,0,0,0
2001,370004,2,1,0,0,0,0,0,0,0,0,0,0
2001,370005,1,1,0,0,0,0,0,0,0,0,0,0
2001,370005,2,1,0,0,0,17,0,0,0,0,0,0
2001,370006,1,1,0,0,0,0,0,0,0,0,0,0
2001,370006,2,1,0,0,15,21,17,7,10,6,11,15
2001,370007,1,1,0,0,0,0,0,0,0,0,0,0
2001,370007,2,1,0,0,0,0,0,0,0,0,0,0
2001,370008,1,1,0,0,0,0,0,0,0,0,0,0
2001,370009,1,1,0,0,0,0,0,0,0,0,0,0
2001,370009,2,1,0,0,0,0,0,0,0,0,0,0
2001,370010,1,1,8,8,8,8,8,8,8,8,8,8
2001,370011,1,1,10,10,10,10,10,10,10,10,10,10
2001,370012,1,1,0,0,0,0,0,0,0,0,0,0
2001,370013,1,1,0,0,0,0,0,0,0,0,0,0
2001,370014,1,1,0,0,0,0,0,0,0,0,0,0
2001,370014,2,1,0,0,0,0,0,0,0,0,0,0
2001,370014,3,1,0,0,0,0,0,0,0,0,0,0
2001,370015,1,1,0,0,0,0,0,0,0,0,0,0
2001,370015,2,1,25,17,0,0,7,16,0,9,13,10
2001,370016,1,1,0,0,0,0,0,0,0,0,0,0
2001,370017,1,1,0,0,0,0,0,0,0,24,0,0
2001,370017,2,1,0,0,0,0,0,0,0,0,0,0
2001,370018,1,1,0,0,0,0,0,0,0,0,0,0
2001,370018,2,1,0,0,0,0,0,0,0,0,0,0
2001,370019,1,1,27,27,27,27,27,27,27,27,27,27
2001,370020,1,1,0,0,0,0,0,0,0,0,0,0
2001,370021,1,1,0,0,0,0,0,0,0,0,0,0
2001,370021,2,1,0,0,0,0,0,0,0,0,0,0
2001,370022,1,1,0,0,0,0,0,0,0,0,0,0
2001,370023,1,1,0,3,0,0,0,0,0,0,0,15
2001,370024,0,1,0,0,0,0,0,0,0,0,0,0
2001,370024,1,1,0,0,0,0,0,0,0,0,0,0
2001,370025,1,1,0,0,0,0,0,0,0,0,0,0
2001,370026,1,1,0,0,0,0,0,0,0,0,0,0
2001,370027,1,1,0,0,0,0,0,0,0,0,0,0
2001,370028,1,1,0,0,0,0,0,0,0,0,0,0
2001,370029,1,1,0,0,0,0,0,0,0,0,0,0
2001,370029,2,1,0,0,0,0,0,0,0,0,0,0
2001,370030,1,1,0,0,0,0,0,0,0,0,0,0
2001,370030,2,1,0,0,0,0,0,0,0,0,0,0
2001,370031,1,1,10,0,25,3,9,0,13,14,14,0
2001,370032,1,1,0,16,0,0,0,0,0,0,0,0
2001,370033,1,1,0,11,0,0,0,0,0,0,2,0
2001,370033,2,1,0,0,0,0,0,0,0,0,0,0
2001,370034,1,1,0,0,0,0,0,0,0,0,0,0
2001,370035,1,1,0,0,0,0,0,0,0,0,0,0
2001,370035,2,1,0,0,0,0,0,0,0,0,0,0
2001,370035,3,1,0,0,0,0,0,0,0,0,0,0
2001,370036,1,1,13,11,0,5,13,10,11,16,13,13
2001,370037,0,1,18,0,8,0,0,0,0,0,0,0
2001,370038,1,1,0,0,0,0,0,0,0,0,0,0
2001,370038,2,1,0,0,0,0,0,0,0,0,0,0
2001,370039,1,1,5,18,11,20,9,27,22,12,29,10
2001,370040,1,1,14,14,14,14,14,14,14,14,14,14
2001,370041,1,1,0,0,0,0,0,0,0,0,0,0
2001,370041,2,1,0,0,0,0,0,0,0,0,0,0
2001,370041,3,1,0,0,0,0,0,0,0,0,0,0
2001,370042,0,1,0,0,0,0,0,0,0,0,0,0
2001,370042,1,1,0,0,0,0,0,0,0,0,0,0
2001,370043,1,1,0,0,0,0,0,0,0,0,0,0
2001,370044,1,1,18,18,18,18,18,18,18,18,18,18
2001,370045,1,1,0,0,0,0,0,0,0,0,0,0
2001,370046,1,1,0,0,0,0,0,0,0,0,0,0
2001,370047,1,1,0,0,0,0,0,0,0,0,0,0
2001,370048,1,1,0,0,0,0,0,0,0,0,0,0
2001,370048,2,1,0,0,0,0,0,0,0,0,0,0
2001,370049,1,1,18,0,6,0,0,0,0,0,0,0
2001,370050,1,1,0,0,0,0,0,0,0,0,0,0
2001,370050,2,1,0,0,0,0,0,0,0,0,0,0
2001,370051,1,1,0,0,0,0,0,0,0,0,0,0
2001,370051,2,1,0,0,0,0,0,0,0,0,0,0
2001,370052,0,1,0,0,0,0,0,0,0,0,0,0
2001,370052,1,1,12,0,2,9,0,5,4,0,13,0
2001,370053,1,1,0,0,0,0,0,0,0,0,0,0
2001,370053,2,1,0,0,0,0,0,0,0,0,0,0
2001,370054,1,1,0,0,0,9,0,0,0,0,0,0
2001,370054,2,1,0,0,0,0,0,0,0,0,0,0
2001,370055,1,1,0,0,0,0,0,0,0,0,0,0
2001,370055,2,1,0,0,0,0,0,0,0,0,0,0
2001,370056,1,1,0,0,0,0,0,0,0,0,0,0
2001,370056,2,1,0,0,0,0,0,0,0,0,0,0
2001,370057,1,1,0,0,0,0,0,0,0,0,0,0
2001,370058,1,1,2,2,2,2,2,2,2,2,2,2
2001,370059,1,1,0,0,0,0,22,0,0,0,0,0
2001,370059,2,1,0,0,0,0,0,0,0,0,0,0
2001,370059,3,1,0,0,0,0,0,0,0,0,0,0
2001,370060,1,1,0,0,0,0,0,0,0,0,0,0
2001,370061,0,1,0,5,12,19,30,25,0,7,7,16
2001,370061,1,1,0,0,0,0,0,0,0,0,0,0
2001,370062,1,1,19,11,14,24,10,6,19,33,18,16
2001,370063,1,1,0,0,0,0,0,0,0,0,0,0
2001,370063,2,1,0,0,0,0,0,0,0,0,0,0
2001,370064,1,1,0,0,0,0,0,0,0,0,0,0
2001,370064,2,1,0,0,0,0,0,0,16,0,0,0
2001,370065,1,1,13,13,13,13,13,13,13,13,13,13
2001,370066,0,1,0,0,0,0,0,0,0,0,0,0
2001,370066,1,1,0,0,0,0,23,0,0,0,0,0
2001,370067,1,1,0,0,0,0,0,0,0,0,0,0
2001,370068,1,1,18,18,18,18,18,18,18,18,18,18
2001,370069,1,1,18,18,18,18,18,18,18,18,18,18
2001,370070,1,1,0,0,0,0,0,0,0,0,0,0
2001,370070,2,1,0,0,0,0,0,0,0,0,0,8
2001,370071,1,1,40,40,40,40,40,40,40,40,40,40
2001,370072,1,1,0,0,0,0,0,0,0,0,0,0
2001,370072,2,1,0,0,0,0,0,0,0,0,0,0
2001,370073,1,1,0,0,0,0,0,0,0,0,0,0
2001,370074,1,1,8,8,8,8,8,8,8,8,8,8
2001,370075,0,1,0,0,0,0,0,0,0,0,0,0
2001,370075,1,1,0,0,0,0,0,0,0,0,0,0
2001,370076,1,1,18,17,12,8,23,28,13,0,19,0
2001,370076,2,1,0,0,0,0,0,16,0,0,0,0
2001,370077,1,1,0,0,0,0,0,0,0,0,0,0
2001,370077,2,1,0,0,0,0,0,0,0,0,0,0
2001,370077,3,1,0,0,0,0,0,0,0,0,0,0
2001,370078,1,1,9,9,9,9,9,9,9,9,9,9
2001,370079,1,1,19,19,19,19,19,19,19,19,19,19
2001,370080,1,1,0,0,0,0,0,0,0,0,0,0
2001,370080,2,1,0,0,0,0,0,0,0,0,0,0
2001,370080,3,1,0,0,0,0,0,0,0,0,0,0
2001,370082,1,1,14,19,5,12,11,11,9,11,13,20
2001,370083,1,1,0,0,0,0,0,0,0,0,0,0
2001,370084,1,1,19,5,16,20,18,10,23,20,8,24
2001,370084,2,1,0,0,0,0,0,0,0,0,0,0
2001,370085,1,1,11,11,11,11,11,11,11,11,11,11
2001,370085,2,1,0,0,0,0,0,0,0,0,0,0
2001,370086,1,1,13,21,0,29,0,0,0,0,0,25
2001,370087,1,1,0,0,0,0,5,0,0,0,0,0
2001,370087,2,1,0,0,0,0,0,0,0,0,0,0
2001,370088,1,1,0,0,0,0,0,0,0,0,0,0
2001,370089,1,1,0,0,0,0,0,0,0,0,0,0
2001,370089,2,1,0,0,0,0,0,0,0,0,0,0
2001,370090,1,1,0,0,0,0,0,0,0,0,0,0
2001,370090,2,1,0,0,0,0,0,0,0,0,0,0
2001,370091,1,1,17,17,17,17,17,17,17,17,17,17
2001,370092,1,1,0,0,0,0,0,0,0,0,0,0
2001,370093,1,1,0,0,0,0,0,0,0,0,0,0
2001,370094,1,1,0,0,0,0,0,0,0,0,0,0
2001,370095,1,1,17,0,15,9,45,15,20,13,25,24
2001,370096,1,1,16,0,0,0,0,0,0,0,0,0
2001,370096,2,1,0,0,0,0,0,0,0,0,0,0
2001,370097,1,1,0,0,0,0,0,0,0,0,0,0
2001,370097,2,1,18,18,18,18,18,18,18,18,18,18
2001,370098,1,1,0,0,0,0,0,0,33,4,0,0
2001,370099,1,1,0,0,0,0,0,0,0,0,0,0
2001,370099,2,1,0,0,0,0,0,0,0,0,0,0
2001,370100,1,1,6,14,15,18,0,11,11,3,7,8
2001,370100,2,1,0,0,0,0,0,0,0,0,0,0
2001,370100,3,1,11,11,11,11,11,11,11,11,11,11
2001,370100,4,1,0,0,0,0,0,0,0,0,0,0
2001,370101,1,1,0,0,0,0,0,0,0,0,0,0
2001,370102,0,1,29,29,29,29,29,29,29,29,29,29
2001,370102,1,1,0,0,0,0,0,0,0,0,0,0
2001,370103,1,1,15,0,0,0,0,0,0,0,0,0
2001,370103,2,1,0,0,0,0,0,0,0,0,0,0
2001,370104,1,1,0,0,0,0,0,0,0,0,0,0
2001,370104,2,1,0,0,0,0,0,0,0,0,0,0
2001,370105,1,1,17,9,14,13,15,19,8,12,10,13
2001,370106,1,1,0,0,0,0,0,0,0,0,0,0
2001,370107,1,1,0,0,0,0,0,0,0,0,0,0
2001,370108,1,1,0,0,0,0,0,0,0,0,0,0
2001,370109,1,1,0,0,0,0,0,0,0,0,0,0
2001,370109,2,1,14,22,18,14,19,0,7,12,21,14
2001,370110,1,1,0,0,0,0,0,0,0,0,0,0
2001,370111,1,1,0,0,0,0,0,0,0,0,0,0
2001,370111,2,1,0,0,0,0,0,0,0,0,0,0
2001,370112,1,1,0,0,0,0,0,0,0,0,0,0
2001,370112,2,1,0,0,0,0,0,0,0,0,0,0
2001,370113,1,1,0,0,0,0,0,0,0,0,0,0
2001,370113,2,1,0,0,0,0,0,0,0,0,0,0
2001,370114,1,1,0,0,0,0,0,0,0,0,0,0
2001,370114,2,1,0,0,0,0,0,0,0,0,0,0
2001,370115,1,1,0,0,0,0,0,3,0,0,0,0
2001,370116,1,1,0,0,0,0,0,0,0,0,0,0
2001,370116,2,1,0,0,0,0,0,0,0,0,0,0
2001,370117,1,1,18,18,18,18,18,18,18,18,18,18
2001,370118,0,1,0,0,0,0,0,0,0,0,0,0
2001,370118,1,1,0,0,0,0,0,0,0,0,0,13
2001,370119,1,1,24,0,27,17,30,20,24,30,9,9
2001,370120,1,1,0,0,0,0,0,0,0,0,0,0
2001,370121,1,1,3,3,3,3,3,3,3,3,3,3
2001,370121,2,1,0,0,0,0,0,0,0,0,0,0
2001,370121,3,1,0,0,0,0,0,0,0,0,0,0
2001,370121,4,1,0,0,0,0,0,0,0,0,0,0
2001,370122,1,1,0,0,0,0,0,0,0,0,0,0
2001,370123,1,1,0,0,0,0,0,0,0,0,0,0
2001,370123,2,1,0,0,0,0,0,0,0,0,0,0
2001,370124,1,1,0,0,0,0,0,0,0,0,0,0
2001,370125,1,1,0,0,0,0,0,0,0,0,0,0
2001,370126,1,1,0,0,0,0,0,0,0,0,0,0
2001,370127,1,1,0,0,0,0,0,0,0,0,0,0
2001,370128,1,1,0,0,0,0,0,2,0,0,0,0
2001,370128,2,1,0,0,0,0,0,0,0,0,0,0
2001,370129,1,1,0,0,0,0,0,0,0,0,0,0
2001,370129,2,1,0,0,0,0,0,0,0,0,0,0
2001,370130,0,1,0,0,0,0,0,0,0,0,0,0
2001,370130,1,1,0,0,0,0,0,0,0,0,0,0
2001,370130,2,1,0,0,0,0,0,0,0,0,0,0
2001,370131,1,1,0,0,0,0,0,0,0,0,0,0
2001,370131,2,1,0,0,0,0,0,0,0,0,0,0
2001,370132,1,1,0,0,0,0,0,0,0,0,0,0
2001,370132,2,1,0,0,0,0,0,0,0,0,0,0
2001,370132,3,1,0,0,0,0,0,0,0,0,0,0
2001,370133,0,1,10,10,10,10,10,10,10,10,10,10
2001,370133,1,1,0,0,28,0,0,0,0,0,0,0
2001,370134,1,1,0,0,0,0,0,0,0,0,0,0
2001,370134,2,1,0,0,0,0,0,0,0,0,0,0
2001,370135,1,1,20,20,20,20,20,20,20,20,20,20
2001,370136,1,1,0,0,0,0,0,0,0,0,0,0
2001,370136,2,1,22,22,22,22,22,22,22,22,22,22
2001,370137,1,1,0,0,0,0,0,0,0,0,0,0
2001,370137,2,1,0,0,0,0,0,0,0,0,0,0
2001,370138,1,1,0,0,0,0,0,0,0,0,0,0
2001,370140,0,1,0,0,0,0,0,0,0,0,0,0
2001,370140,0,2,0,18,0,23,0,31,0,0,0,4
2001,370140,1,1,0,0,0,0,0,0,0,0,0,0
2001,370141,1,1,0,0,0,0,0,0,0,0,0,0
2001,370141,2,1,0,0,0,0,0,0,0,0,0,0
2001,370142,1,1,0,0,0,0,0,0,0,0,0,0
2001,370142,2,1,19,19,19,19,19,19,19,19,19,19
2001,370143,0,1,12,0,27,19,0,20,2,0,50,5
2001,370143,1,1,0,0,0,0,0,0,0,0,0,0
2001,370144,1,1,0,0,0,0,0,0,0,0,0,0
2001,370144,2,1,0,0,0,0,0,0,0,0,0,0
2001,370144,3,1,0,0,0,0,0,0,0,0,0,0
2001,370145,1,1,0,0,0,0,0,0,0,0,0,0
2001,370145,2,1,0,13,0,0,0,0,0,0,0,0
2001,370146,1,1,2,16,19,14,13,12,11,17,0,29
2001,370147,1,1,0,0,0,0,0,0,0,0,4,0
2001,370147,2,1,0,0,0,0,0,0,0,0,0,0
2001,370148,1,1,0,0,0,0,0,0,0,0,0,0
2001,370148,2,1,0,0,0,0,0,0,0,0,0,0
2001,370149,1,1,0,0,0,0,0,0,0,0,0,0
2001,370150,1,1,20,15,10,19,17,11,21,12,25,22
2001,370151,1,1,0,0,0,0,0,0,0,0,0,0
2001,370152,1,1,0,0,0,0,0,0,0,0,0,0
2001,370152,2,1,0,0,0,0,0,0,0,0,0,0
2001,370152,3,1,0,0,0,0,0,0,0,0,0,0
2001,370152,4,1,0,0,0,0,0,0,0,0,0,0
2001,370152,5,1,0,0,0,0,0,0,0,0,0,0
2001,370152,6,1,0,0,0,0,0,0,0,0,0,0
2001,370152,7,1,0,0,0,0,0,0,0,0,0,0
2001,370153,1,1,0,0,0,16,0,0,0,0,0,0
2001,370153,2,1,0,0,0,0,0,0,0,0,0,0
2001,370154,1,1,0,0,0,0,0,0,15,0,0,0
2001,370155,0,1,40,26,0,21,13,18,43,17,18,15
2001,370155,1,1,0,0,0,0,0,0,0,0,0,0
2001,370156,1,1,0,0,0,0,0,0,0,0,0,0
2001,370156,2,1,0,0,0,0,0,0,0,0,0,0
2001,370157,1,1,19,11,28,15,22,0,18,16,0,6
2001,370157,2,1,0,0,0,0,0,0,0,0,0,0
2001,370157,3,1,0,0,0,0,0,0,0,0,0,0
2001,370158,1,1,0,0,0,0,0,0,0,0,0,0