YEAR,st_case,veh_no,per_no,P1,P2,P3,P4,P5,P6,P7,P8,P9,P10
2001,370158,2,1,0,0,0,0,0,0,0,0,0,0
2001,370159,0,1,41,0,14,18,0,0,22,20,15,14
2001,370159,1,1,0,0,0,0,0,0,0,0,0,0
2001,370159,2,1,0,0,0,0,0,0,0,0,0,0
2001,370159,3,1,0,0,0,0,0,0,0,0,0,0
2001,370160,0,1,0,0,0,0,0,0,0,0,0,0
2001,370160,1,1,6,0,0,0,0,0,0,0,0,0
2001,370161,1,1,0,31,12,26,27,27,23,13,10,18
2001,370162,1,1,0,0,0,0,0,0,0,0,0,0
2001,370162,2,1,0,0,0,0,0,0,0,0,0,0
2001,370163,1,1,0,0,0,0,0,0,0,0,0,0
2001,370164,1,1,0,0,0,0,0,0,0,0,0,0
2001,370164,2,1,0,0,0,0,0,0,0,0,0,0
2001,370165,0,1,0,0,0,0,0,0,0,0,0,0
2001,370165,1,1,0,6,0,0,0,10,0,0,0,0
2001,370166,1,1,17,17,17,17,17,17,17,17,17,17
2001,370167,0,1,0,0,0,0,0,0,0,0,0,0
2001,370167,1,1,0,0,0,0,0,0,0,0,0,0
2001,370168,1,1,0,0,0,0,0,0,0,0,0,0
2001,370168,2,1,0,0,0,0,0,0,0,0,0,0
2001,370168,3,1,0,0,0,0,0,0,0,0,0,0
2001,370169,1,1,0,0,0,0,0,0,0,0,0,0
2001,370170,1,1,17,17,17,17,17,17,17,17,17,17
2001,370171,1,1,0,0,0,0,0,0,0,0,0,0
2001,370171,2,1,0,0,0,0,0,0,0,0,0,0
2001,370172,1,1,0,0,0,0,0,0,0,0,0,0
2001,370172,2,1,0,0,0,0,0,0,0,0,0,0
2001,370174,1,1,0,0,0,0,0,0,0,0,0,0
2001,370175,1,1,0,0,0,0,0,0,0,0,0,0
2001,370175,2,1,0,0,0,0,0,0,0,0,0,0
2001,370176,1,1,10,10,10,10,10,10,10,10,10,10
2001,370176,2,1,0,0,0,0,0,0,0,0,0,0
2001,370177,1,1,0,0,0,0,0,0,0,0,0,0
2001,370177,2,1,0,0,0,0,0,0,0,0,0,0
2001,370178,1,1,0,0,0,0,0,0,0,0,0,0
2001,370178,2,1,0,0,0,0,0,0,0,0,0,0
2001,370178,3,1,0,0,0,0,0,0,0,0,0,0
2001,370179,1,1,9,9,9,9,9,9,9,9,9,9
2001,370180,1,1,10,20,9,18,31,17,16,13,0,16
2001,370180,2,1,23,14,11,14,18,8,0,0,11,5
2001,370181,1,1,0,0,0,0,0,0,0,0,0,0
2001,370181,2,1,0,0,0,0,0,0,0,0,0,0
2001,370182,1,1,0,0,0,0,0,0,0,0,0,0
2001,370182,2,1,0,0,0,0,0,0,0,0,0,0
2001,370183,1,1,24,6,11,10,0,0,13,8,18,14
2001,370184,1,1,12,12,12,12,12,12,12,12,12,12
2001,370184,2,1,0,0,0,0,0,0,0,0,0,0
2001,370185,1,1,0,0,0,0,0,0,0,0,0,0
2001,370185,2,1,0,0,0,0,0,0,0,0,0,0
2001,370186,1,1,0,0,2,0,0,0,0,0,0,0
2001,370187,1,1,0,0,0,0,0,0,0,0,0,0
2001,370187,2,1,0,0,0,0,0,0,0,0,0,0
2001,370188,1,1,0,0,0,0,0,0,0,0,0,0
2001,370189,1,1,0,0,0,0,0,0,0,0,0,0
2001,370189,2,1,0,0,0,0,0,0,0,0,0,0
2001,370190,1,1,19,19,19,19,19,19,19,19,19,19
2001,370191,1,1,22,22,22,22,22,22,22,22,22,22
2001,370192,1,1,0,0,0,0,0,0,0,0,0,0
2001,370193,1,1,4,13,24,11,21,14,16,17,17,16
2001,370194,1,1,15,15,15,15,15,15,15,15,15,15
2001,370194,2,1,0,0,0,0,0,0,0,0,0,0
2001,370195,0,1,0,0,0,0,0,0,0,0,0,0
2001,370195,1,1,0,0,0,0,0,0,0,0,0,0
2001,370196,1,1,0,0,0,0,0,0,0,0,0,0
2001,370196,2,1,0,0,0,0,0,0,0,0,0,0
2001,370197,1,1,20,20,20,20,20,20,20,20,20,20
2001,370198,1,1,0,0,0,0,0,0,0,0,0,0
2001,370198,2,1,0,0,0,0,0,0,0,0,0,0
2001,370199,1,1,0,0,0,0,0,0,0,0,0,0
2001,370199,2,1,0,0,0,0,0,0,0,0,0,0
2001,370200,1,1,0,0,0,0,0,0,12,0,0,0
2001,370201,1,1,0,0,0,0,0,0,0,0,0,0
2001,370201,2,1,0,0,0,0,0,0,0,0,10,0
2001,370202,1,1,19,19,19,19,19,19,19,19,19,19
2001,370203,1,1,0,0,0,0,0,0,0,0,0,0
2001,370204,1,1,0,0,0,0,0,0,0,0,0,0
2001,370204,2,1,14,14,14,14,14,14,14,14,14,14
2001,370205,1,1,0,0,0,0,0,0,0,0,0,0
2001,370206,1,1,0,0,0,0,0,0,0,0,0,0
2001,370207,1,1,0,15,0,0,14,10,20,0,0,0
2001,370208,1,1,0,0,0,0,0,4,11,0,13,4
2001,370209,1,1,0,0,0,0,0,0,0,0,0,0
2001,370209,2,1,0,0,0,0,0,0,0,0,0,0
2001,370209,3,1,0,0,0,0,0,0,0,0,0,0
2001,370210,1,1,0,0,0,0,0,0,0,0,0,0
2001,370211,1,1,0,0,0,0,0,0,0,0,0,0
2001,370212,1,1,26,26,26,26,26,26,26,26,26,26
2001,370213,1,1,12,12,12,12,12,12,12,12,12,12
2001,370214,1,1,7,14,14,14,15,18,12,5,16,23
2001,370215,1,1,23,23,23,23,23,23,23,23,23,23
2001,370216,1,1,29,29,29,29,29,29,29,29,29,29
2001,370217,0,1,20,20,20,20,20,20,20,20,20,20
2001,370217,1,1,0,0,0,0,0,0,0,0,0,0
2001,370218,1,1,0,0,0,0,0,0,0,0,0,0
2001,370218,2,1,0,0,0,0,0,0,0,0,0,0
2001,370218,3,1,0,0,0,0,0,0,0,0,0,0
2001,370219,1,1,9,9,9,9,9,9,9,9,9,9
2001,370220,1,1,0,0,0,0,0,0,0,7,0,0
2001,370220,2,1,0,10,0,0,0,0,0,0,24,0
2001,370221,1,1,0,17,14,16,14,19,9,0,0,10
2001,370222,1,1,0,0,0,0,0,0,0,0,0,0
2001,370223,1,1,0,0,0,0,0,0,0,0,0,0
2001,370223,2,1,15,15,15,15,15,15,15,15,15,15
2001,370224,1,1,0,0,0,0,0,0,0,0,0,0
2001,370225,1,1,0,0,0,0,0,0,0,0,0,0
2001,370225,2,1,10,0,0,0,0,0,0,0,0,0
2001,370226,1,1,0,0,0,0,0,0,0,0,0,0
2001,370227,1,1,24,24,24,24,24,24,24,24,24,24
2001,370227,2,1,0,0,0,0,0,0,0,0,0,0
2001,370228,1,1,4,18,0,15,16,14,13,7,0,0
2001,370229,1,1,20,20,20,20,20,20,20,20,20,20
2001,370230,1,1,0,0,0,0,0,0,0,0,0,0
2001,370231,1,1,0,0,0,0,0,0,0,0,0,0
2001,370231,2,1,0,0,0,0,0,0,0,0,0,0
2001,370232,1,1,24,24,24,24,24,24,24,24,24,24
2001,370233,0,1,3,3,3,3,3,3,3,3,3,3
2001,370233,1,1,0,0,0,0,0,9,0,0,0,0
2001,370234,1,1,0,0,0,0,0,0,0,0,0,0
2001,370234,2,1,0,2,20,0,0,0,0,0,0,0
2001,370235,1,1,0,0,0,0,0,0,0,0,0,0
2001,370236,1,1,0,0,0,0,0,0,0,0,0,0
2001,370236,2,1,0,0,0,0,0,0,0,0,0,0
2001,370237,1,1,0,0,0,0,0,0,0,0,0,0
2001,370237,2,1,0,0,0,0,0,0,0,0,0,0
2001,370238,1,1,0,0,0,0,0,0,0,0,0,0
2001,370238,2,1,0,0,0,0,0,0,0,0,0,0
2001,370238,3,1,0,0,0,14,0,0,0,0,0,0
2001,370239,0,1,26,26,26,26,26,26,26,26,26,26
2001,370239,1,1,29,5,4,17,17,0,0,0,9,0
2001,370240,1,1,0,0,0,0,0,0,0,0,0,0
2001,370241,1,1,37,37,37,37,37,37,37,37,37,37
2001,370241,2,1,0,13,0,0,0,0,0,0,0,0
2001,370242,1,1,0,0,0,0,0,0,0,0,0,0
2001,370242,2,1,0,0,0,0,0,0,0,0,0,0
2001,370243,1,1,0,0,0,0,0,0,0,0,0,0
2001,370243,2,1,29,0,0,0,0,0,0,0,0,0
2001,370244,0,1,0,0,0,0,0,0,0,0,0,0
2001,370244,1,1,0,0,0,0,0,0,0,0,0,0
2001,370245,1,1,0,0,0,0,0,0,0,0,0,0
2001,370245,2,1,0,0,0,0,0,0,0,0,0,0
2001,370246,1,1,0,0,0,0,0,0,0,0,0,0
2001,370246,2,1,0,0,0,0,0,0,0,0,0,0
2001,370247,1,1,25,0,0,18,7,21,24,7,7,8
2001,370248,1,1,0,0,0,0,0,0,0,0,0,0
2001,370249,1,1,0,0,0,0,0,0,0,0,0,0
2001,370250,1,1,12,12,12,12,12,12,12,12,12,12
2001,370251,1,1,0,0,0,0,0,0,0,0,0,0
2001,370252,1,1,0,0,0,0,0,0,0,0,0,0
2001,370252,2,1,0,0,0,0,0,0,0,0,0,0
2001,370252,3,1,0,16,0,0,0,0,0,0,0,0
2001,370252,4,1,0,0,0,0,0,0,10,0,0,0
2001,370253,1,1,0,0,0,0,0,0,0,0,0,0
2001,370253,2,1,16,16,16,16,16,16,16,16,16,16
2001,370254,1,1,0,6,21,0,0,0,0,0,0,0
2001,370254,2,1,0,0,0,0,0,0,0,0,0,0
2001,370255,1,1,22,22,22,22,22,22,22,22,22,22
2001,370256,0,1,0,0,0,0,0,0,0,0,0,0
2001,370256,1,1,0,0,0,0,0,0,0,0,0,0
2001,370257,1,1,0,0,0,0,0,0,0,0,0,0
2001,370258,1,1,0,0,0,0,0,13,0,0,0,0
2001,370258,2,1,0,0,0,0,0,0,0,0,0,0
2001,370259,1,1,0,0,0,0,0,0,0,0,0,0
2001,370259,2,1,0,0,0,0,0,0,0,0,0,0
2001,370259,3,1,0,0,0,0,0,0,0,0,0,0
2001,370260,1,1,0,0,0,0,0,0,0,0,0,0
2001,370260,2,1,0,0,0,0,0,0,0,0,0,0
2001,370261,1,1,0,0,0,24,0,0,0,0,0,0
2001,370261,2,1,0,0,0,0,0,0,0,0,0,0
2001,370261,3,1,5,5,5,5,5,5,5,5,5,5
2001,370261,4,1,0,0,0,0,0,0,0,0,0,0
2001,370262,1,1,16,16,16,16,16,16,16,16,16,16
2001,370263,1,1,0,0,0,0,0,0,0,0,0,0
2001,370263,2,1,0,0,0,0,0,0,0,0,0,0
2001,370264,1,1,0,0,0,0,0,0,0,0,0,19
2001,370264,2,1,0,0,0,0,0,0,0,0,0,0
2001,370265,1,1,0,0,0,0,0,0,0,0,0,0
2001,370266,1,1,0,0,0,0,0,0,0,0,0,0
2001,370266,2,1,0,0,0,0,0,0,0,0,0,0
2001,370267,1,1,32,32,32,32,32,32,32,32,32,32
2001,370268,1,1,25,25,25,25,25,25,25,25,25,25
2001,370269,1,1,27,7,4,16,26,42,10,0,24,8
2001,370270,1,1,0,0,0,0,0,0,0,0,0,0
2001,370270,2,1,0,0,0,0,0,0,0,0,0,0
2001,370271,1,1,0,0,0,0,0,0,0,0,0,0
2001,370272,1,1,0,0,0,0,0,0,0,0,0,0
2001,370272,2,1,0,0,0,0,0,0,0,0,0,0
2001,370273,1,1,0,0,0,0,0,0,0,0,0,0
2001,370273,2,1,0,0,0,0,0,0,0,0,0,0
2001,370274,1,1,0,0,0,0,0,0,0,0,0,0
2001,370274,2,1,0,0,0,0,0,0,0,0,0,0
2001,370275,1,1,0,0,0,0,0,0,0,0,0,0
2001,370275,2,1,0,0,0,0,0,0,0,0,0,0
2001,370275,3,1,0,0,0,0,0,0,0,0,0,0
2001,370276,0,1,0,0,0,0,0,0,0,0,0,0
2001,370276,1,1,0,8,0,0,0,0,0,0,0,0
2001,370277,1,1,8,16,10,23,29,32,25,13,13,15
2001,370278,1,1,0,0,0,0,0,0,0,0,0,0
2001,370278,2,1,0,0,0,0,0,0,0,0,0,0
2001,370279,1,1,21,21,21,21,21,21,21,21,21,21
2001,370279,2,1,0,0,0,0,0,0,0,0,0,0
2001,370279,3,1,0,0,0,0,0,0,0,0,0,0
2001,370280,1,1,6,18,9,0,0,31,13,34,17,48
2001,370281,1,1,32,24,13,17,12,7,20,10,0,14
2001,370282,1,1,19,19,19,19,19,19,19,19,19,19
2001,370283,1,1,0,0,8,0,0,0,0,0,0,0
2001,370283,2,1,21,21,21,21,21,21,21,21,21,21
2001,370284,1,1,0,0,0,0,0,0,0,0,0,0
2001,370284,2,1,0,0,0,0,0,0,0,0,0,0
2001,370285,1,1,12,12,12,12,12,12,12,12,12,12
2001,370286,1,1,0,0,0,0,0,0,0,0,0,0
2001,370286,2,1,4,4,4,4,4,4,4,4,4,4
2001,370287,1,1,0,0,0,0,0,0,0,0,0,0
2001,370288,1,1,0,0,0,0,0,0,0,0,0,0
2001,370288,2,1,17,17,17,17,17,17,17,17,17,17
2001,370289,1,1,0,0,0,0,0,0,0,0,0,0
2001,370290,1,1,0,0,0,0,0,0,0,0,0,0
2001,370290,2,1,0,0,0,0,0,0,0,0,0,16
2001,370291,1,1,0,0,0,0,0,0,0,0,0,0
2001,370292,1,1,4,4,4,4,4,4,4,4,4,4
2001,370293,1,1,16,8,16,0,0,12,9,9,0,0
2001,370294,1,1,8,0,19,0,0,0,0,13,0,14
2001,370295,1,1,0,0,0,0,0,0,0,0,0,0
2001,370296,1,1,0,0,0,0,0,0,0,0,0,0
2001,370297,1,1,0,0,0,0,0,0,0,0,0,0
2001,370298,1,1,0,0,11,0,0,0,0,0,0,0
2001,370298,2,1,0,0,0,0,0,0,0,0,0,0
2001,370299,1,1,0,0,0,0,14,0,0,0,0,0
2001,370300,1,1,0,0,7,0,0,0,0,0,0,0
2001,370301,1,1,0,0,0,0,0,0,0,0,0,0
2001,370302,1,1,0,0,0,0,0,0,0,0,14,0
2001,370302,2,1,0,0,0,0,0,0,0,0,0,0
2001,370303,0,1,0,0,0,0,0,0,0,0,0,0
2001,370303,1,1,17,17,17,17,17,17,17,17,17,17
2001,370304,1,1,3,3,3,3,3,3,3,3,3,3
2001,370305,1,1,0,0,0,0,0,0,0,0,0,0
2001,370305,2,1,0,0,0,0,0,0,0,0,0,0
2001,370306,1,1,16,16,16,16,16,16,16,16,16,16
2001,370307,1,1,0,0,0,0,0,0,0,0,0,0
2001,370308,1,1,0,0,0,0,0,0,0,0,0,0
2001,370308,2,1,0,0,0,0,0,0,0,0,0,0
2001,370308,3,1,0,0,0,0,0,0,0,0,0,0
2001,370309,1,1,15,15,15,15,15,15,15,15,15,15
2001,370310,1,1,0,0,0,0,0,0,0,0,0,0
2001,370310,2,1,0,0,0,0,0,0,0,0,0,0
2001,370310,3,1,0,0,0,0,0,0,0,0,0,0
2001,370311,1,1,0,0,0,0,0,0,0,16,0,0
2001,370311,2,1,0,0,0,0,0,0,0,0,0,0
2001,370312,1,1,0,0,0,0,0,0,0,0,0,0
2001,370313,1,1,0,0,0,0,0,0,0,0,0,0
2001,370313,2,1,0,0,0,0,0,0,0,0,0,0
2001,370313,3,1,0,0,0,0,0,0,0,0,0,0
2001,370314,1,1,0,0,0,0,0,0,0,0,0,0
2001,370314,2,1,0,0,0,0,0,14,0,0,0,0
2001,370314,3,1,0,0,0,0,0,0,0,0,0,0
2001,370315,1,1,0,0,0,0,0,0,0,0,0,0
2001,370315,2,1,0,0,0,0,0,0,0,0,0,0
2001,370316,1,1,6,6,6,6,6,6,6,6,6,6
2001,370317,1,1,0,0,0,0,0,0,0,0,0,0
2001,370317,2,1,0,0,0,0,0,0,0,0,0,0
2001,370318,1,1,0,0,0,0,0,0,0,0,0,0
2001,370319,1,1,0,0,0,0,0,0,0,0,0,0
2001,370319,2,1,0,0,0,0,0,0,0,0,0,0
2001,370320,1,1,0,0,0,0,0,0,0,0,0,0
2001,370322,1,1,14,14,14,14,14,14,14,14,14,14
2001,370323,1,1,0,0,0,0,0,0,0,0,0,0
2001,370323,2,1,0,10,16,12,12,13,0,0,8,36
2001,370324,1,1,0,0,0,0,0,0,0,0,0,0
2001,370325,1,1,0,0,0,0,0,0,0,0,0,0
2001,370325,2,1,0,0,0,0,0,0,0,0,0,0
2001,370326,1,1,19,19,19,19,19,19,19,19,19,19
2001,370326,2,1,12,0,0,0,0,0,0,0,0,0
2001,370326,3,1,11,21,0,25,0,12,0,17,8,22
2001,370327,1,1,0,0,0,0,0,0,0,0,0,0
2001,370327,2,1,0,0,0,0,0,0,0,0,0,0
2001,370328,1,1,0,0,0,0,0,0,0,0,0,0
2001,370328,2,1,0,0,0,0,0,0,0,0,15,0
2001,370329,1,1,0,0,0,0,0,0,0,0,0,0
2001,370329,2,1,0,0,0,0,0,0,0,0,0,0
2001,370330,1,1,0,0,0,0,0,0,0,0,0,0
2001,370331,1,1,0,0,0,0,0,0,0,0,0,0
2001,370331,2,1,0,0,0,0,0,0,0,0,0,0
2001,370332,0,1,21,21,21,21,21,21,21,21,21,21
2001,370332,1,1,16,6,6,0,4,7,6,6,0,9
2001,370333,1,1,0,0,0,0,0,0,0,0,0,0
2001,370333,2,1,0,0,0,0,0,0,0,0,0,0
2001,370334,1,1,0,0,0,0,0,0,0,0,0,0
2001,370335,1,1,0,0,0,0,0,0,0,0,0,0
2001,370335,2,1,0,0,0,0,0,0,0,0,0,0
2001,370336,1,1,0,0,0,0,0,0,0,0,0,0
2001,370336,2,1,18,18,18,18,18,18,18,18,18,18
2001,370337,1,1,0,0,0,0,0,0,0,0,0,0
2001,370337,2,1,0,0,0,0,0,0,0,0,0,0
2001,370338,1,1,0,0,0,0,0,0,0,0,0,0
2001,370338,2,1,0,0,0,0,0,0,0,0,0,0
2001,370339,1,1,0,0,0,0,0,0,0,0,0,0
2001,370339,2,1,0,0,0,0,0,0,0,0,0,0
2001,370339,3,1,0,0,0,0,0,0,0,0,0,0
2001,370339,4,1,0,0,0,0,0,0,0,0,0,0
2001,370340,1,1,0,0,0,0,0,0,0,0,0,0
2001,370340,2,1,0,0,0,0,0,0,0,0,0,0
2001,370341,1,1,0,0,0,0,0,0,0,0,0,0
2001,370341,2,1,0,0,0,0,0,0,0,0,0,0
2001,370342,0,1,0,0,0,0,0,0,0,0,0,0
2001,370342,1,1,0,0,0,11,0,0,0,0,3,0
2001,370343,1,1,0,0,0,0,0,0,0,0,0,0
2001,370343,2,1,0,15,0,0,0,0,0,0,0,0
2001,370344,0,1,0,0,0,0,0,0,0,0,0,0
2001,370344,1,1,0,0,12,0,0,0,0,0,18,0
2001,370345,1,1,0,0,0,0,0,0,0,0,0,0
2001,370345,2,1,0,0,0,0,0,10,0,0,0,0
2001,370345,3,1,0,0,0,0,0,0,0,0,0,0
2001,370346,0,1,0,0,0,0,0,0,0,0,0,0
2001,370346,0,2,0,0,0,0,0,0,0,0,0,0
2001,370346,0,3,0,0,0,0,2,0,0,0,0,0
2001,370346,1,1,16,0,0,4,8,0,15,0,10,4
2001,370347,1,1,0,0,0,0,0,0,0,0,0,0
2001,370348,1,1,3,3,3,3,3,3,3,3,3,3
2001,370349,0,1,0,0,0,0,0,0,0,0,0,0
2001,370349,1,1,0,0,0,0,0,0,0,0,0,0
2001,370350,1,1,0,0,0,0,0,0,0,0,0,0
2001,370350,2,1,0,0,0,0,0,0,0,0,0,0
2001,370351,0,1,35,35,35,35,35,35,35,35,35,35
2001,370351,1,1,11,22,8,0,8,20,46,4,9,0
2001,370352,1,1,0,0,0,0,5,0,0,0,0,13
2001,370352,2,1,0,0,0,0,0,0,0,0,0,0
2001,370353,1,1,0,0,0,0,0,0,0,0,0,0
2001,370353,2,1,0,0,0,0,0,0,0,0,0,0
2001,370354,1,1,0,0,0,0,0,0,0,0,0,0
2001,370355,1,1,0,0,0,0,0,0,0,0,0,0
2001,370356,1,1,18,18,18,18,18,18,18,18,18,18
2001,370356,2,1,0,0,0,0,0,0,0,0,0,0
2001,370357,1,1,0,0,0,0,0,0,0,0,0,0
2001,370358,0,1,5,5,5,5,5,5,5,5,5,5
2001,370358,1,1,0,0,0,0,0,0,0,0,6,0
2001,370359,1,1,19,0,3,24,20,20,1,10,33,8
2001,370360,1,1,0,0,0,0,0,0,0,0,0,0
2001,370360,2,1,0,0,0,0,0,0,0,0,0,0
2001,370361,1,1,0,0,0,0,0,0,0,0,0,0
2001,370362,1,1,0,0,0,0,0,0,0,0,0,0
2001,370363,1,1,12,12,12,12,12,12,12,12,12,12
2001,370364,0,1,0,19,0,0,0,0,0,0,0,0
2001,370364,1,1,0,0,0,0,0,0,0,0,0,0
2001,370365,1,1,14,14,14,14,14,14,14,14,14,14
2001,370366,1,1,17,17,17,17,17,17,17,17,17,17
2001,370367,1,1,0,0,0,0,0,0,0,0,0,0
2001,370367,2,1,0,0,0,0,0,0,0,0,0,0
2001,370368,1,1,0,0,0,0,0,0,7,0,33,0
2001,370368,2,1,0,0,0,0,0,0,0,0,0,0
2001,370368,3,1,0,0,0,0,0,0,0,0,0,0
2001,370369,1,1,14,14,14,14,14,14,14,14,14,14
2001,370369,2,1,0,0,0,0,0,0,0,0,0,0
2001,370370,1,1,0,0,0,0,0,0,0,0,0,0
2001,370370,2,1,0,0,0,0,0,0,0,0,0,0
2001,370371,0,1,0,0,0,0,0,0,0,0,0,0
2001,370371,1,1,0,0,0,0,0,0,0,0,0,0
2001,370372,1,1,0,0,0,0,0,0,0,0,0,0
2001,370373,1,1,0,13,0,0,0,0,0,0,0,0
2001,370374,1,1,1,1,1,1,1,1,1,1,1,1
2001,370375,1,1,0,0,0,0,0,0,0,0,0,0
2001,370376,1,1,15,15,15,15,15,15,15,15,15,15
2001,370377,1,1,0,0,0,0,0,0,0,0,0,0
2001,370378,1,1,0,0,0,0,0,0,0,0,0,0
2001,370378,2,1,0,0,0,0,0,0,0,0,0,0
2001,370379,1,1,0,0,0,0,0,0,0,0,0,0
2001,370379,2,1,0,0,0,0,0,0,0,0,0,0
2001,370379,3,1,0,0,0,0,0,12,0,0,0,0
2001,370380,1,1,30,30,30,30,30,30,30,30,30,30
2001,370381,1,1,12,12,12,12,12,12,12,12,12,12
2001,370381,2,1,0,0,0,0,0,0,0,0,0,14
2001,370382,1,1,8,8,8,8,8,8,8,8,8,8
2001,370383,1,1,17,17,17,17,17,17,17,17,17,17
2001,370384,1,1,0,0,0,0,0,0,0,0,0,0
2001,370384,2,1,0,0,0,0,0,0,0,0,0,0
2001,370385,1,1,0,0,0,0,0,0,0,0,0,0
2001,370386,1,1,0,0,0,0,0,0,0,0,0,0
2001,370387,0,1,0,0,0,0,0,0,0,0,0,0
2001,370387,1,1,0,0,0,0,0,0,0,0,0,0
2001,370388,1,1,0,0,0,0,0,0,0,0,0,0
2001,370389,1,1,0,0,0,0,0,0,0,0,0,0
2001,370389,2,1,0,0,0,0,0,0,0,0,0,0
2001,370390,1,1,0,0,10,0,0,0,0,0,0,0
2001,370390,2,1,0,0,0,0,0,0,0,0,0,0
2001,370391,1,1,0,0,0,0,0,0,0,0,0,0
2001,370391,2,1,0,0,0,0,0,0,0,0,0,0
2001,370392,1,1,0,0,0,0,0,0,0,0,0,2
2001,370392,2,1,0,0,0,0,0,15,0,22,0,0
2001,370393,0,1,0,0,0,0,0,0,0,0,0,0
2001,370393,1,1,0,0,0,0,0,0,0,0,0,0
2001,370394,1,1,0,0,0,0,0,0,0,0,0,0
2001,370394,2,1,0,0,0,0,9,0,0,0,0,0
2001,370395,1,1,0,0,0,0,0,0,0,0,0,0
2001,370395,2,1,0,0,0,0,0,0,0,0,0,0
2001,370396,1,1,31,34,20,36,36,18,13,33,0,20
2001,370397,0,1,22,0,0,0,34,0,0,0,37,0
2001,370397,1,1,16,9,12,22,6,10,0,11,28,7
2001,370398,1,1,0,0,0,0,0,0,0,0,0,0
2001,370398,2,1,0,0,0,0,0,0,0,0,0,0
2001,370399,0,1,0,0,0,0,0,0,0,0,0,0
2001,370399,1,1,0,0,0,0,0,0,0,0,0,0
2001,370400,1,1,0,0,0,0,0,0,0,0,0,0
2001,370400,2,1,0,0,0,0,0,0,0,0,0,0
2001,370401,1,1,0,0,0,0,0,0,10,0,0,0
2001,370401,2,1,0,0,0,0,0,0,0,0,0,0
2001,370402,1,1,0,0,0,0,0,0,0,0,0,0
2001,370403,1,1,0,0,0,0,0,0,0,0,0,0
2001,370403,2,1,0,0,0,0,0,0,0,0,0,0
2001,370404,0,1,0,0,0,0,0,0,0,0,0,0
2001,370404,1,1,0,0,0,4,0,0,0,0,0,0
2001,370405,1,1,11,11,11,11,11,11,11,11,11,11
2001,370406,1,1,0,0,0,0,0,0,0,0,0,0
2001,370406,2,1,0,0,0,7,0,0,0,0,0,0
2001,370407,1,1,8,0,0,0,0,0,0,0,0,0
2001,370407,2,1,0,0,0,0,0,0,0,0,0,0
2001,370408,0,1,4,4,4,4,4,4,4,4,4,4
2001,370408,1,1,0,0,0,0,0,0,0,0,0,0
2001,370409,1,1,0,0,0,0,0,0,0,0,0,0
2001,370410,1,1,13,13,13,13,13,13,13,13,13,13
2001,370411,1,1,19,19,19,19,19,19,19,19,19,19
2001,370412,1,1,15,8,21,12,13,17,9,12,27,5
2001,370412,2,1,11,11,11,11,11,11,11,11,11,11
2001,370413,1,1,25,25,25,25,25,25,25,25,25,25
2001,370414,1,1,24,24,24,24,24,24,24,24,24,24
2001,370416,1,1,0,0,0,0,0,0,0,0,0,0
2001,370416,2,1,0,0,0,0,0,0,0,0,0,0
2001,370417,1,1,0,0,0,0,0,0,0,0,0,0
2001,370417,2,1,0,0,0,0,0,0,0,0,0,0
2001,370418,1,1,0,0,0,0,0,0,0,0,0,0
2001,370418,2,1,0,0,0,0,0,0,0,0,0,0
2001,370419,1,1,0,0,0,0,0,0,0,0,0,0
2001,370419,2,1,7,0,0,0,0,0,0,0,0,0
2001,370420,1,1,0,0,0,0,0,0,0,0,0,0
2001,370420,2,1,0,0,0,0,0,0,0,0,0,0
2001,370421,1,1,0,16,0,0,0,0,0,0,0,0
2001,370421,2,1,0,0,0,0,0,0,0,0,0,0
2001,370422,1,1,0,0,0,0,0,0,0,0,0,0
2001,370422,2,1,8,0,0,17,0,0,0,0,16,0
2001,370423,0,1,0,0,0,0,0,0,0,0,0,0
2001,370423,1,1,0,0,0,0,0,0,0,0,0,0
2001,370424,1,1,0,0,0,0,0,0,0,0,30,0
2001,370424,2,1,25,24,16,9,15,25,32,25,34,5
2001,370425,1,1,0,0,0,0,0,0,0,0,0,0
2001,370426,1,1,0,0,0,0,0,0,0,0,0,0
2001,370427,0,1,7,7,7,7,7,7,7,7,7,7
2001,370427,1,1,0,0,0,0,0,0,0,0,0,0
2001,370428,1,1,0,0,0,0,0,0,0,0,0,0
2001,370428,2,1,0,0,0,0,0,0,0,0,0,0
2001,370429,1,1,0,0,0,0,0,0,0,0,0,0
2001,370430,1,1,0,0,0,0,0,0,0,0,0,0
2001,370430,2,1,0,0,0,0,0,0,0,0,0,0
2001,370431,1,1,0,0,0,0,0,0,0,0,0,0
2001,370431,2,1,0,0,0,0,0,0,0,0,0,0
2001,370432,1,1,0,0,0,0,0,0,0,0,0,0
2001,370432,2,1,20,20,20,20,20,20,20,20,20,20
2001,370433,1,1,0,24,19,0,29,0,0,27,40,13
2001,370434,1,1,0,0,0,0,0,0,0,0,0,0
2001,370434,2,1,0,0,0,0,0,0,0,0,0,0
2001,370435,1,1,10,9,0,0,9,17,15,0,20,0
2001,370435,2,1,0,0,0,0,0,0,0,0,0,0
2001,370436,1,1,0,0,0,0,0,0,0,0,0,0
2001,370436,2,1,0,0,0,0,0,0,0,0,0,0
2001,370437,1,1,0,0,0,0,0,0,0,0,0,0
2001,370438,1,1,0,0,0,0,0,0,0,0,0,0
2001,370438,2,1,0,0,3,0,0,0,0,0,0,0
2001,370439,1,1,0,0,0,0,0,0,0,0,0,0
2001,370440,1,1,0,0,0,0,0,0,0,0,0,0