YEAR,st_case,veh_no,per_no,P1,P2,P3,P4,P5,P6,P7,P8,P9,P10
2001,390371,2,1,0,0,0,0,0,0,0,0,0,0
2001,390372,0,1,0,0,0,0,0,0,0,0,0,0
2001,390372,1,1,0,0,0,0,0,0,0,0,0,0
2001,390373,1,1,26,26,26,26,26,26,26,26,26,26
2001,390374,1,1,23,23,23,23,23,23,23,23,23,23
2001,390375,1,1,19,0,26,0,27,0,22,0,0,23
2001,390375,2,1,0,0,0,0,0,0,0,0,0,0
2001,390375,3,1,0,0,0,0,0,0,0,0,0,0
2001,390376,1,1,7,7,7,7,7,7,7,7,7,7
2001,390377,1,1,0,0,0,0,17,14,0,0,0,21
2001,390378,1,1,0,12,18,0,0,0,0,12,0,0
2001,390378,2,1,0,0,0,0,0,0,0,0,0,0
2001,390379,1,1,14,14,14,14,14,14,14,14,14,14
2001,390380,1,1,0,0,0,0,0,0,0,0,0,0
2001,390381,1,1,31,31,31,31,31,31,31,31,31,31
2001,390382,1,1,0,0,0,0,0,0,0,0,0,0
2001,390382,2,1,1,1,1,1,1,1,1,1,1,1
2001,390383,1,1,0,0,0,0,0,0,0,0,0,0
2001,390384,1,1,5,5,5,5,5,5,5,5,5,5
2001,390385,0,1,0,17,16,14,0,0,0,0,22,0
2001,390385,1,1,15,10,0,15,0,6,10,0,21,0
2001,390386,1,1,0,0,0,0,0,0,0,0,0,0
2001,390387,1,1,0,0,0,0,0,0,0,0,0,0
2001,390388,1,1,5,5,5,5,5,5,5,5,5,5
2001,390389,1,1,7,7,7,7,7,7,7,7,7,7
2001,390390,1,1,0,0,0,0,0,0,0,0,0,0
2001,390391,1,1,0,0,0,0,0,0,0,0,0,0
2001,390392,1,1,0,0,0,0,0,0,0,0,0,0
2001,390392,2,1,0,0,0,0,0,0,0,0,0,0
2001,390393,1,1,0,0,0,0,0,0,0,0,0,0
2001,390394,1,1,0,0,0,0,0,0,0,0,0,0
2001,390394,2,1,0,0,0,0,0,0,0,0,0,0
2001,390395,1,1,0,0,0,0,0,0,0,0,0,0
2001,390395,2,1,0,0,0,0,0,0,0,0,0,0
2001,390396,1,1,0,0,0,0,0,0,0,0,0,0
2001,390396,2,1,7,0,0,0,0,0,0,12,0,0
2001,390396,3,1,0,0,0,0,0,0,0,0,0,0
2001,390396,4,1,0,0,0,0,0,7,4,0,0,0
2001,390397,1,1,18,18,18,18,18,18,18,18,18,18
2001,390398,1,1,0,0,0,0,0,0,0,0,0,0
2001,390398,2,1,0,0,0,0,0,0,0,0,0,0
2001,390399,1,1,0,0,0,0,0,0,0,0,0,0
2001,390399,2,1,0,0,0,0,0,0,0,0,0,0
2001,390400,1,1,0,0,7,0,0,0,0,0,0,0
2001,390400,2,1,0,0,0,0,0,0,0,0,0,0
2001,390400,3,1,0,0,0,0,0,0,0,0,0,0
2001,390401,1,1,0,17,0,0,6,0,0,0,0,0
2001,390402,0,1,0,0,0,0,0,0,0,0,0,0
2001,390402,1,1,0,0,14,0,0,0,0,22,0,23
2001,390403,1,1,0,0,0,0,0,0,0,0,0,0
2001,390403,2,1,0,0,0,0,0,0,0,0,0,0
2001,390404,1,1,0,0,0,0,0,0,0,0,5,0
2001,390404,2,1,0,0,0,0,0,0,0,0,0,0
2001,390405,1,1,19,19,19,19,19,19,19,19,19,19
2001,390406,1,1,17,17,17,17,17,17,17,17,17,17
2001,390407,1,1,0,0,0,0,0,0,0,0,0,0
2001,390408,1,1,0,0,0,0,0,0,0,0,0,0
2001,390409,1,1,26,26,26,26,26,26,26,26,26,26
2001,390409,2,1,0,0,0,0,0,0,0,0,0,0
2001,390410,1,1,0,0,0,0,0,0,0,0,0,0
2001,390410,2,1,0,0,0,0,0,0,0,0,0,0
2001,390410,3,1,0,0,40,0,0,0,0,0,0,0
2001,390411,1,1,16,16,16,16,16,16,16,16,16,16
2001,390412,1,1,26,26,26,26,26,26,26,26,26,26
2001,390413,1,1,0,0,0,0,0,0,0,0,0,0
2001,390413,2,1,0,0,0,0,0,0,0,0,0,0
2001,390414,1,1,0,10,0,0,0,0,0,0,0,0
2001,390414,2,1,15,0,8,0,0,0,0,0,0,0
2001,390415,1,1,10,10,10,10,10,10,10,10,10,10
2001,390416,1,1,0,0,0,0,0,0,0,0,0,0
2001,390417,1,1,0,0,0,0,0,0,0,0,0,0
2001,390417,2,1,0,0,0,0,0,0,0,0,0,0
2001,390418,1,1,0,0,0,0,0,0,0,0,0,0
2001,390418,2,1,9,9,9,9,9,9,9,9,9,9
2001,390419,1,1,0,0,0,0,0,0,0,0,0,0
2001,390419,2,1,0,0,0,0,0,0,0,0,0,0
2001,390420,1,1,24,24,24,24,24,24,24,24,24,24
2001,390421,1,1,0,0,0,0,0,0,0,0,0,0
2001,390421,2,1,0,0,0,0,0,0,0,0,0,0
2001,390422,1,1,0,0,0,0,0,0,0,0,0,0
2001,390423,1,1,21,21,21,21,21,21,21,21,21,21
2001,390424,1,1,0,0,0,0,0,0,0,0,0,0
2001,390425,1,1,0,0,0,5,0,0,0,0,0,14
2001,390425,2,1,27,0,0,14,0,0,0,0,0,0
2001,390426,1,1,0,0,0,0,0,0,0,0,0,0
2001,390426,2,1,0,0,0,0,0,0,0,0,0,0
2001,390427,1,1,20,20,20,20,20,20,20,20,20,20
2001,390428,1,1,0,0,0,0,0,0,0,0,0,0
2001,390428,2,1,0,0,0,0,0,0,0,0,0,0
2001,390429,1,1,15,15,15,15,15,15,15,15,15,15
2001,390430,1,1,0,0,0,0,0,0,0,0,0,0
2001,390430,2,1,0,0,0,0,0,0,0,0,0,0
2001,390430,3,1,0,0,0,0,0,0,0,0,0,0
2001,390431,1,1,0,0,0,0,0,0,0,0,0,0
2001,390431,2,1,0,0,0,0,0,0,0,0,0,0
2001,390432,1,1,0,0,0,0,0,0,0,0,0,0
2001,390433,1,1,8,8,8,8,8,8,8,8,8,8
2001,390434,1,1,0,0,0,0,0,0,0,0,0,0
2001,390434,2,1,0,0,0,0,0,0,0,0,0,0
2001,390435,1,1,0,0,0,0,0,0,0,0,0,0
2001,390435,2,1,7,7,7,7,7,7,7,7,7,7
2001,390436,1,1,0,0,0,0,0,0,0,0,0,0
2001,390436,2,1,0,0,0,0,0,0,0,0,0,0
2001,390436,3,1,0,0,0,0,0,0,0,0,0,19
2001,390437,1,1,18,18,18,18,18,18,18,18,18,18
2001,390438,1,1,21,14,19,10,12,16,7,12,20,4
2001,390438,2,1,0,0,0,0,0,0,0,0,0,0
2001,390439,1,1,0,0,0,0,0,0,0,0,0,0
2001,390439,2,1,0,0,13,0,0,23,0,11,11,0
2001,390439,3,1,0,0,0,0,0,0,0,0,0,0
2001,390439,4,1,0,0,0,0,0,0,0,0,0,0
2001,390439,5,1,0,0,0,0,0,0,0,0,0,0
2001,390439,6,1,0,0,0,0,0,0,0,0,0,0
2001,390439,7,1,0,0,0,0,0,0,0,8,0,0
2001,390440,0,1,0,0,15,0,0,8,0,0,6,0
2001,390440,1,1,16,16,16,16,16,16,16,16,16,16
2001,390441,1,1,0,0,0,0,0,0,0,0,0,0
2001,390442,1,1,0,0,0,0,0,0,0,7,6,0
2001,390443,1,1,0,0,0,0,0,0,0,0,0,0
2001,390443,2,1,0,0,0,0,0,0,0,0,0,0
2001,390444,1,1,19,26,17,0,0,11,13,0,13,21
2001,390445,1,1,18,18,18,18,18,18,18,18,18,18
2001,390446,1,1,0,0,0,8,18,28,13,10,0,0
2001,390447,1,1,0,0,0,0,0,0,0,0,0,0
2001,390447,2,1,0,0,0,0,0,0,0,0,0,0
2001,390448,1,1,0,0,0,0,0,0,0,0,0,0
2001,390448,2,1,0,0,0,0,0,0,0,0,0,0
2001,390449,0,1,10,0,0,18,0,23,5,15,29,22
2001,390449,1,1,0,0,0,0,18,0,0,0,0,0
2001,390450,1,1,0,0,0,0,0,0,0,0,0,0
2001,390450,2,1,0,0,0,17,0,0,0,0,0,0
2001,390451,1,1,0,0,0,0,0,0,0,0,0,0
2001,390451,2,1,0,0,0,0,0,0,0,0,0,0
2001,390452,1,1,0,0,0,0,0,0,0,0,0,0
2001,390452,2,1,0,0,0,0,0,0,0,0,0,0
2001,390453,1,1,0,0,0,0,0,0,0,0,0,0
2001,390453,2,1,0,0,0,0,0,0,0,0,0,0
2001,390454,0,1,18,18,18,18,18,18,18,18,18,18
2001,390454,0,2,0,33,0,0,4,11,0,6,13,0
2001,390454,1,1,15,15,15,15,15,15,15,15,15,15
2001,390454,2,1,27,27,27,27,27,27,27,27,27,27
2001,390455,1,1,0,0,0,0,0,0,0,0,0,0
2001,390455,2,1,0,0,0,0,0,0,0,0,0,0
2001,390456,1,1,0,0,0,0,0,0,0,0,0,0
2001,390457,1,1,26,21,26,0,12,0,0,3,0,0
2001,390458,1,1,19,19,19,19,19,19,19,19,19,19
2001,390459,1,1,0,0,0,0,0,0,0,0,25,0
2001,390462,1,1,0,0,0,0,0,0,0,0,0,0
2001,390463,1,1,19,19,19,19,19,19,19,19,19,19
2001,390464,1,1,0,0,0,0,0,0,0,0,0,24
2001,390465,1,1,0,0,0,0,0,0,0,0,0,0
2001,390466,1,1,0,0,0,0,0,0,0,0,0,0
2001,390466,2,1,0,0,0,0,0,0,4,0,0,0
2001,390467,1,1,0,0,14,0,0,0,0,0,0,0
2001,390467,2,1,0,0,0,0,0,0,0,0,0,0
2001,390468,1,1,0,0,0,0,0,0,0,0,0,0
2001,390469,1,1,0,0,0,0,0,0,0,0,0,0
2001,390469,2,1,0,0,0,0,0,0,0,0,0,0
2001,390470,1,1,8,8,8,8,8,8,8,8,8,8
2001,390470,2,1,12,12,12,12,12,12,12,12,12,12
2001,390471,1,1,2,2,2,2,2,2,2,2,2,2
2001,390471,2,1,0,0,0,0,0,0,0,0,0,0
2001,390472,1,1,4,4,4,4,4,4,4,4,4,4
2001,390474,1,1,0,0,0,0,0,0,0,0,0,0
2001,390474,2,1,0,0,0,0,0,0,0,0,0,0
2001,390475,1,1,10,10,10,10,10,10,10,10,10,10
2001,390476,1,1,21,19,27,8,19,0,13,7,21,9
2001,390477,1,1,22,22,22,22,22,22,22,22,22,22
2001,390477,2,1,6,6,6,6,6,6,6,6,6,6
2001,390477,3,1,0,0,0,0,0,0,0,0,0,0
2001,390478,1,1,4,4,4,4,4,4,4,4,4,4
2001,390478,2,1,0,0,0,0,0,0,0,0,0,28
2001,390479,1,1,11,0,0,0,0,0,0,0,0,0
2001,390480,1,1,21,0,0,0,0,0,0,0,14,0
2001,390480,2,1,0,0,0,0,0,0,0,0,0,0
2001,390482,1,1,21,11,9,0,18,0,0,0,0,31
2001,390482,2,1,0,0,0,0,0,0,0,0,0,0
2001,390483,1,1,0,0,0,0,25,0,0,0,0,0
2001,390484,1,1,12,12,12,12,12,12,12,12,12,12
2001,390484,2,1,0,0,0,0,0,0,0,0,0,0
2001,390485,0,1,0,0,0,0,0,0,0,0,0,0
2001,390485,1,1,0,0,0,0,0,0,0,0,0,0
2001,390486,1,1,0,0,0,0,0,0,0,0,4,12
2001,390486,2,1,0,17,0,0,0,0,0,0,0,0
2001,390487,1,1,6,6,6,6,6,6,6,6,6,6
2001,390488,1,1,0,0,0,0,0,0,0,0,0,0
2001,390488,2,1,0,0,0,0,0,0,0,0,0,0
2001,390489,1,1,19,19,19,19,19,19,19,19,19,19
2001,390490,1,1,0,0,0,0,0,0,0,0,0,0
2001,390491,1,1,0,0,0,0,0,0,0,0,0,0
2001,390491,2,1,0,0,0,0,0,0,0,0,0,0
2001,390492,1,1,0,0,10,0,0,0,0,0,0,0
2001,390493,1,1,9,9,9,9,9,9,9,9,9,9
2001,390494,0,1,10,0,0,0,0,0,0,17,0,0
2001,390494,1,1,0,0,0,0,0,0,4,0,0,0
2001,390495,1,1,21,21,21,21,21,21,21,21,21,21
2001,390496,0,1,0,0,0,33,0,0,0,0,0,0
2001,390496,1,1,0,0,0,0,0,0,0,0,0,0
2001,390497,1,1,23,0,0,0,0,0,0,0,7,0
2001,390498,1,1,18,18,18,18,18,18,18,18,18,18
2001,390499,1,1,0,0,0,0,0,0,0,0,0,0
2001,390499,2,1,14,14,14,14,14,14,14,14,14,14
2001,390500,1,1,0,0,0,0,0,0,0,0,0,0
2001,390500,2,1,0,0,0,0,0,0,0,0,0,0
2001,390501,1,1,6,6,6,6,6,6,6,6,6,6
2001,390502,1,1,5,5,5,5,5,5,5,5,5,5
2001,390503,1,1,0,0,0,0,0,0,0,0,19,0
2001,390504,1,1,28,28,28,28,28,28,28,28,28,28
2001,390505,1,1,0,0,0,0,3,0,0,0,0,0
2001,390507,0,1,0,0,0,0,0,0,0,0,0,0
2001,390507,1,1,0,0,0,0,0,0,0,0,0,0
2001,390508,0,1,5,0,0,0,28,0,0,0,0,0
2001,390508,1,1,0,0,0,0,0,0,0,0,0,0
2001,390509,1,1,0,0,0,0,0,0,0,0,20,0
2001,390510,1,1,0,0,0,0,0,0,0,0,0,0
2001,390510,2,1,0,0,0,0,0,0,0,0,0,0
2001,390511,1,1,2,0,0,0,0,0,17,0,28,0
2001,390512,1,1,0,0,0,0,0,0,0,0,0,0
2001,390512,2,1,0,0,0,0,0,0,0,0,0,0
2001,390513,1,1,0,0,0,0,0,0,0,0,0,0
2001,390513,2,1,0,0,0,0,0,0,0,0,0,0
2001,390514,0,1,4,4,4,4,4,4,4,4,4,4
2001,390514,1,1,0,4,0,0,0,0,0,2,0,0
2001,390514,2,1,0,0,0,0,0,0,0,6,6,0
2001,390515,1,1,0,0,0,0,0,0,0,0,0,0
2001,390515,2,1,0,0,0,0,0,0,0,18,0,0
2001,390516,1,1,18,19,24,20,28,27,21,15,31,25
2001,390517,1,1,0,0,0,0,0,0,0,0,0,0
2001,390518,1,1,0,0,0,0,0,0,0,0,0,0
2001,390518,2,1,0,0,0,0,0,0,0,0,0,0
2001,390519,1,1,2,2,2,2,2,2,2,2,2,2
2001,390519,2,1,0,0,0,0,0,0,0,0,0,0
2001,390519,3,1,0,0,0,0,0,0,0,0,0,0
2001,390520,1,1,0,0,0,0,0,0,0,0,0,0
2001,390520,2,1,0,0,0,0,0,0,0,0,0,0
2001,390520,3,1,21,21,21,21,21,21,21,21,21,21
2001,390521,1,1,0,0,0,0,0,0,0,0,0,0
2001,390521,2,1,0,25,0,0,0,0,0,0,0,0
2001,390522,1,1,0,0,0,0,0,0,0,0,0,0
2001,390522,2,1,0,0,0,0,0,0,0,0,0,0
2001,390523,1,1,18,18,18,18,18,18,18,18,18,18
2001,390524,1,1,0,0,0,0,0,0,0,0,0,0
2001,390525,0,1,0,0,0,0,0,0,0,0,0,0
2001,390525,1,1,0,0,0,0,0,0,0,0,0,0
2001,390526,1,1,0,0,0,0,0,0,0,0,0,0
2001,390526,2,1,0,0,0,0,0,0,0,0,0,0
2001,390527,1,1,26,26,26,26,26,26,26,26,26,26
2001,390527,2,1,0,0,0,0,0,0,0,0,0,0
2001,390528,1,1,0,8,0,0,0,0,0,0,0,0
2001,390528,2,1,0,0,0,0,0,0,0,0,0,0
2001,390529,1,1,0,0,0,0,0,0,0,0,0,0
2001,390529,2,1,0,0,0,0,0,0,0,0,0,0
2001,390530,1,1,0,0,0,0,0,0,0,0,0,0
2001,390530,2,1,0,0,0,0,0,0,0,0,0,0
2001,390530,3,1,0,0,0,0,0,0,0,0,0,0
2001,390531,0,1,0,0,0,0,0,0,0,0,0,0
2001,390531,1,1,0,0,0,0,0,0,0,0,0,0
2001,390533,1,1,0,0,0,0,0,0,0,0,0,0
2001,390533,2,1,0,0,0,0,0,0,0,0,0,0
2001,390534,1,1,0,0,0,0,0,0,0,0,0,0
2001,390534,2,1,0,0,0,0,0,0,0,0,0,0
2001,390535,1,1,0,0,0,0,0,21,0,0,0,0
2001,390536,1,1,0,0,0,0,0,0,0,0,0,0
2001,390536,2,1,0,0,0,0,0,0,0,0,0,0
2001,390537,1,1,1,1,1,1,1,1,1,1,1,1
2001,390538,1,1,0,0,0,0,0,0,0,0,0,0
2001,390538,2,1,0,15,0,8,18,0,0,0,18,10
2001,390539,0,1,25,25,25,25,25,25,25,25,25,25
2001,390539,1,1,0,0,0,0,0,0,0,0,0,14
2001,390540,1,1,0,0,0,0,0,0,0,0,0,0
2001,390541,1,1,14,14,14,14,14,14,14,14,14,14
2001,390542,1,1,28,28,28,28,28,28,28,28,28,28
2001,390543,1,1,24,24,24,24,24,24,24,24,24,24
2001,390544,1,1,0,0,0,0,0,0,0,0,0,0
2001,390544,2,1,0,0,0,0,0,13,0,0,0,0
2001,390545,0,1,0,4,0,0,0,0,0,20,24,0
2001,390545,1,1,24,11,0,0,0,0,0,0,0,0
2001,390546,1,1,0,0,0,0,0,0,0,0,0,0
2001,390547,1,1,0,0,0,0,0,0,0,0,0,0
2001,390547,2,1,0,0,0,0,0,8,0,0,0,0
2001,390548,1,1,0,0,0,0,0,0,0,0,0,0
2001,390548,2,1,0,0,0,0,0,0,0,0,0,0
2001,390549,1,1,0,0,0,0,0,0,0,0,0,0
2001,390549,2,1,0,0,0,0,0,0,0,0,0,0
2001,390550,1,1,0,0,0,0,0,0,0,0,0,0
2001,390551,1,1,0,10,0,0,22,0,0,0,0,0
2001,390552,1,1,0,0,0,0,32,0,0,0,0,0
2001,390552,2,1,0,0,0,0,0,0,0,0,0,11
2001,390553,1,1,21,19,31,14,17,14,18,15,15,32
2001,390554,1,1,0,0,0,0,0,0,0,0,0,0
2001,390554,2,1,0,0,0,0,0,0,0,0,0,0
2001,390555,1,1,0,0,0,0,0,0,0,0,0,0
2001,390556,1,1,0,9,0,0,0,0,0,0,0,0
2001,390556,2,1,0,0,14,0,0,0,0,0,19,0
2001,390557,1,1,0,0,0,0,0,0,0,0,0,0
2001,390557,2,1,0,0,0,0,0,0,0,0,0,0
2001,390558,1,1,0,0,0,0,0,0,0,0,0,0
2001,390559,1,1,0,0,0,0,0,0,0,0,0,0
2001,390559,2,1,0,0,0,0,0,0,0,0,0,0
2001,390560,1,1,0,0,0,0,0,0,0,0,0,0
2001,390560,2,1,0,0,0,0,0,0,0,0,0,0
2001,390561,1,1,12,12,12,12,12,12,12,12,12,12
2001,390562,1,1,16,16,16,16,16,16,16,16,16,16
2001,390563,1,1,0,0,0,0,0,0,0,0,0,0
2001,390564,1,1,0,0,0,0,0,0,0,0,0,0
2001,390564,2,1,0,0,0,0,0,0,12,0,0,0
2001,390565,1,1,0,0,0,0,0,0,0,0,0,0
2001,390566,1,1,0,0,0,0,0,0,0,0,0,0
2001,390566,2,1,0,0,0,0,0,0,0,0,0,0
2001,390567,1,1,0,0,0,0,0,0,0,0,0,0
2001,390567,2,1,7,7,7,7,7,7,7,7,7,7
2001,390568,1,1,0,0,0,0,0,0,0,0,0,0
2001,390568,2,1,0,0,0,0,0,0,5,0,0,0
2001,390569,1,1,14,8,0,0,0,23,0,0,0,0
2001,390570,1,1,0,0,0,0,21,0,0,0,0,0
2001,390570,2,1,0,0,0,0,0,0,0,0,0,10
2001,390571,1,1,0,0,0,0,0,0,0,0,0,0
2001,390572,1,1,0,0,0,0,0,0,0,0,0,0
2001,390572,2,1,12,0,0,0,0,0,0,0,0,0
2001,390573,1,1,18,18,18,18,18,18,18,18,18,18
2001,390574,1,1,0,0,0,0,0,0,0,0,0,0
2001,390574,2,1,0,0,0,0,0,0,0,0,0,0
2001,390575,0,1,9,9,9,9,9,9,9,9,9,9
2001,390575,1,1,0,0,14,0,0,0,0,0,7,0
2001,390576,1,1,0,0,0,0,0,0,0,0,0,0
2001,390576,2,1,0,0,0,0,0,0,0,0,0,0
2001,390577,1,1,0,0,0,0,0,0,0,0,0,0
2001,390578,1,1,0,0,0,0,0,0,0,0,0,0
2001,390578,2,1,0,0,0,0,0,0,0,0,0,0
2001,390579,1,1,11,11,11,11,11,11,11,11,11,11
2001,390580,1,1,0,0,0,0,0,0,0,0,0,0
2001,390581,1,1,0,0,0,0,0,0,0,0,0,0
2001,390581,2,1,13,13,13,13,13,13,13,13,13,13
2001,390581,3,1,0,0,0,0,0,0,0,0,0,0
2001,390582,1,1,0,0,0,0,0,0,0,0,0,0
2001,390583,1,1,0,0,0,0,0,0,0,0,0,0
2001,390583,2,1,17,17,17,17,17,17,17,17,17,17
2001,390584,1,1,30,30,30,30,30,30,30,30,30,30
2001,390585,1,1,0,0,0,0,0,0,0,0,0,0
2001,390586,1,1,20,20,20,20,20,20,20,20,20,20
2001,390588,1,1,0,0,0,0,0,0,0,0,0,0
2001,390588,2,1,0,0,0,0,0,0,0,0,0,0
2001,390588,3,1,0,0,0,0,0,0,0,0,0,0
2001,390588,4,1,0,0,0,0,0,0,0,0,0,0
2001,390588,5,1,0,0,0,0,0,0,0,0,0,0
2001,390589,1,1,9,9,9,9,9,9,9,9,9,9
2001,390590,1,1,0,0,0,0,0,0,0,0,0,0
2001,390591,0,1,0,0,0,0,0,0,0,0,0,0
2001,390591,1,1,0,0,0,0,0,0,0,0,0,0
2001,390592,1,1,20,20,20,20,20,20,20,20,20,20
2001,390593,0,1,2,2,2,2,2,2,2,2,2,2
2001,390593,1,1,0,0,0,0,0,0,0,0,0,0
2001,390593,2,1,0,0,0,0,0,0,0,0,0,0
2001,390594,1,1,0,0,0,0,0,0,0,0,0,0
2001,390594,2,1,0,0,0,0,0,0,0,0,0,0
2001,390594,3,1,0,0,0,0,0,0,0,0,0,0
2001,390595,1,1,0,0,0,0,0,0,0,0,0,0
2001,390595,2,1,0,0,0,0,0,0,0,0,0,0
2001,390596,1,1,24,24,24,24,24,24,24,24,24,24
2001,390597,1,1,16,16,16,16,16,16,16,16,16,16
2001,390598,1,1,0,0,0,0,0,0,0,0,0,0
2001,390599,1,1,10,10,10,10,10,10,10,10,10,10
2001,390600,1,1,0,0,0,0,0,0,0,0,0,0
2001,390600,2,1,0,0,0,0,10,0,0,0,0,0
2001,390600,3,1,0,0,0,0,0,0,0,0,0,0
2001,390601,1,1,0,0,0,0,0,0,0,0,0,0
2001,390601,2,1,0,0,0,0,0,0,0,0,0,0
2001,390601,3,1,0,0,6,0,0,0,0,0,0,0
2001,390602,1,1,0,0,0,0,0,0,0,0,0,0
2001,390602,2,1,0,0,0,17,0,0,0,0,0,18
2001,390603,1,1,25,25,25,25,25,25,25,25,25,25
2001,390604,1,1,32,32,32,32,32,32,32,32,32,32
2001,390605,1,1,12,8,0,7,0,22,14,0,0,0
2001,390605,2,1,0,0,0,0,0,0,0,0,0,0
2001,390606,1,1,24,24,24,24,24,24,24,24,24,24
2001,390607,1,1,0,0,0,0,0,0,0,0,0,0
2001,390607,2,1,0,0,0,0,0,0,0,0,0,0
2001,390608,1,1,0,0,0,0,0,0,0,0,0,0
2001,390608,2,1,1,1,1,1,1,1,1,1,1,1
2001,390609,1,1,0,0,0,0,0,0,0,0,0,0
2001,390610,1,1,1,1,1,1,1,1,1,1,1,1
2001,390610,2,1,0,0,0,0,0,0,0,0,0,0
2001,390611,1,1,14,14,14,14,14,14,14,14,14,14
2001,390612,1,1,0,0,0,0,0,0,0,0,0,0
2001,390612,2,1,0,0,0,0,0,0,0,0,0,0
2001,390613,1,1,15,0,0,0,10,0,0,0,17,0
2001,390614,1,1,34,34,34,34,34,34,34,34,34,34
2001,390615,1,1,0,0,0,0,0,0,0,0,0,0
2001,390616,1,1,0,0,0,0,0,0,0,0,0,0
2001,390617,1,1,19,19,19,19,19,19,19,19,19,19
2001,390618,1,1,0,0,0,0,0,0,0,0,0,0
2001,390619,1,1,0,0,0,0,0,0,0,0,0,0
2001,390620,1,1,0,0,0,0,0,0,0,0,0,0
2001,390620,2,1,0,0,0,0,0,0,0,0,0,0
2001,390621,1,1,0,0,0,0,0,0,0,0,0,0
2001,390621,2,1,0,0,0,0,5,0,0,0,0,0
2001,390622,1,1,17,17,17,17,17,17,17,17,17,17
2001,390623,1,1,25,25,25,25,25,25,25,25,25,25
2001,390624,1,1,0,0,0,0,0,0,0,0,0,0
2001,390624,2,1,0,0,0,0,0,0,0,0,0,0
2001,390626,1,1,18,18,18,18,18,18,18,18,18,18
2001,390627,1,1,0,0,0,0,0,0,0,0,0,0
2001,390627,2,1,0,0,0,0,0,0,0,0,0,0
2001,390628,1,1,0,0,0,0,0,0,12,0,0,0
2001,390628,2,1,0,0,0,0,0,0,0,0,0,0
2001,390629,1,1,0,0,0,0,0,0,0,0,0,0
2001,390629,2,1,0,0,0,0,0,0,0,0,0,0
2001,390630,1,1,0,0,0,0,0,0,0,0,0,0
2001,390630,2,1,0,0,0,0,0,0,0,0,0,0
2001,390631,0,1,6,6,6,6,6,6,6,6,6,6
2001,390631,1,1,0,0,0,0,0,0,0,0,0,0
2001,390632,1,1,0,0,0,4,0,0,7,0,0,0
2001,390632,2,1,0,0,0,0,0,0,0,0,0,0
2001,390633,1,1,0,17,0,0,0,12,3,0,0,0
2001,390634,1,1,0,0,0,0,0,0,0,0,0,0
2001,390635,1,1,16,16,16,16,16,16,16,16,16,16
2001,390636,1,1,0,0,0,0,0,0,0,0,0,0
2001,390636,2,1,0,0,0,0,0,0,0,0,0,0
2001,390637,1,1,0,0,0,0,0,0,0,0,0,0
2001,390637,2,1,0,0,0,0,0,0,0,0,0,0
2001,390637,3,1,0,0,0,0,0,0,0,0,0,0
2001,390638,1,1,0,0,15,0,0,0,0,0,0,0
2001,390638,2,1,19,7,11,0,6,0,0,0,0,22
2001,390640,1,1,19,19,19,19,19,19,19,19,19,19
2001,390641,0,1,0,0,0,0,0,0,0,0,0,0
2001,390641,0,2,0,0,0,0,0,0,0,0,0,0
2001,390641,0,3,0,0,0,0,0,0,0,0,0,0
2001,390641,0,4,0,0,0,0,0,0,0,0,0,0
2001,390641,0,5,0,10,0,0,0,0,0,0,0,0
2001,390641,0,6,0,0,0,0,7,0,0,0,0,15
2001,390641,1,1,0,0,0,0,22,0,0,0,0,0
2001,390642,1,1,0,0,0,0,0,0,0,0,0,0
2001,390642,2,1,0,0,0,0,0,0,0,0,0,0
2001,390643,1,1,0,0,0,0,0,0,0,8,0,0
2001,390643,2,1,0,0,0,0,0,0,0,0,0,0
2001,390644,1,1,0,0,0,0,0,0,0,0,0,0
2001,390644,2,1,0,0,0,0,0,0,0,0,0,0
2001,390645,1,1,0,0,0,0,0,0,0,0,0,0
2001,390645,2,1,0,0,0,0,0,0,0,0,0,0
2001,390646,1,1,15,15,15,15,15,15,15,15,15,15
2001,390646,2,1,29,29,29,29,29,29,29,29,29,29
2001,390647,1,1,0,0,0,0,0,0,0,0,0,0
2001,390647,2,1,0,0,0,0,0,0,0,0,0,0
2001,390648,0,1,0,0,0,0,0,0,0,0,0,0
2001,390648,1,1,13,7,4,0,12,15,0,0,0,0
2001,390649,1,1,18,18,18,18,18,18,18,18,18,18
2001,390650,1,1,1,1,1,1,1,1,1,1,1,1
2001,390650,2,1,0,0,0,0,0,0,0,0,0,0
2001,390651,1,1,0,0,0,0,0,0,0,0,0,0
2001,390652,1,1,0,0,0,0,0,0,0,0,0,0
2001,390652,2,1,0,0,0,0,0,0,0,0,0,0
2001,390653,1,1,0,0,0,0,0,0,0,0,0,0
2001,390653,2,1,0,0,0,0,0,0,0,0,0,0
2001,390654,1,1,0,0,0,0,0,0,0,0,0,0
2001,390654,2,1,0,0,0,0,0,0,0,0,0,0
2001,390655,0,1,0,0,0,0,0,0,0,0,0,0
2001,390655,0,2,0,0,0,0,0,0,0,0,0,18
2001,390655,1,1,0,0,0,0,0,0,0,0,0,0
2001,390656,1,1,0,0,0,0,0,0,0,0,0,0
2001,390657,1,1,0,0,0,0,0,0,0,0,0,0
2001,390657,2,1,0,0,0,0,0,0,0,0,0,0
2001,390658,1,1,12,12,12,12,12,12,12,12,12,12
2001,390659,1,1,0,6,0,10,0,0,0,6,0,0