YEAR,st_case,veh_no,per_no,P1,P2,P3,P4,P5,P6,P7,P8,P9,P10
2001,420349,2,1,4,0,0,0,0,0,0,0,0,0
2001,420350,1,1,0,0,0,0,0,0,0,0,0,0
2001,420350,2,1,0,0,0,0,0,0,0,0,0,0
2001,420351,1,1,0,0,0,0,0,0,0,0,0,0
2001,420351,2,1,0,0,0,0,0,0,0,0,0,0
2001,420352,1,1,0,0,11,0,0,10,0,0,0,0
2001,420352,2,1,0,0,0,0,0,0,41,0,0,0
2001,420352,3,1,0,0,0,0,0,0,0,0,0,0
2001,420352,4,1,0,0,0,0,0,0,0,0,0,0
2001,420353,1,1,0,0,0,0,0,0,0,0,0,0
2001,420353,2,1,0,0,0,0,0,0,0,0,0,0
2001,420353,3,1,0,0,0,0,0,0,0,0,0,0
2001,420354,0,1,19,19,19,19,19,19,19,19,19,19
2001,420354,1,1,10,10,10,10,10,10,10,10,10,10
2001,420355,1,1,0,0,0,0,0,0,0,0,0,0
2001,420355,2,1,0,0,0,6,0,0,0,0,0,22
2001,420356,1,1,0,0,0,0,0,0,0,0,0,0
2001,420356,2,1,0,0,0,0,0,0,0,0,0,0
2001,420357,1,1,0,0,0,0,0,0,0,0,11,0
2001,420358,0,1,0,0,37,8,0,0,0,0,0,0
2001,420358,1,1,0,0,0,0,0,0,0,0,0,0
2001,420359,0,1,0,14,26,15,0,0,0,0,0,0
2001,420359,1,1,0,32,0,0,0,0,0,0,0,18
2001,420360,1,1,0,0,0,0,0,0,0,0,0,0
2001,420360,2,1,31,16,27,11,3,13,9,16,14,8
2001,420361,1,1,0,0,0,0,0,0,0,0,0,0
2001,420361,2,1,0,0,0,0,0,0,0,0,0,0
2001,420362,1,1,0,0,0,0,0,0,0,0,0,0
2001,420363,0,1,0,0,0,0,0,0,0,0,0,11
2001,420363,0,2,0,6,0,0,0,0,0,0,26,0
2001,420363,0,3,1,1,1,1,1,1,1,1,1,1
2001,420363,0,4,0,0,8,0,20,0,0,0,0,0
2001,420363,1,1,0,0,0,0,0,0,0,0,0,0
2001,420364,0,1,0,0,0,0,0,0,0,0,0,0
2001,420364,0,2,0,0,0,0,0,0,0,0,0,0
2001,420364,1,1,0,0,0,0,0,0,0,0,0,0
2001,420364,2,1,0,0,0,0,0,0,0,0,0,0
2001,420365,1,1,0,0,0,0,0,0,0,0,0,0
2001,420365,2,1,0,0,0,0,3,0,0,0,0,0
2001,420366,1,1,0,0,0,0,0,0,0,0,0,0
2001,420366,2,1,0,0,0,0,0,15,0,0,11,0
2001,420367,1,1,11,11,11,11,11,11,11,11,11,11
2001,420368,0,1,13,13,13,13,13,13,13,13,13,13
2001,420368,1,1,0,0,0,0,0,0,0,0,0,0
2001,420369,1,1,0,0,0,0,0,0,0,0,0,0
2001,420369,2,1,0,0,0,0,5,1,0,0,0,0
2001,420369,3,1,0,0,0,0,0,0,0,0,17,12
2001,420370,1,1,0,0,0,0,0,0,0,0,0,0
2001,420370,2,1,0,0,0,0,0,0,0,0,0,0
2001,420370,3,1,0,0,0,0,0,0,0,0,0,0
2001,420371,1,1,0,0,0,0,0,0,0,0,0,0
2001,420372,1,1,0,0,0,0,0,0,0,0,0,0
2001,420373,1,1,2,2,2,2,2,2,2,2,2,2
2001,420374,1,1,31,13,37,25,33,15,40,13,24,25
2001,420375,1,1,0,0,0,0,0,0,0,0,0,0
2001,420376,1,1,0,0,0,0,0,0,0,0,0,0
2001,420376,2,1,0,0,0,0,0,0,0,0,0,0
2001,420377,1,1,0,0,0,0,0,0,0,0,0,0
2001,420377,2,1,0,0,0,0,0,0,0,0,0,0
2001,420378,1,1,0,0,0,0,0,0,0,0,0,0
2001,420379,1,1,17,17,17,17,17,17,17,17,17,17
2001,420380,1,1,0,0,0,0,0,0,0,0,0,0
2001,420381,1,1,0,0,0,0,0,0,0,0,0,0
2001,420382,1,1,20,20,20,20,20,20,20,20,20,20
2001,420383,1,1,0,0,0,0,0,0,0,0,0,0
2001,420384,1,1,0,0,0,0,0,0,0,0,0,0
2001,420384,2,1,0,0,0,0,0,0,0,0,0,0
2001,420385,1,1,0,0,0,0,0,0,0,0,0,0
2001,420386,1,1,0,0,0,0,0,0,0,0,0,0
2001,420386,2,1,0,0,0,0,0,0,0,0,0,0
2001,420387,1,1,7,36,20,0,17,20,0,13,19,0
2001,420388,1,1,0,0,0,0,0,0,0,0,0,0
2001,420388,2,1,0,0,0,0,0,0,0,0,0,0
2001,420389,1,1,16,16,16,16,16,16,16,16,16,16
2001,420390,1,1,0,0,0,0,0,0,0,0,0,0
2001,420391,1,1,6,6,6,6,6,6,6,6,6,6
2001,420391,2,1,0,0,0,0,0,14,0,0,0,0
2001,420392,1,1,0,0,0,0,5,0,0,0,0,3
2001,420392,2,1,0,0,0,0,0,0,0,0,0,0
2001,420393,0,1,0,0,0,0,0,0,0,0,0,0
2001,420393,1,1,0,0,0,0,0,0,0,0,0,0
2001,420394,1,1,0,0,0,0,0,0,0,0,0,0
2001,420394,2,1,0,0,0,0,0,0,0,0,0,0
2001,420395,1,1,16,16,16,16,16,16,16,16,16,16
2001,420396,1,1,0,0,0,0,0,0,0,0,0,0
2001,420397,1,1,0,0,0,0,0,0,0,0,0,0
2001,420397,2,1,0,0,0,0,0,0,0,0,0,0
2001,420398,1,1,0,0,0,0,0,0,0,0,0,0
2001,420398,2,1,0,0,0,0,0,0,0,0,0,0
2001,420399,1,1,12,12,12,12,12,12,12,12,12,12
2001,420400,1,1,18,18,18,18,18,18,18,18,18,18
2001,420401,1,1,0,0,0,0,0,12,0,0,14,21
2001,420402,1,1,0,0,0,0,0,23,18,0,0,0
2001,420403,1,1,6,6,6,6,6,6,6,6,6,6
2001,420404,1,1,18,18,18,18,18,18,18,18,18,18
2001,420405,1,1,0,0,0,0,0,0,0,0,11,0
2001,420406,1,1,0,0,0,0,0,0,0,0,0,0
2001,420407,1,1,0,0,0,0,0,0,22,0,0,0
2001,420407,2,1,0,0,24,0,0,0,0,0,7,0
2001,420408,1,1,0,0,0,0,0,0,0,0,0,0
2001,420409,1,1,0,0,0,0,0,0,0,0,0,0
2001,420409,2,1,0,0,0,0,0,0,0,8,0,0
2001,420410,1,1,0,0,0,0,0,0,0,0,0,0
2001,420411,0,1,0,0,0,0,0,0,0,0,0,0
2001,420411,1,1,0,0,0,0,0,0,0,0,0,0
2001,420412,1,1,17,17,17,17,17,17,17,17,17,17
2001,420413,1,1,0,0,0,0,0,0,0,0,0,0
2001,420414,1,1,18,18,18,18,18,18,18,18,18,18
2001,420415,1,1,0,0,0,0,0,0,0,0,0,0
2001,420415,2,1,0,0,0,0,0,0,0,0,0,33
2001,420416,1,1,9,9,9,9,9,9,9,9,9,9
2001,420417,1,1,13,13,13,13,13,13,13,13,13,13
2001,420417,2,1,19,27,0,5,0,0,0,0,0,14
2001,420418,1,1,19,19,19,19,19,19,19,19,19,19
2001,420419,1,1,25,25,25,25,25,25,25,25,25,25
2001,420419,2,1,0,0,0,0,0,0,0,0,0,0
2001,420420,1,1,0,0,0,0,0,0,0,0,0,0
2001,420420,2,1,0,19,0,0,7,0,0,0,0,0
2001,420421,1,1,0,0,0,0,0,0,0,0,0,0
2001,420421,2,1,0,0,0,0,0,0,0,0,0,0
2001,420422,1,1,3,3,3,3,3,3,3,3,3,3
2001,420423,1,1,0,0,0,0,0,0,0,0,0,0
2001,420424,1,1,0,0,0,0,0,0,0,0,0,0
2001,420425,1,1,0,0,11,0,0,0,0,0,0,0
2001,420425,2,1,1,1,1,1,1,1,1,1,1,1
2001,420426,1,1,0,0,0,0,0,0,0,0,0,0
2001,420427,1,1,0,0,0,0,0,0,0,0,0,0
2001,420428,1,1,0,0,0,0,0,0,0,0,0,0
2001,420428,2,1,0,0,0,0,0,0,0,0,0,0
2001,420429,1,1,0,0,0,0,0,0,0,0,0,0
2001,420430,1,1,0,0,0,0,0,0,0,0,9,0
2001,420430,2,1,0,0,0,0,0,0,0,0,0,0
2001,420431,1,1,12,12,12,12,12,12,12,12,12,12
2001,420432,1,1,8,8,8,8,8,8,8,8,8,8
2001,420433,1,1,25,25,25,25,25,25,25,25,25,25
2001,420434,1,1,14,14,14,14,14,14,14,14,14,14
2001,420435,0,1,21,11,20,15,15,40,28,5,3,0
2001,420435,1,1,17,17,17,17,17,17,17,17,17,17
2001,420436,1,1,24,24,24,24,24,24,24,24,24,24
2001,420437,1,1,0,0,0,9,0,0,0,0,0,0
2001,420437,2,1,0,0,0,0,0,0,0,0,0,0
2001,420438,1,1,8,0,0,19,0,19,33,39,24,12
2001,420439,1,1,13,13,13,13,13,13,13,13,13,13
2001,420440,0,1,0,0,0,0,13,0,0,0,22,0
2001,420440,1,1,0,0,0,0,0,0,0,0,0,0
2001,420441,1,1,0,0,0,0,0,0,0,0,0,0
2001,420442,1,1,0,0,0,0,0,0,0,0,0,0
2001,420442,2,1,0,0,0,0,0,0,0,0,0,0
2001,420443,0,1,0,0,0,0,0,0,0,0,0,0
2001,420443,1,1,0,0,0,0,0,0,0,0,0,0
2001,420444,1,1,0,0,0,0,0,0,0,0,0,0
2001,420445,1,1,0,0,0,0,0,0,0,0,0,0
2001,420445,2,1,0,0,0,0,0,0,0,0,0,0
2001,420446,1,1,0,0,0,0,0,0,0,0,0,0
2001,420446,2,1,0,0,0,0,0,0,0,0,0,0
2001,420447,1,1,12,12,18,0,20,6,0,12,13,34
2001,420447,2,1,0,0,0,0,0,0,0,0,0,0
2001,420447,3,1,0,0,0,0,0,0,0,11,0,0
2001,420448,1,1,0,0,0,0,0,0,0,0,17,0
2001,420449,0,1,0,0,0,0,0,0,0,0,0,0
2001,420449,1,1,0,0,0,0,0,0,0,0,0,0
2001,420450,1,1,0,0,6,0,0,0,0,0,7,12
2001,420450,2,1,0,0,0,0,0,0,0,0,0,0
2001,420451,1,1,0,0,0,0,0,0,0,0,0,0
2001,420451,2,1,0,0,0,0,0,0,0,0,0,0
2001,420452,1,1,9,23,0,0,16,17,28,36,22,19
2001,420452,2,1,0,0,0,0,0,0,0,0,0,0
2001,420453,1,1,0,0,0,0,0,0,0,0,0,0
2001,420453,2,1,0,0,0,0,0,0,0,0,0,0
2001,420454,1,1,0,0,0,0,0,0,0,0,0,0
2001,420454,2,1,0,0,0,0,0,0,0,0,0,0
2001,420454,3,1,0,0,0,0,0,0,0,0,0,0
2001,420455,1,1,19,19,19,19,19,19,19,19,19,19
2001,420456,1,1,21,21,21,21,21,21,21,21,21,21
2001,420456,2,1,0,29,0,0,0,0,0,0,0,0
2001,420457,1,1,14,14,14,14,14,14,14,14,14,14
2001,420458,1,1,0,0,0,0,0,0,0,0,0,0
2001,420458,2,1,0,0,0,0,0,0,0,0,0,0
2001,420459,1,1,0,0,0,0,0,0,0,0,0,0
2001,420460,1,1,0,0,0,0,7,0,0,0,0,0
2001,420460,2,1,0,0,0,0,0,0,0,0,0,0
2001,420460,3,1,0,0,0,0,0,0,0,0,0,0
2001,420461,1,1,0,0,0,0,0,0,0,0,0,0
2001,420462,1,1,11,11,11,11,11,11,11,11,11,11
2001,420463,1,1,0,0,0,0,0,0,0,0,0,0
2001,420463,2,1,0,0,0,0,0,0,0,0,0,0
2001,420464,1,1,0,0,0,0,0,0,0,0,0,0
2001,420464,2,1,0,0,0,0,0,0,0,0,0,0
2001,420465,1,1,0,0,0,0,0,0,0,0,0,0
2001,420465,2,1,0,0,0,0,0,0,0,0,0,0
2001,420466,2,1,0,0,0,0,0,0,25,20,0,0
2001,420467,1,1,0,0,0,0,0,0,0,0,0,0
2001,420468,1,1,18,18,18,18,18,18,18,18,18,18
2001,420468,2,1,0,0,0,0,8,0,0,0,0,8
2001,420468,3,1,0,0,0,0,0,0,0,0,0,0
2001,420469,1,1,0,0,0,0,0,0,0,0,0,0
2001,420469,2,1,0,0,0,0,0,0,0,0,0,0
2001,420470,1,1,15,15,15,15,15,15,15,15,15,15
2001,420470,2,1,0,0,0,0,0,0,0,0,0,0
2001,420470,3,1,0,0,0,0,0,0,0,0,11,0
2001,420471,1,1,22,22,22,22,22,22,22,22,22,22
2001,420472,1,1,19,19,19,19,19,19,19,19,19,19
2001,420473,1,1,0,0,0,0,0,0,11,0,0,0
2001,420474,1,1,15,15,15,15,15,15,15,15,15,15
2001,420474,2,1,0,0,0,0,0,0,0,0,0,11
2001,420475,1,1,24,24,24,24,24,24,24,24,24,24
2001,420475,2,1,0,0,0,0,0,0,0,0,0,0
2001,420476,0,1,0,0,0,0,0,0,0,0,0,0
2001,420477,0,1,0,0,0,0,0,0,0,0,0,0
2001,420477,1,1,0,0,0,0,0,0,0,0,0,0
2001,420478,1,1,12,12,12,12,12,12,12,12,12,12
2001,420478,2,1,0,0,0,0,0,0,0,0,0,0
2001,420479,1,1,0,0,0,0,0,0,0,0,0,0
2001,420479,2,1,0,0,0,0,0,0,0,0,0,0
2001,420480,1,1,16,16,16,16,16,16,16,16,16,16
2001,420481,1,1,0,0,0,0,0,0,0,0,0,0
2001,420481,2,1,0,0,0,0,0,0,0,0,0,0
2001,420482,1,1,22,22,22,22,22,22,22,22,22,22
2001,420483,1,1,0,0,0,0,0,0,0,0,0,0
2001,420483,2,1,0,0,0,0,0,0,0,0,0,0
2001,420483,3,1,0,0,0,0,0,0,0,0,0,0
2001,420483,4,1,0,0,0,0,0,0,0,0,0,0
2001,420484,1,1,26,26,26,26,26,26,26,26,26,26
2001,420484,2,1,0,0,0,0,0,0,0,0,0,0
2001,420485,1,1,0,0,0,0,0,0,0,0,0,0
2001,420485,2,1,0,0,0,0,0,0,0,0,0,0
2001,420486,0,1,0,0,0,0,0,0,0,0,0,0
2001,420486,1,1,0,0,0,0,0,0,0,0,0,0
2001,420487,1,1,21,21,21,21,21,21,21,21,21,21
2001,420488,1,1,15,15,15,15,15,15,15,15,15,15
2001,420488,2,1,0,0,0,0,0,0,0,0,0,0
2001,420489,1,1,0,0,0,0,0,0,0,6,0,0
2001,420489,2,1,0,0,0,0,0,0,0,0,0,0
2001,420489,3,1,0,0,0,0,0,0,0,0,0,7
2001,420490,1,1,10,10,10,10,10,10,10,10,10,10
2001,420490,2,1,0,0,0,0,0,0,0,0,0,0
2001,420491,0,1,0,0,24,0,26,60,0,0,0,24
2001,420491,1,1,0,0,0,0,0,0,0,0,0,0
2001,420492,1,1,0,0,7,7,11,0,0,0,0,0
2001,420493,1,1,0,0,0,0,1,11,0,0,0,0
2001,420494,1,1,0,0,0,0,0,0,0,0,0,0
2001,420495,1,1,0,0,0,0,0,0,0,0,0,0
2001,420496,1,1,0,0,0,0,0,0,0,0,0,0
2001,420497,1,1,18,18,18,18,18,18,18,18,18,18
2001,420497,2,1,0,0,0,0,0,0,0,0,0,0
2001,420498,1,1,0,0,0,0,0,0,0,0,0,0
2001,420498,2,1,0,0,0,0,0,0,0,0,0,0
2001,420499,1,1,0,0,0,0,0,0,0,0,0,0
2001,420499,2,1,0,0,0,0,0,0,0,0,0,0
2001,420500,1,1,0,0,0,0,0,0,0,0,0,0
2001,420500,2,1,0,0,0,3,0,0,0,0,0,0
2001,420501,1,1,0,0,0,0,0,0,0,0,0,0
2001,420501,2,1,0,0,0,0,0,0,0,0,0,0
2001,420501,3,1,0,12,0,0,0,0,0,0,0,0
2001,420502,1,1,27,27,27,27,27,27,27,27,27,27
2001,420502,2,1,0,0,0,0,0,0,0,0,0,0
2001,420503,1,1,0,0,0,0,0,0,0,0,0,5
2001,420503,2,1,0,0,0,0,0,0,0,0,0,0
2001,420503,3,1,0,0,0,0,0,0,0,0,0,0
2001,420504,1,1,0,0,0,14,0,0,0,0,0,0
2001,420504,2,1,20,0,0,0,0,0,0,0,16,0
2001,420504,3,1,1,1,1,1,1,1,1,1,1,1
2001,420505,1,1,15,15,15,15,15,15,15,15,15,15
2001,420506,1,1,0,0,0,0,0,0,0,0,0,0
2001,420506,2,1,0,0,0,0,0,0,0,0,0,0
2001,420506,3,1,0,0,0,0,0,0,0,0,0,0
2001,420507,1,1,0,0,0,0,0,0,0,0,0,0
2001,420507,2,1,0,0,0,0,0,0,0,0,0,0
2001,420508,1,1,0,0,0,0,0,18,0,5,11,0
2001,420508,2,1,0,0,0,6,0,0,0,0,0,0
2001,420509,1,1,0,0,0,0,0,0,0,0,2,0
2001,420509,2,1,0,0,0,0,0,0,0,0,0,18
2001,420510,1,1,0,0,0,0,0,0,0,0,0,0
2001,420510,2,1,0,0,0,0,0,0,0,0,0,0
2001,420511,1,1,0,0,0,0,0,0,0,0,0,0
2001,420512,1,1,17,17,17,17,17,17,17,17,17,17
2001,420513,1,1,0,0,0,0,0,0,0,0,0,0
2001,420513,2,1,0,0,0,0,0,0,0,0,0,0
2001,420514,1,1,20,20,20,20,20,20,20,20,20,20
2001,420515,0,1,0,0,0,0,0,0,0,0,0,0
2001,420515,1,1,16,16,16,16,16,16,16,16,16,16
2001,420516,1,1,0,4,0,0,0,0,8,0,0,0
2001,420517,0,1,0,0,0,0,0,0,0,0,0,0
2001,420517,1,1,0,11,0,0,0,0,0,0,0,0
2001,420518,1,1,0,0,0,0,0,0,0,0,0,0
2001,420518,2,1,2,2,2,2,2,2,2,2,2,2
2001,420519,1,1,0,0,0,0,0,0,0,2,10,0
2001,420520,1,1,11,11,11,11,11,11,11,11,11,11
2001,420521,2,1,0,0,0,0,0,0,0,0,0,0
2001,420522,0,1,0,0,0,0,0,0,0,0,0,0
2001,420522,1,1,6,6,6,6,6,6,6,6,6,6
2001,420523,1,1,4,4,4,4,4,4,4,4,4,4
2001,420524,0,1,0,0,0,0,0,0,0,0,0,0
2001,420524,1,1,0,0,0,0,0,21,0,0,0,0
2001,420525,1,1,17,17,17,17,17,17,17,17,17,17
2001,420525,2,1,0,0,0,0,0,0,0,12,0,0
2001,420526,1,1,0,0,0,0,0,0,0,0,0,0
2001,420526,2,1,0,0,0,0,0,0,0,0,0,0
2001,420526,3,1,0,0,0,0,0,0,0,0,0,0
2001,420527,1,1,0,0,0,0,0,0,0,0,0,0
2001,420528,1,1,0,0,0,0,0,0,0,0,0,0
2001,420529,1,1,11,0,10,0,0,0,0,0,0,0
2001,420530,1,1,0,0,0,0,0,0,0,0,0,0
2001,420530,2,1,0,0,0,0,0,0,0,0,0,0
2001,420530,3,1,0,0,0,0,0,0,0,0,0,0
2001,420531,1,1,0,0,0,0,0,0,0,0,0,0
2001,420532,1,1,0,0,0,0,0,0,0,0,0,0
2001,420532,2,1,0,0,0,0,0,0,0,0,0,0
2001,420532,3,1,0,0,0,0,0,0,0,0,0,0
2001,420532,4,1,0,0,0,0,0,0,0,0,0,0
2001,420532,5,1,0,0,0,0,0,0,0,0,0,0
2001,420533,1,1,0,0,0,0,0,0,0,0,0,0
2001,420533,2,1,0,0,0,0,0,0,0,0,0,0
2001,420534,1,1,0,0,0,0,0,0,0,0,0,0
2001,420534,2,1,0,0,0,0,0,0,0,0,0,0
2001,420535,1,1,18,18,18,18,18,18,18,18,18,18
2001,420536,1,1,7,7,7,7,7,7,7,7,7,7
2001,420537,1,1,0,0,0,0,0,0,0,0,0,0
2001,420538,1,1,14,14,14,14,14,14,14,14,14,14
2001,420539,1,1,16,16,16,16,16,16,16,16,16,16
2001,420540,1,1,4,13,10,12,17,16,4,6,0,11
2001,420540,2,1,12,12,12,12,12,12,12,12,12,12
2001,420540,3,1,0,0,0,0,0,7,0,0,0,0
2001,420540,4,1,0,0,0,0,0,0,0,0,0,0
2001,420541,1,1,0,0,0,0,0,0,0,0,0,0
2001,420541,2,1,0,0,0,0,0,0,0,0,0,0
2001,420542,1,1,0,0,0,0,0,0,0,0,0,0
2001,420542,2,1,0,0,0,0,0,0,0,0,0,0
2001,420543,1,1,0,0,0,0,0,0,0,0,0,0
2001,420544,1,1,0,0,0,0,0,0,0,0,0,0
2001,420544,2,1,0,0,0,0,0,0,0,0,0,0
2001,420545,1,1,0,0,0,0,0,0,0,0,0,0
2001,420546,1,1,23,23,23,23,23,23,23,23,23,23
2001,420547,1,1,0,0,0,0,0,0,0,0,0,0
2001,420547,2,1,0,0,0,0,0,0,0,0,0,0
2001,420547,3,1,0,0,0,0,0,0,0,0,0,0
2001,420548,1,1,0,0,0,0,0,0,0,0,0,0
2001,420549,1,1,7,7,7,7,7,7,7,7,7,7
2001,420550,1,1,0,0,0,0,0,0,0,0,0,0
2001,420550,2,1,0,0,0,0,0,0,0,0,0,0
2001,420551,1,1,0,0,0,0,0,0,0,0,0,0
2001,420551,2,1,0,0,0,0,0,0,8,0,6,0
2001,420552,1,1,0,12,0,0,20,0,14,8,0,15
2001,420553,1,1,22,22,22,22,22,22,22,22,22,22
2001,420554,1,1,0,0,0,0,0,0,0,0,0,0
2001,420555,1,1,0,0,0,0,0,0,0,0,0,0
2001,420555,2,1,0,0,0,0,0,0,0,0,0,0
2001,420556,1,1,0,0,0,0,0,0,0,0,0,0
2001,420557,1,1,4,4,4,4,4,4,4,4,4,4
2001,420558,0,1,0,29,0,0,0,0,0,0,0,0
2001,420558,1,1,0,0,0,0,0,0,0,0,0,0
2001,420559,1,1,27,0,0,0,0,0,0,0,0,0
2001,420559,2,1,0,0,0,0,0,0,0,0,0,0
2001,420560,1,1,14,0,24,15,14,34,7,0,11,0
2001,420561,1,1,14,14,14,14,14,14,14,14,14,14
2001,420561,2,1,0,0,0,0,0,0,0,0,0,0
2001,420562,1,1,0,0,0,0,0,0,0,0,0,0
2001,420562,2,1,0,0,0,0,0,0,0,0,0,0
2001,420563,1,1,29,29,29,29,29,29,29,29,29,29
2001,420563,2,1,0,0,0,0,0,0,0,0,0,0
2001,420564,1,1,0,0,0,0,0,0,0,0,0,0
2001,420565,1,1,0,0,0,0,0,0,0,0,0,0
2001,420565,2,1,1,1,1,1,1,1,1,1,1,1
2001,420565,3,1,0,0,0,0,0,0,0,0,0,0
2001,420565,4,1,0,0,0,0,0,0,0,0,0,0
2001,420566,1,1,20,20,20,20,20,20,20,20,20,20
2001,420566,2,1,0,0,0,0,0,0,0,0,0,0
2001,420567,0,1,0,0,0,0,0,0,0,0,0,0
2001,420567,1,1,0,0,0,0,10,0,0,0,0,0
2001,420568,0,1,0,0,0,0,0,0,0,0,0,0
2001,420568,1,1,0,0,0,7,0,0,0,0,0,0
2001,420569,1,1,0,0,0,0,0,0,0,0,0,0
2001,420569,2,1,0,0,0,0,0,0,0,0,0,0
2001,420570,1,1,26,26,26,26,26,26,26,26,26,26
2001,420570,2,1,0,0,0,0,0,0,0,0,0,0
2001,420571,1,1,0,0,0,0,0,0,0,0,0,0
2001,420571,2,1,0,0,0,0,0,0,0,0,0,0
2001,420572,1,1,0,0,0,0,0,0,0,0,0,0
2001,420572,2,1,0,0,0,0,0,0,0,0,0,0
2001,420573,1,1,0,0,0,0,0,0,0,0,0,0
2001,420574,1,1,0,0,0,0,0,0,0,0,0,0
2001,420575,1,1,0,0,0,0,0,0,0,0,0,0
2001,420576,1,1,0,0,0,0,0,0,0,0,0,0
2001,420576,2,1,0,0,0,0,0,0,0,0,0,0
2001,420576,3,1,0,0,0,0,0,0,0,0,0,0
2001,420577,0,1,0,28,7,0,0,0,0,0,0,0
2001,420577,1,1,0,0,0,0,0,0,0,0,0,0
2001,420578,0,1,0,0,0,0,0,0,6,0,0,0
2001,420578,1,1,0,0,0,0,0,0,0,0,0,0
2001,420579,0,1,0,0,0,0,0,0,0,0,18,7
2001,420579,1,1,0,0,0,0,0,0,0,0,0,0
2001,420580,0,1,0,0,0,0,0,0,0,0,0,0
2001,420580,1,1,0,0,0,0,0,0,0,0,0,0
2001,420581,1,1,19,19,19,19,19,19,19,19,19,19
2001,420582,1,1,0,0,0,0,0,0,6,0,0,0
2001,420583,1,1,0,0,0,0,0,0,0,0,0,0
2001,420583,2,1,0,0,0,0,0,0,0,0,0,0
2001,420584,1,1,0,0,0,0,15,0,0,0,0,0
2001,420585,0,1,0,0,0,0,0,0,0,0,0,0
2001,420585,1,1,0,0,0,0,0,0,0,0,0,0
2001,420586,1,1,0,0,0,0,0,0,0,0,0,0
2001,420586,2,1,0,0,0,0,0,0,0,0,0,0
2001,420587,1,1,14,14,14,14,14,14,14,14,14,14
2001,420588,1,1,22,22,22,22,22,22,22,22,22,22
2001,420589,1,1,0,0,0,0,0,0,0,0,0,0
2001,420589,2,1,0,0,0,0,0,0,0,0,0,0
2001,420589,3,1,0,0,0,0,0,0,0,0,0,0
2001,420590,1,1,0,0,0,0,0,0,0,0,0,0
2001,420590,2,1,0,0,0,0,0,0,0,0,0,0
2001,420591,0,1,0,0,0,0,0,0,0,0,0,0
2001,420591,0,2,0,0,0,0,0,0,0,0,0,0
2001,420591,1,1,0,0,0,0,0,0,0,0,0,0
2001,420592,1,1,27,27,27,27,27,27,27,27,27,27
2001,420592,2,1,0,0,0,0,0,0,0,0,0,0
2001,420593,0,1,17,17,17,17,17,17,17,17,17,17
2001,420593,1,1,17,17,17,17,17,17,17,17,17,17
2001,420594,1,1,1,1,1,1,1,1,1,1,1,1
2001,420595,1,1,0,0,23,6,0,0,23,0,0,14
2001,420595,2,1,0,0,0,0,0,0,0,0,0,0
2001,420596,1,1,24,24,24,24,24,24,24,24,24,24
2001,420597,1,1,8,8,8,8,8,8,8,8,8,8
2001,420597,2,1,0,0,0,0,0,0,0,0,0,0
2001,420598,1,1,0,0,0,0,5,0,0,0,0,0
2001,420598,2,1,0,0,0,0,0,0,0,0,0,0
2001,420599,1,1,17,17,17,17,17,17,17,17,17,17
2001,420600,1,1,0,0,0,0,0,0,0,0,0,0
2001,420601,1,1,0,0,0,0,0,0,0,0,0,0
2001,420601,2,1,0,0,0,0,0,0,0,0,0,0
2001,420602,1,1,18,18,18,18,18,18,18,18,18,18
2001,420602,2,1,0,0,0,0,0,0,0,0,0,0
2001,420603,1,1,18,18,18,18,18,18,18,18,18,18
2001,420603,2,1,0,0,0,0,0,0,0,0,0,0
2001,420604,1,1,0,0,0,0,0,0,0,0,0,0
2001,420604,2,1,0,0,0,0,0,0,0,0,0,0
2001,420605,1,1,9,9,9,9,9,9,9,9,9,9
2001,420606,0,1,0,0,0,0,0,0,0,0,0,0
2001,420606,1,1,21,21,21,21,21,21,21,21,21,21
2001,420607,1,1,0,0,0,0,0,0,0,0,0,0
2001,420607,2,1,0,0,0,0,0,0,0,0,0,0
2001,420608,1,1,0,0,0,0,0,0,0,0,0,0
2001,420608,2,1,0,0,0,0,0,0,0,0,0,0
2001,420609,1,1,14,14,14,14,14,14,14,14,14,14
2001,420610,1,1,0,0,0,0,0,0,0,0,0,0
2001,420610,2,1,0,0,0,0,0,0,0,0,0,0
2001,420611,1,1,0,0,0,0,0,0,0,0,0,0
2001,420612,1,1,0,0,0,9,0,0,0,0,0,0
2001,420612,2,1,0,0,0,0,0,0,0,0,0,0
2001,420613,1,1,0,0,0,0,0,0,0,0,0,0
2001,420613,2,1,0,0,0,0,0,0,0,0,0,0
2001,420614,1,1,12,12,12,12,12,12,12,12,12,12
2001,420614,2,1,3,0,20,21,21,0,9,0,0,16
2001,420615,1,2,6,19,0,11,15,18,12,0,22,10
2001,420616,1,1,18,18,18,18,18,18,18,18,18,18
2001,420617,1,1,0,0,0,0,0,0,0,0,0,0
2001,420618,1,1,15,15,15,15,15,15,15,15,15,15
2001,420619,1,1,25,25,25,25,25,25,25,25,25,25
2001,420619,2,1,0,0,0,23,0,0,0,0,0,0
2001,420619,3,1,0,0,17,0,0,0,0,15,0,0
2001,420619,4,1,0,0,0,7,0,0,0,0,0,0
2001,420620,1,1,0,0,0,0,0,0,0,0,0,0
2001,420621,1,1,19,19,19,19,19,19,19,19,19,19
2001,420622,1,1,0,0,0,0,0,0,16,0,0,0