YEAR,st_case,veh_no,per_no,P1,P2,P3,P4,P5,P6,P7,P8,P9,P10
2001,420623,1,1,0,0,0,0,0,19,0,0,0,0
2001,420624,1,1,39,39,39,39,39,39,39,39,39,39
2001,420624,2,1,0,0,0,0,0,0,0,0,0,0
2001,420625,1,1,10,10,10,10,10,10,10,10,10,10
2001,420626,1,1,0,0,0,0,0,0,0,0,0,0
2001,420626,2,1,0,0,0,6,0,0,0,0,4,0
2001,420627,1,1,0,0,0,0,0,0,0,0,0,0
2001,420627,2,1,0,0,0,0,0,0,0,0,0,0
2001,420628,1,1,0,24,26,0,0,0,14,18,34,5
2001,420629,1,1,12,12,12,12,12,12,12,12,12,12
2001,420630,1,1,23,23,23,23,23,23,23,23,23,23
2001,420631,1,1,0,0,0,0,0,0,0,0,0,0
2001,420631,2,1,0,0,0,0,0,0,0,0,0,0
2001,420632,1,1,15,15,15,15,15,15,15,15,15,15
2001,420632,2,1,0,0,0,0,0,3,0,0,0,0
2001,420633,0,1,20,26,31,0,10,23,27,17,25,0
2001,420633,1,1,0,0,0,0,0,0,0,0,0,0
2001,420634,1,1,10,10,10,10,10,10,10,10,10,10
2001,420635,1,1,0,0,0,0,0,0,0,0,0,0
2001,420635,2,1,0,0,0,0,0,0,0,0,0,0
2001,420636,1,1,0,0,0,0,0,0,0,0,0,0
2001,420637,1,1,10,10,10,10,10,10,10,10,10,10
2001,420638,1,1,0,0,0,0,0,0,0,0,0,0
2001,420638,2,1,0,0,0,0,0,0,0,0,0,0
2001,420638,3,1,0,0,0,0,10,0,0,0,0,0
2001,420639,1,1,10,10,10,10,10,10,10,10,10,10
2001,420639,2,1,0,0,0,0,0,0,0,0,0,0
2001,420640,1,1,0,0,0,0,0,0,0,0,0,0
2001,420641,0,1,16,16,16,16,16,16,16,16,16,16
2001,420641,1,1,0,0,0,0,0,0,0,0,0,0
2001,420642,1,1,0,0,0,0,0,0,0,0,0,0
2001,420642,2,1,0,0,0,0,0,0,0,0,0,0
2001,420643,1,1,14,14,14,14,14,14,14,14,14,14
2001,420643,2,1,0,0,0,0,0,0,0,0,0,0
2001,420644,1,1,0,0,0,0,0,0,0,0,0,0
2001,420645,1,1,0,0,0,0,0,0,0,0,0,0
2001,420646,1,1,0,0,0,0,0,0,0,0,0,0
2001,420646,2,1,0,0,0,0,0,0,0,0,0,0
2001,420646,3,1,0,0,0,0,0,0,0,0,0,0
2001,420647,1,1,0,0,0,0,0,0,0,0,0,0
2001,420647,2,1,0,0,0,0,0,0,0,0,0,0
2001,420648,1,1,10,32,7,11,15,15,13,15,0,7
2001,420649,1,1,0,0,0,0,0,0,0,0,0,0
2001,420650,0,1,0,0,0,0,0,0,0,23,0,0
2001,420650,1,1,0,0,0,0,0,0,0,0,0,0
2001,420651,1,1,0,0,0,0,0,0,0,0,0,0
2001,420652,1,1,0,0,0,0,0,0,0,0,0,0
2001,420652,2,1,0,0,0,0,0,0,0,0,0,0
2001,420652,3,1,0,0,0,0,0,0,0,0,0,0
2001,420653,1,1,5,5,5,5,5,5,5,5,5,5
2001,420654,1,1,0,0,0,0,0,3,8,0,0,0
2001,420654,2,1,0,0,0,0,0,0,0,0,0,0
2001,420655,0,1,0,0,0,0,0,0,0,0,0,0
2001,420655,1,1,0,0,0,0,0,0,0,0,0,0
2001,420656,1,1,0,0,0,0,0,15,0,0,0,0
2001,420657,1,1,19,19,19,19,19,19,19,19,19,19
2001,420658,1,1,14,14,14,14,14,14,14,14,14,14
2001,420659,1,1,14,14,14,14,14,14,14,14,14,14
2001,420660,1,1,14,14,14,14,14,14,14,14,14,14
2001,420660,2,1,0,0,0,0,0,0,0,0,0,0
2001,420661,1,1,12,12,12,12,12,12,12,12,12,12
2001,420662,0,1,0,0,0,0,0,0,0,0,0,0
2001,420662,1,1,0,0,0,0,0,0,0,0,0,0
2001,420663,1,1,0,0,0,0,0,0,0,0,0,0
2001,420663,2,1,0,0,0,0,0,0,0,0,0,0
2001,420664,1,1,0,0,0,0,0,0,0,0,0,0
2001,420664,2,1,0,0,0,0,0,0,0,0,0,0
2001,420665,1,1,16,16,16,16,16,16,16,16,16,16
2001,420666,1,1,15,0,18,29,25,20,21,0,5,13
2001,420666,2,1,0,0,0,0,6,0,0,0,0,0
2001,420667,1,1,0,0,0,0,0,0,0,0,0,0
2001,420667,2,1,0,0,19,13,0,0,0,0,0,5
2001,420668,1,1,17,17,17,17,17,17,17,17,17,17
2001,420668,2,1,0,0,0,0,0,0,0,0,0,0
2001,420669,1,1,16,16,16,16,16,16,16,16,16,16
2001,420670,1,1,12,0,7,25,0,2,0,0,0,0
2001,420671,0,1,0,0,0,0,0,0,0,0,0,0
2001,420671,1,1,0,0,0,0,0,0,0,0,0,8
2001,420672,1,1,0,0,0,0,0,0,0,0,0,0
2001,420672,2,1,0,0,0,0,0,0,14,0,11,0
2001,420673,0,1,0,0,0,0,0,0,0,0,0,0
2001,420673,1,1,9,9,9,9,9,9,9,9,9,9
2001,420674,1,1,17,17,17,17,17,17,17,17,17,17
2001,420675,1,1,21,21,21,21,21,21,21,21,21,21
2001,420676,1,1,17,17,17,17,17,17,17,17,17,17
2001,420677,1,1,12,12,12,12,12,12,12,12,12,12
2001,420677,2,1,0,0,0,0,0,0,0,0,0,0
2001,420677,3,1,0,0,0,0,0,0,0,0,0,0
2001,420678,1,1,23,7,29,11,0,10,24,23,6,24
2001,420679,1,1,11,11,11,11,11,11,11,11,11,11
2001,420680,1,1,0,0,0,0,0,0,0,0,0,0
2001,420680,2,1,0,0,0,0,0,0,0,0,0,0
2001,420681,1,1,18,11,6,8,15,14,20,16,13,16
2001,420682,1,1,0,0,0,0,0,0,0,0,0,0
2001,420682,2,1,0,0,0,0,0,0,0,0,0,0
2001,420683,0,1,0,0,0,0,0,0,0,0,0,0
2001,420683,1,1,0,0,0,0,0,0,0,0,0,0
2001,420684,1,1,0,0,0,0,0,0,0,0,0,0
2001,420685,1,1,8,8,8,8,8,8,8,8,8,8
2001,420686,1,1,0,0,0,0,0,0,0,0,0,0
2001,420686,2,1,0,0,0,0,0,0,0,0,0,0
2001,420687,0,1,22,0,0,0,0,16,0,0,0,0
2001,420687,1,1,0,0,0,0,0,0,0,0,0,0
2001,420688,1,1,0,0,0,0,0,0,0,0,0,0
2001,420688,2,1,28,0,0,0,0,26,0,0,0,0
2001,420689,1,1,0,0,0,0,0,0,0,0,0,0
2001,420690,1,1,0,0,0,0,0,0,0,0,15,0
2001,420690,2,1,0,0,0,0,0,0,0,0,0,0
2001,420691,1,1,2,2,2,2,2,2,2,2,2,2
2001,420692,1,1,15,15,15,15,15,15,15,15,15,15
2001,420692,2,1,0,0,0,0,0,0,0,0,0,0
2001,420693,1,1,12,12,12,12,12,12,12,12,12,12
2001,420694,1,1,0,0,0,0,0,0,0,0,0,0
2001,420694,2,1,5,12,10,22,14,10,6,3,8,11
2001,420695,1,1,0,0,0,0,0,0,0,0,0,0
2001,420695,2,1,0,0,0,0,0,0,0,0,0,0
2001,420696,1,1,0,0,0,0,0,0,0,0,0,0
2001,420697,1,1,26,26,26,26,26,26,26,26,26,26
2001,420698,1,1,0,0,0,0,0,0,0,0,0,0
2001,420699,1,1,3,3,3,3,3,3,3,3,3,3
2001,420699,2,1,0,0,0,0,0,0,0,0,0,0
2001,420700,1,1,5,15,0,0,0,0,0,14,4,3
2001,420700,2,1,0,0,0,0,0,0,0,0,0,0
2001,420701,1,1,0,0,0,0,9,0,23,16,20,0
2001,420701,2,1,0,0,0,15,0,0,0,0,0,0
2001,420702,1,1,0,31,5,22,0,0,0,21,10,0
2001,420703,1,1,0,0,0,0,0,0,0,0,0,0
2001,420703,2,1,0,0,0,0,0,0,0,0,0,0
2001,420704,1,1,0,0,17,0,0,0,0,19,0,19
2001,420705,1,1,0,0,0,0,0,0,0,0,0,0
2001,420706,1,1,17,17,17,17,17,17,17,17,17,17
2001,420706,2,1,0,0,0,0,0,0,0,0,0,0
2001,420707,1,1,0,0,13,15,9,13,18,0,0,21
2001,420707,2,1,0,0,0,0,0,0,0,10,0,0
2001,420708,1,1,17,17,17,17,17,17,17,17,17,17
2001,420709,1,1,8,13,33,6,31,0,0,18,6,0
2001,420710,0,1,0,0,0,0,0,0,0,0,0,26
2001,420710,1,1,0,0,0,0,0,0,0,0,0,0
2001,420711,1,1,0,0,0,0,0,0,0,0,0,0
2001,420712,1,1,0,0,0,0,0,0,12,0,0,0
2001,420712,2,1,0,0,0,0,0,0,0,0,0,0
2001,420713,1,1,13,13,13,13,13,13,13,13,13,13
2001,420714,1,1,25,25,25,25,25,25,25,25,25,25
2001,420714,2,1,0,0,31,0,0,0,0,0,0,0
2001,420715,1,1,0,0,0,0,0,0,0,0,0,0
2001,420716,1,1,0,0,0,0,0,0,0,0,0,0
2001,420716,2,1,12,12,12,12,12,12,12,12,12,12
2001,420717,1,1,0,0,0,0,0,0,0,0,0,0
2001,420718,0,1,0,0,0,0,0,0,0,0,0,0
2001,420718,1,1,12,0,0,0,0,0,0,0,0,0
2001,420719,1,1,24,24,24,24,24,24,24,24,24,24
2001,420719,2,1,0,0,0,0,0,0,0,0,0,0
2001,420720,1,1,10,32,20,17,21,5,23,25,18,22
2001,420721,1,1,0,0,0,0,0,0,0,0,0,0
2001,420722,1,1,0,0,0,0,0,0,0,0,0,0
2001,420723,1,1,0,0,0,0,0,0,0,0,0,0
2001,420723,2,1,0,0,0,0,0,0,0,0,0,0
2001,420724,1,1,0,0,0,0,0,0,0,0,0,0
2001,420724,2,1,0,0,0,0,0,0,0,0,0,0
2001,420725,1,1,0,0,0,0,0,0,0,0,0,0
2001,420725,2,1,0,0,0,0,0,0,0,0,0,0
2001,420726,1,1,20,20,20,20,20,20,20,20,20,20
2001,420727,1,1,0,0,0,0,0,0,0,0,0,0
2001,420727,2,1,0,0,0,0,0,0,0,0,0,0
2001,420728,1,1,18,18,18,18,18,18,18,18,18,18
2001,420729,1,1,0,0,0,0,0,0,0,0,0,0
2001,420729,2,1,0,0,17,0,0,0,0,0,0,13
2001,420730,1,1,0,0,0,0,0,0,0,0,0,0
2001,420731,1,1,0,0,0,0,0,0,0,0,0,0
2001,420732,1,1,15,15,15,15,15,15,15,15,15,15
2001,420732,2,1,0,0,0,0,7,0,0,0,0,0
2001,420733,1,1,14,14,14,14,14,14,14,14,14,14
2001,420733,2,1,20,20,20,20,20,20,20,20,20,20
2001,420734,1,1,0,0,0,0,0,0,0,0,0,0
2001,420734,2,1,0,0,0,0,0,0,0,0,0,0
2001,420735,1,1,8,8,8,8,8,8,8,8,8,8
2001,420735,2,1,0,0,0,0,0,0,0,0,0,0
2001,420736,1,1,0,0,0,0,0,0,0,0,0,0
2001,420736,2,1,0,0,0,0,0,0,0,0,0,0
2001,420737,1,1,0,0,0,0,0,0,0,0,0,0
2001,420737,2,1,0,0,0,0,0,0,0,0,0,0
2001,420738,0,1,12,26,15,0,21,25,26,37,0,38
2001,420738,1,1,12,10,3,9,9,11,15,10,22,13
2001,420739,1,1,0,0,0,0,0,0,0,0,0,0
2001,420739,2,1,0,0,0,0,0,0,0,0,0,0
2001,420740,1,1,0,0,14,0,0,0,0,0,0,0
2001,420740,2,1,0,0,0,0,0,0,0,0,0,0
2001,420741,1,1,25,25,25,25,25,25,25,25,25,25
2001,420742,1,1,0,0,0,0,0,0,0,0,0,0
2001,420742,2,1,0,0,0,0,0,0,0,0,0,0
2001,420742,3,1,0,0,0,0,0,0,0,0,0,0
2001,420742,4,1,0,0,0,0,0,0,0,0,0,0
2001,420743,1,1,23,23,23,23,23,23,23,23,23,23
2001,420744,0,1,0,0,0,0,0,0,0,0,4,0
2001,420744,1,1,10,28,0,0,0,21,0,12,11,15
2001,420745,1,1,0,0,0,0,0,0,0,0,0,0
2001,420745,2,1,0,0,0,0,0,0,0,0,0,0
2001,420746,1,1,16,16,16,16,16,16,16,16,16,16
2001,420747,1,1,0,0,0,0,0,0,0,0,0,0
2001,420748,0,1,0,0,0,0,0,0,0,0,0,0
2001,420748,1,1,0,0,0,0,0,21,0,0,7,0
2001,420748,2,1,0,0,0,0,0,0,0,0,0,0
2001,420749,1,1,19,19,19,19,19,19,19,19,19,19
2001,420750,1,1,0,0,0,0,0,0,0,0,0,0
2001,420750,2,1,0,0,0,0,0,9,0,0,0,0
2001,420751,1,1,5,5,5,5,5,5,5,5,5,5
2001,420752,1,1,19,19,19,19,19,19,19,19,19,19
2001,420753,1,1,0,0,0,0,0,0,0,0,0,0
2001,420753,2,1,0,0,0,0,0,0,0,0,0,0
2001,420754,0,1,0,0,0,0,0,0,0,0,0,0
2001,420754,1,1,0,0,0,10,8,0,0,0,0,0
2001,420755,1,1,0,0,0,0,0,0,0,0,0,0
2001,420755,2,1,0,0,0,0,2,0,0,0,0,0
2001,420756,2,1,0,0,0,0,0,0,0,0,0,0
2001,420757,1,1,0,0,0,0,0,0,0,0,0,0
2001,420757,2,1,0,0,0,0,0,0,0,0,0,0
2001,420758,1,1,0,0,0,0,0,0,0,0,0,9
2001,420758,2,1,0,0,0,0,0,0,0,0,0,0
2001,420759,0,1,0,0,0,0,0,0,0,0,0,0
2001,420759,1,1,13,4,4,0,0,6,13,0,0,7
2001,420760,1,1,23,23,23,23,23,23,23,23,23,23
2001,420761,0,1,0,0,0,0,0,0,0,0,0,0
2001,420761,1,1,0,0,0,0,0,0,0,0,0,0
2001,420762,1,1,0,0,0,0,0,0,0,0,0,0
2001,420762,2,1,0,0,0,0,0,0,0,0,0,0
2001,420763,1,1,0,0,0,0,0,0,0,0,0,0
2001,420763,2,1,0,0,0,0,0,0,0,0,0,0
2001,420764,1,1,0,0,0,0,0,0,0,0,0,0
2001,420765,1,1,0,0,0,0,0,0,0,0,0,0
2001,420765,2,1,0,0,0,0,0,0,0,0,0,0
2001,420766,1,1,0,0,0,0,0,0,0,0,0,0
2001,420767,1,1,22,22,22,22,22,22,22,22,22,22
2001,420768,1,1,0,0,0,0,0,0,0,0,0,0
2001,420769,1,1,0,0,0,0,0,0,0,0,0,0
2001,420770,1,1,0,0,0,0,0,0,0,0,0,0
2001,420771,1,1,22,22,22,22,22,22,22,22,22,22
2001,420772,1,1,29,24,23,8,17,0,29,17,13,0
2001,420773,1,1,0,0,0,0,0,0,0,0,0,0
2001,420773,2,1,0,0,0,0,0,0,0,0,0,0
2001,420774,1,1,12,12,12,12,12,12,12,12,12,12
2001,420774,2,1,0,0,0,0,0,0,0,0,0,0
2001,420775,1,1,0,0,0,0,0,0,0,0,0,0
2001,420775,2,1,0,0,0,0,0,0,0,0,0,0
2001,420775,3,1,11,15,0,0,15,20,0,13,0,0
2001,420776,0,1,10,0,16,0,0,0,0,11,16,19
2001,420776,1,1,0,0,0,0,0,0,0,0,0,0
2001,420777,1,1,0,0,0,0,0,0,0,0,23,0
2001,420778,1,1,26,26,26,26,26,26,26,26,26,26
2001,420779,1,1,23,23,23,23,23,23,23,23,23,23
2001,420779,2,1,0,0,0,0,0,0,0,0,0,0
2001,420780,1,1,0,0,0,0,0,0,0,0,0,0
2001,420780,2,1,0,9,0,0,0,0,0,0,0,0
2001,420781,1,1,9,9,9,9,9,9,9,9,9,9
2001,420781,2,1,27,0,0,0,18,0,0,0,0,20
2001,420782,1,1,0,0,0,0,0,0,0,0,0,0
2001,420782,2,1,0,0,0,0,0,0,0,0,0,0
2001,420783,1,1,0,0,0,0,0,0,0,0,0,0
2001,420783,2,1,0,0,0,0,0,0,0,0,0,17
2001,420783,3,1,0,0,0,0,0,0,0,0,0,0
2001,420783,4,1,0,0,0,0,0,0,0,0,0,0
2001,420784,0,1,0,0,0,0,0,0,0,0,0,0
2001,420784,1,1,20,20,20,20,20,20,20,20,20,20
2001,420784,2,1,0,0,0,0,0,0,0,0,0,0
2001,420785,1,1,0,0,0,0,0,0,0,0,0,0
2001,420786,1,1,24,24,24,24,24,24,24,24,24,24
2001,420787,1,1,0,0,0,0,0,0,0,0,0,0
2001,420787,2,1,0,0,0,0,0,0,0,0,0,0
2001,420788,1,1,10,10,10,10,10,10,10,10,10,10
2001,420789,1,1,0,0,0,0,0,0,0,0,0,0
2001,420789,2,1,0,0,0,0,0,0,0,0,0,0
2001,420790,1,1,0,0,0,0,0,0,0,0,0,0
2001,420790,2,1,0,0,0,0,0,0,0,0,0,0
2001,420791,1,1,27,27,27,27,27,27,27,27,27,27
2001,420792,0,1,0,0,0,0,0,0,0,0,0,0
2001,420792,1,1,0,0,0,0,0,0,0,0,0,0
2001,420793,1,1,0,0,0,0,0,0,0,0,0,0
2001,420793,2,1,0,0,0,0,0,0,0,0,0,0
2001,420793,3,1,0,0,0,0,0,0,0,0,0,0
2001,420794,1,1,0,0,0,0,0,0,0,0,0,0
2001,420794,2,1,0,0,0,0,0,0,0,0,0,0
2001,420795,1,1,0,0,0,0,0,0,0,0,0,0
2001,420796,1,1,17,17,17,17,17,17,17,17,17,17
2001,420797,1,1,0,0,0,0,0,0,0,0,0,0
2001,420797,2,1,0,0,0,0,0,0,0,0,0,0
2001,420798,1,1,17,17,17,17,17,17,17,17,17,17
2001,420799,1,1,0,0,0,0,0,0,0,0,0,0
2001,420800,1,1,22,22,22,22,22,22,22,22,22,22
2001,420801,0,1,0,0,0,0,0,0,0,0,0,0
2001,420801,1,1,0,0,0,0,0,0,0,0,0,0
2001,420802,0,1,0,0,0,0,0,0,0,0,0,0
2001,420802,1,1,0,0,0,0,0,0,0,0,0,0
2001,420804,1,1,0,0,0,0,0,0,0,0,0,0
2001,420805,1,1,0,0,0,0,0,0,0,0,0,0
2001,420805,2,1,0,0,0,0,0,0,0,0,0,0
2001,420806,1,1,15,15,15,15,15,15,15,15,15,15
2001,420807,1,1,0,0,0,0,0,0,0,0,0,0
2001,420807,2,1,0,0,0,0,0,0,0,0,0,0
2001,420808,1,1,19,14,0,29,12,12,13,29,45,15
2001,420809,0,1,0,28,0,0,40,28,0,14,16,0
2001,420809,1,1,26,26,26,26,26,26,26,26,26,26
2001,420810,1,1,0,0,0,0,0,0,0,0,0,0
2001,420810,2,1,0,0,0,0,0,0,0,0,0,0
2001,420811,1,1,0,0,0,0,0,0,0,0,0,0
2001,420811,2,1,0,0,0,0,0,0,0,0,0,0
2001,420812,1,1,0,0,0,4,0,0,0,0,0,0
2001,420812,2,1,0,0,0,0,0,0,0,0,0,0
2001,420813,0,1,0,0,0,0,0,0,0,0,20,0
2001,420813,1,1,0,0,0,0,0,0,0,0,2,0
2001,420814,1,1,0,0,0,0,0,0,0,0,0,0
2001,420814,2,1,7,0,0,14,0,0,13,0,0,0
2001,420815,1,1,0,0,0,0,0,0,0,0,0,0
2001,420815,2,1,0,0,0,0,0,0,0,0,0,0
2001,420816,1,1,12,12,12,12,12,12,12,12,12,12
2001,420817,1,1,0,0,0,0,0,0,0,0,0,0
2001,420819,0,1,0,0,0,0,0,0,0,0,0,0
2001,420819,1,1,0,0,0,0,0,0,0,0,0,0
2001,420820,1,1,21,21,21,21,21,21,21,21,21,21
2001,420820,2,1,0,0,0,0,0,0,0,0,0,0
2001,420821,1,1,0,0,0,0,0,0,0,0,0,0
2001,420821,2,1,0,0,0,0,0,0,0,0,0,0
2001,420822,0,1,0,0,0,0,0,0,0,0,0,0
2001,420822,1,1,0,0,0,0,11,0,0,0,0,0
2001,420823,1,1,0,0,0,0,0,0,0,0,0,0
2001,420824,1,1,0,0,0,0,0,14,0,0,0,0
2001,420825,1,1,0,0,0,0,0,0,0,0,0,0
2001,420825,2,1,0,0,0,0,0,0,0,0,0,0
2001,420826,1,1,24,24,24,24,24,24,24,24,24,24
2001,420826,2,1,0,0,0,0,0,0,0,0,0,0
2001,420827,0,1,11,11,11,11,11,11,11,11,11,11
2001,420827,1,1,0,0,0,0,0,0,0,0,0,0
2001,420828,1,1,10,10,10,10,10,10,10,10,10,10
2001,420829,0,1,0,0,0,0,0,0,0,0,0,0
2001,420829,1,1,3,3,3,3,3,3,3,3,3,3
2001,420830,0,1,0,0,0,0,0,0,0,0,0,0
2001,420830,1,1,0,0,0,0,0,0,0,0,0,0
2001,420831,1,1,0,0,0,0,0,0,0,0,0,0
2001,420831,2,1,12,0,0,0,0,0,0,0,0,0
2001,420832,1,1,0,0,0,0,0,0,14,0,0,0
2001,420833,1,1,0,0,0,0,0,0,0,0,0,0
2001,420833,2,1,0,0,0,0,0,0,0,0,0,0
2001,420834,1,1,10,10,10,10,10,10,10,10,10,10
2001,420835,1,1,24,24,24,24,24,24,24,24,24,24
2001,420836,1,1,17,17,17,17,17,17,17,17,17,17
2001,420837,1,1,0,0,0,0,0,0,0,0,0,0
2001,420837,2,1,0,0,0,0,0,0,0,0,0,0
2001,420838,1,1,0,0,0,0,0,0,0,0,0,0
2001,420838,2,1,0,0,0,0,0,0,0,0,0,0
2001,420839,1,1,0,16,0,0,0,0,0,0,0,0
2001,420839,2,1,0,0,0,0,0,0,0,0,0,0
2001,420839,3,1,0,0,0,0,0,0,0,0,0,0
2001,420840,1,1,1,1,1,1,1,1,1,1,1,1
2001,420841,1,1,0,0,0,0,0,0,0,0,0,0
2001,420841,2,1,0,0,0,0,0,0,0,0,0,0
2001,420841,3,1,0,0,0,0,0,0,0,0,0,0
2001,420842,1,1,0,0,0,0,0,0,0,0,0,0
2001,420843,1,1,0,0,0,0,0,0,0,0,0,0
2001,420843,2,1,0,0,0,0,0,0,0,0,0,0
2001,420844,0,1,0,0,0,0,0,0,0,17,0,0
2001,420844,1,1,0,0,0,0,0,0,0,0,0,0
2001,420845,1,1,20,20,20,20,20,20,20,20,20,20
2001,420846,0,1,23,23,23,23,23,23,23,23,23,23
2001,420846,1,1,0,0,0,0,0,0,0,0,0,0
2001,420847,1,1,10,10,10,10,10,10,10,10,10,10
2001,420848,1,1,0,0,31,14,8,9,0,0,0,0
2001,420849,1,1,11,0,0,0,0,0,0,0,0,0
2001,420850,1,1,21,21,21,21,21,21,21,21,21,21
2001,420851,1,1,14,14,14,14,14,14,14,14,14,14
2001,420852,1,1,17,17,17,17,17,17,17,17,17,17
2001,420853,1,1,0,0,0,0,0,0,0,0,0,0
2001,420853,2,1,0,0,0,0,0,0,0,0,0,0
2001,420854,1,1,0,0,0,0,0,0,12,0,0,0
2001,420854,2,1,0,0,0,0,0,0,0,0,0,0
2001,420855,1,1,0,0,0,0,0,0,0,0,0,0
2001,420855,2,1,0,0,0,0,0,0,0,0,0,0
2001,420856,0,1,23,23,23,23,23,23,23,23,23,23
2001,420856,1,1,0,0,0,0,0,0,0,0,0,0
2001,420857,1,1,0,0,0,0,0,0,0,0,0,10
2001,420857,2,1,0,0,0,0,0,0,0,0,0,0
2001,420858,1,1,0,10,11,9,15,9,11,4,10,26
2001,420858,2,1,0,0,0,0,0,0,0,0,0,0
2001,420859,1,1,0,0,15,0,0,0,0,0,0,0
2001,420860,0,1,28,28,28,28,28,28,28,28,28,28
2001,420860,1,1,29,29,29,29,29,29,29,29,29,29
2001,420861,1,1,7,7,7,7,7,7,7,7,7,7
2001,420862,1,1,27,27,27,27,27,27,27,27,27,27
2001,420863,1,1,0,0,0,0,0,0,0,0,0,0
2001,420863,2,1,0,0,0,0,0,0,0,0,0,0
2001,420864,1,1,0,0,0,0,0,0,0,0,0,0
2001,420864,2,1,0,0,0,0,0,0,0,0,0,0
2001,420864,3,1,0,0,0,0,0,0,0,0,0,0
2001,420865,1,1,0,0,0,0,0,0,0,0,0,0
2001,420865,2,1,0,0,0,0,12,0,0,0,0,0
2001,420866,1,1,0,0,0,0,0,0,0,0,0,0
2001,420867,1,1,4,22,19,11,14,10,22,6,5,13
2001,420868,1,1,0,0,0,0,0,0,0,0,0,0
2001,420868,2,1,0,0,0,0,0,19,0,12,0,0
2001,420869,1,1,21,21,21,21,21,21,21,21,21,21
2001,420869,2,1,0,17,0,0,0,0,0,13,28,0
2001,420870,1,1,24,24,24,24,24,24,24,24,24,24
2001,420871,1,1,0,0,0,0,0,0,0,7,0,0
2001,420872,1,1,0,0,0,0,0,0,0,0,0,0
2001,420872,2,1,0,0,0,0,0,0,0,0,0,0
2001,420873,1,1,0,0,0,0,0,0,0,0,0,0
2001,420873,2,1,0,0,0,0,23,0,16,17,26,0
2001,420874,0,1,0,0,0,0,0,0,0,0,0,0
2001,420874,1,1,0,0,0,0,0,0,0,0,0,0
2001,420875,1,1,0,0,0,0,0,0,0,0,0,0
2001,420876,1,1,0,0,0,0,0,0,0,0,0,0
2001,420877,1,1,19,24,3,18,10,13,0,0,15,11
2001,420877,2,1,0,21,0,0,3,0,0,0,10,0
2001,420878,0,1,30,0,0,0,0,0,0,15,0,0
2001,420878,1,1,0,0,0,0,0,0,0,0,6,0
2001,420879,0,1,0,0,0,0,0,0,0,0,0,0
2001,420879,1,1,0,0,0,0,0,0,0,0,0,0
2001,420880,1,1,23,23,23,23,23,23,23,23,23,23
2001,420881,1,1,0,0,0,0,0,0,0,0,0,0
2001,420881,2,1,0,0,0,0,0,0,0,0,0,0
2001,420882,1,1,1,1,1,1,1,1,1,1,1,1
2001,420883,0,1,0,0,0,0,0,0,0,0,0,0
2001,420883,1,1,0,10,0,0,0,0,0,0,0,0
2001,420884,1,1,23,23,23,23,23,23,23,23,23,23
2001,420885,1,1,11,11,11,11,11,11,11,11,11,11
2001,420886,1,1,3,3,3,3,3,3,3,3,3,3
2001,420886,2,1,0,0,0,17,7,0,0,0,4,0
2001,420887,0,1,0,0,34,0,0,0,0,0,0,0
2001,420887,1,1,0,0,0,0,0,0,0,0,0,0
2001,420888,0,1,0,0,0,0,0,0,0,0,0,0
2001,420888,1,1,17,0,0,16,0,0,0,0,0,0
2001,420889,1,1,0,0,0,0,0,0,0,0,0,0
2001,420889,2,1,0,0,0,0,0,0,0,0,0,0
2001,420890,1,1,0,0,0,0,0,0,0,0,0,0
2001,420890,2,1,0,0,0,0,0,0,0,0,0,0
2001,420890,3,1,8,0,0,0,9,0,0,0,0,0
2001,420892,0,1,19,19,19,19,19,19,19,19,19,19
2001,420892,1,1,0,0,4,0,0,0,0,0,0,19
2001,420893,1,1,0,0,26,0,0,13,0,0,0,10
2001,420893,2,1,0,0,0,0,0,0,0,0,0,0
2001,420894,1,1,0,0,0,0,0,0,0,0,0,0
2001,420895,0,1,0,0,0,9,0,0,0,0,0,0
2001,420895,1,1,0,0,0,0,0,0,0,0,0,0
2001,420896,1,1,0,0,0,0,0,0,0,0,0,7
2001,420897,1,1,0,0,19,0,20,0,21,12,24,33
2001,420898,1,1,0,0,0,0,0,0,0,0,75,0
2001,420898,2,1,0,0,0,0,0,0,0,0,0,0
2001,420899,1,1,2,2,2,2,2,2,2,2,2,2
2001,420900,1,1,12,0,18,15,6,0,0,10,27,14
2001,420902,1,1,0,0,0,0,0,0,0,0,14,0
2001,420902,2,1,0,0,0,0,0,0,0,0,0,0
2001,420903,1,1,0,0,0,0,0,0,0,0,0,0
2001,420904,0,1,0,0,0,0,0,0,0,0,0,0
2001,420904,0,2,5,5,5,5,5,5,5,5,5,5
2001,420904,0,3,0,0,0,7,35,0,0,0,0,0
2001,420904,1,1,2,2,2,2,2,2,2,2,2,2
2001,420905,1,1,0,26,0,21,0,0,3,16,16,13
2001,420906,1,1,21,21,21,21,21,21,21,21,21,21
2001,420906,2,1,0,0,0,0,4,0,0,0,0,0
2001,420907,1,1,0,0,0,0,0,0,0,0,0,0