YEAR,st_case,veh_no,per_no,P1,P2,P3,P4,P5,P6,P7,P8,P9,P10
2001,420907,2,1,0,0,0,0,0,0,0,0,0,0
2001,420908,1,1,15,15,15,15,15,15,15,15,15,15
2001,420908,2,1,0,0,0,0,0,0,0,0,0,0
2001,420909,1,1,0,0,0,0,0,0,0,0,0,0
2001,420910,1,1,9,9,9,9,9,9,9,9,9,9
2001,420911,1,1,10,0,15,0,0,0,0,0,0,0
2001,420911,2,1,0,0,0,0,0,0,0,0,0,0
2001,420912,1,1,0,0,0,0,0,0,0,0,0,0
2001,420912,2,1,0,0,0,0,19,3,0,0,0,0
2001,420913,1,1,0,0,0,0,0,0,0,0,0,0
2001,420913,2,1,0,0,0,0,0,0,0,0,0,0
2001,420914,1,1,0,0,0,0,0,0,0,0,0,0
2001,420915,1,1,30,8,20,11,11,11,19,8,0,15
2001,420915,2,1,0,0,0,0,0,0,0,0,0,0
2001,420916,1,1,18,18,18,18,18,18,18,18,18,18
2001,420917,1,1,22,22,22,22,22,22,22,22,22,22
2001,420918,1,1,18,0,12,0,0,0,0,0,0,0
2001,420919,1,1,0,0,0,0,0,0,0,0,0,0
2001,420920,1,1,0,0,0,0,0,0,0,0,0,0
2001,420921,1,1,0,0,0,0,0,0,0,0,0,0
2001,420921,2,1,0,0,0,8,0,0,13,0,0,0
2001,420922,1,1,1,1,1,1,1,1,1,1,1,1
2001,420923,1,1,0,0,0,0,0,0,0,0,0,0
2001,420924,0,1,0,0,0,0,0,0,0,0,0,0
2001,420924,1,1,0,0,0,0,0,0,0,0,0,0
2001,420925,1,1,0,0,0,0,0,0,0,0,0,0
2001,420925,2,1,0,0,0,0,0,0,0,0,0,0
2001,420926,1,1,0,0,0,0,0,0,0,0,0,0
2001,420926,2,1,0,0,12,0,0,0,37,0,0,0
2001,420927,1,1,0,0,0,0,0,0,0,0,0,0
2001,420927,2,1,0,0,0,0,0,0,0,0,0,0
2001,420928,1,1,0,0,0,0,0,0,0,0,0,0
2001,420928,2,1,0,0,0,0,0,0,0,0,0,0
2001,420929,1,1,0,0,0,0,0,0,0,0,0,0
2001,420929,2,1,0,0,0,0,0,0,0,0,0,0
2001,420930,0,1,0,0,0,0,0,0,18,0,0,0
2001,420930,1,1,0,0,0,0,0,0,0,0,0,0
2001,420931,1,1,0,0,0,0,0,0,0,0,0,0
2001,420932,1,1,0,0,0,0,0,0,0,0,0,0
2001,420933,1,1,0,0,0,0,0,0,0,0,0,0
2001,420934,1,1,22,22,22,22,22,22,22,22,22,22
2001,420935,1,1,0,0,0,0,0,0,0,0,0,0
2001,420935,2,1,3,3,3,3,3,3,3,3,3,3
2001,420935,3,1,0,0,0,0,0,0,0,0,0,0
2001,420935,4,1,0,0,0,0,0,0,0,0,0,0
2001,420936,1,1,22,22,22,22,22,22,22,22,22,22
2001,420937,1,1,0,0,0,0,0,0,0,0,0,0
2001,420938,1,1,0,0,0,0,0,0,0,0,0,0
2001,420938,2,1,0,0,0,0,0,0,0,0,0,0
2001,420938,3,1,0,0,0,0,0,0,0,0,0,0
2001,420939,1,1,6,6,6,6,6,6,6,6,6,6
2001,420939,2,1,0,0,0,0,0,0,0,0,0,0
2001,420940,1,1,11,11,11,11,11,11,11,11,11,11
2001,420941,1,1,24,24,24,24,24,24,24,24,24,24
2001,420942,1,1,0,0,0,0,0,0,0,0,0,0
2001,420942,2,1,0,0,0,0,0,5,0,0,0,0
2001,420943,1,1,21,0,0,0,0,0,0,0,0,0
2001,420943,2,1,0,0,0,0,5,0,12,0,0,0
2001,420944,1,1,0,0,0,0,0,0,0,0,0,0
2001,420945,1,1,0,0,0,0,0,0,0,0,0,0
2001,420945,2,1,0,0,0,12,0,0,0,0,0,0
2001,420946,1,1,0,0,0,0,0,0,0,0,0,0
2001,420946,2,1,0,0,0,0,0,0,0,0,0,0
2001,420947,1,1,0,0,0,0,0,0,0,0,0,0
2001,420948,1,1,23,23,23,23,23,23,23,23,23,23
2001,420949,1,1,0,0,0,0,0,0,0,0,0,0
2001,420950,1,1,8,8,8,8,8,8,8,8,8,8
2001,420950,2,1,0,6,0,0,0,0,0,0,0,0
2001,420950,3,1,23,23,23,23,23,23,23,23,23,23
2001,420950,4,1,0,0,0,0,0,0,0,0,0,15
2001,420951,1,1,16,16,16,16,16,16,16,16,16,16
2001,420952,1,1,0,0,0,0,0,0,0,0,0,0
2001,420952,2,1,23,23,23,23,23,23,23,23,23,23
2001,420953,1,1,18,18,18,18,18,18,18,18,18,18
2001,420953,2,1,0,0,24,0,0,0,0,0,0,15
2001,420954,0,1,0,0,0,6,0,10,16,0,26,0
2001,420954,0,2,21,0,0,0,0,0,0,0,0,0
2001,420954,1,1,0,0,0,0,0,0,0,0,0,0
2001,420955,0,1,16,16,16,16,16,16,16,16,16,16
2001,420955,1,1,12,12,12,12,12,12,12,12,12,12
2001,420956,1,1,0,0,0,0,0,0,0,0,0,0
2001,420956,2,1,7,16,11,14,0,0,0,0,0,0
2001,420957,1,1,0,0,10,0,0,0,0,0,0,0
2001,420957,2,1,0,0,0,0,0,0,0,0,0,0
2001,420958,0,1,14,6,30,10,16,0,19,18,32,19
2001,420958,1,1,0,0,0,0,0,0,0,0,0,0
2001,420959,1,1,0,0,0,0,0,0,0,0,0,0
2001,420960,1,1,16,0,5,24,16,18,18,9,0,9
2001,420960,2,1,0,0,0,0,0,0,0,0,0,0
2001,420961,0,1,18,18,18,18,18,18,18,18,18,18
2001,420961,1,1,0,0,0,0,0,0,0,0,0,0
2001,420962,1,1,0,0,0,0,0,0,0,0,0,0
2001,420963,1,1,23,23,23,23,23,23,23,23,23,23
2001,420963,2,1,0,0,0,0,0,2,0,0,0,0
2001,420964,1,1,0,0,0,0,0,0,0,0,0,0
2001,420965,1,1,0,0,0,0,0,0,0,0,0,0
2001,420966,1,1,0,0,0,0,0,0,0,0,0,0
2001,420966,2,1,0,0,0,0,0,0,0,0,0,0
2001,420967,1,1,25,25,25,25,25,25,25,25,25,25
2001,420967,2,1,0,0,0,0,0,0,0,0,0,0
2001,420967,3,1,0,0,8,0,14,0,0,0,0,0
2001,420968,1,1,0,0,17,0,13,8,0,19,0,23
2001,420968,2,1,0,0,0,0,0,0,0,0,0,0
2001,420969,1,1,15,15,15,15,15,15,15,15,15,15
2001,420970,1,1,0,0,0,0,0,0,0,0,0,0
2001,420970,2,1,0,0,0,0,0,0,0,0,10,0
2001,420971,1,1,0,0,0,0,0,0,0,0,0,0
2001,420971,2,1,0,0,0,0,0,0,0,0,0,0
2001,420971,3,1,0,0,0,0,0,0,0,0,0,0
2001,420972,1,1,9,0,0,0,0,0,23,15,17,0
2001,420973,1,1,18,18,18,18,18,18,18,18,18,18
2001,420974,1,1,0,0,0,0,0,0,0,0,0,0
2001,420975,1,1,0,21,0,7,16,0,0,0,14,0
2001,420976,1,1,31,31,31,31,31,31,31,31,31,31
2001,420977,1,1,0,0,0,0,0,0,0,0,0,0
2001,420978,0,1,0,0,0,0,0,0,0,0,0,0
2001,420978,1,1,1,1,1,1,1,1,1,1,1,1
2001,420979,1,1,21,21,21,21,21,21,21,21,21,21
2001,420980,1,1,6,6,6,6,6,6,6,6,6,6
2001,420981,1,1,3,3,3,3,3,3,3,3,3,3
2001,420982,1,1,0,0,0,0,0,0,0,0,0,0
2001,420982,2,1,0,0,0,0,0,0,0,0,0,0
2001,420983,1,1,0,0,0,0,0,0,0,0,0,0
2001,420983,2,1,12,0,15,0,17,0,0,26,0,0
2001,420984,1,1,22,22,22,22,22,22,22,22,22,22
2001,420985,1,3,9,20,22,12,24,16,0,0,19,11
2001,420986,1,1,0,0,0,0,0,0,0,0,0,0
2001,420987,1,1,21,30,13,30,19,0,0,29,44,20
2001,420988,1,1,0,0,0,0,0,0,0,0,0,0
2001,420988,2,1,0,0,0,0,0,0,0,0,0,0
2001,420988,3,1,0,0,0,0,0,0,0,0,0,0
2001,420989,1,1,0,0,0,0,0,0,0,0,0,0
2001,420989,2,1,0,0,0,0,0,0,0,0,0,0
2001,420990,1,1,0,0,0,0,0,0,0,0,0,0
2001,420991,0,1,16,15,12,0,0,24,19,22,10,25
2001,420991,1,1,0,0,0,0,0,0,0,0,0,0
2001,420992,1,1,9,9,9,9,9,9,9,9,9,9
2001,420993,1,1,0,0,9,10,14,19,0,0,0,0
2001,420993,2,1,0,0,0,0,0,0,0,0,0,0
2001,420994,1,1,0,0,0,0,0,0,0,0,0,0
2001,420994,2,1,0,0,0,0,0,0,0,0,0,0
2001,420994,3,1,0,0,0,0,0,10,0,0,0,0
2001,420995,1,1,0,0,0,0,0,0,0,0,0,0
2001,420995,2,1,9,9,9,9,9,9,9,9,9,9
2001,420996,1,1,0,27,23,18,0,0,3,10,0,0
2001,420997,1,1,0,0,0,0,0,0,0,0,0,0
2001,420997,2,1,0,0,0,0,0,0,0,0,0,0
2001,420998,1,1,0,0,0,0,0,0,0,0,0,0
2001,420998,2,1,0,0,0,0,0,0,0,0,0,0
2001,420999,1,1,0,0,0,0,0,0,0,0,0,0
2001,420999,2,1,0,0,0,0,0,0,0,0,0,0
2001,421000,1,1,0,0,0,0,0,0,0,0,0,0
2001,421001,1,1,23,23,23,23,23,23,23,23,23,23
2001,421002,1,1,19,19,19,19,19,19,19,19,19,19
2001,421002,2,1,19,19,19,19,19,19,19,19,19,19
2001,421003,1,1,0,0,0,23,0,22,0,0,0,29
2001,421004,1,1,0,0,0,0,0,0,0,0,0,0
2001,421004,2,1,0,4,0,0,15,0,0,0,0,0
2001,421005,1,1,4,4,4,4,4,4,4,4,4,4
2001,421005,2,1,0,0,0,0,0,0,0,0,0,0
2001,421006,1,1,19,5,0,10,23,10,17,6,23,9
2001,421006,2,1,0,0,0,0,0,0,0,22,0,0
2001,421007,1,1,15,15,15,15,15,15,15,15,15,15
2001,421008,1,1,16,16,16,16,16,16,16,16,16,16
2001,421009,1,1,0,0,0,0,0,0,0,0,0,0
2001,421009,2,1,0,0,0,0,0,0,0,0,0,0
2001,421009,3,1,0,0,0,0,0,0,0,0,0,0
2001,421009,4,1,0,0,0,0,0,0,0,0,0,0
2001,421010,0,1,18,18,18,18,18,18,18,18,18,18
2001,421010,1,1,0,0,0,0,0,0,0,0,0,0
2001,421011,1,1,0,13,0,0,0,0,0,0,0,0
2001,421011,2,1,0,0,0,0,0,0,0,0,0,0
2001,421011,3,1,0,0,0,0,0,0,0,0,0,0
2001,421012,1,1,0,0,0,0,0,0,0,0,0,0
2001,421012,2,1,0,23,0,0,0,0,0,0,0,0
2001,421013,1,1,0,24,0,0,9,12,12,14,0,0
2001,421013,2,1,0,0,0,0,0,20,0,0,0,0
2001,421014,0,1,0,0,0,0,0,0,0,0,0,0
2001,421014,1,1,9,0,0,0,0,0,0,0,0,0
2001,421015,0,1,0,21,0,32,27,25,0,12,0,9
2001,421015,2,1,0,21,0,0,0,0,0,0,0,5
2001,421015,3,1,0,0,0,0,0,0,0,0,0,0
2001,421016,1,1,0,0,0,0,0,0,0,0,0,0
2001,421017,1,1,0,0,0,0,0,0,0,0,0,0
2001,421018,0,1,0,0,0,0,0,0,0,0,0,0
2001,421018,1,1,0,0,0,0,0,0,0,0,0,0
2001,421019,1,1,0,24,0,10,0,0,0,9,20,0
2001,421019,2,1,0,0,0,0,0,0,6,0,0,0
2001,421020,1,1,0,0,0,0,0,0,0,0,0,0
2001,421021,1,1,9,22,0,0,0,1,0,0,0,31
2001,421022,0,1,0,0,0,0,0,0,0,0,0,0
2001,421022,1,1,5,0,0,0,0,0,0,0,0,0
2001,421023,1,1,0,0,0,0,0,0,0,0,0,0
2001,421023,2,1,0,0,0,0,0,0,0,0,0,0
2001,421024,1,1,10,10,10,10,10,10,10,10,10,10
2001,421024,2,1,0,15,13,0,8,15,16,21,7,8
2001,421025,1,1,34,34,34,34,34,34,34,34,34,34
2001,421026,1,1,0,0,0,0,0,0,0,12,0,0
2001,421026,2,1,0,0,0,0,0,0,0,0,0,12
2001,421027,1,1,14,14,14,14,14,14,14,14,14,14
2001,421027,2,1,0,0,0,0,0,0,0,0,0,0
2001,421028,1,1,0,0,0,0,0,0,0,0,0,0
2001,421028,2,1,0,0,0,0,0,0,0,0,0,0
2001,421028,3,1,0,0,0,0,0,0,0,0,0,0
2001,421029,1,1,0,0,0,0,0,0,0,0,0,0
2001,421030,0,1,0,0,0,12,0,0,0,0,0,0
2001,421030,1,1,0,0,0,0,0,0,0,0,0,0
2001,421031,1,1,33,33,33,33,33,33,33,33,33,33
2001,421032,1,1,20,20,20,20,20,20,20,20,20,20
2001,421033,1,1,0,0,0,0,0,0,0,0,0,0
2001,421034,1,1,0,0,0,0,0,0,0,0,0,0
2001,421035,0,1,18,0,0,0,0,0,23,0,0,0
2001,421035,1,1,0,0,0,0,0,0,0,0,0,0
2001,421036,1,1,0,0,0,0,0,0,0,0,0,0
2001,421036,2,1,0,25,8,12,0,0,16,18,0,7
2001,421036,3,1,0,15,0,0,0,0,0,0,0,0
2001,421037,1,1,0,0,0,0,0,0,0,0,0,0
2001,421037,2,1,0,0,0,0,0,0,0,0,0,0
2001,421038,1,1,0,0,0,0,0,0,0,0,0,0
2001,421038,2,1,0,0,0,0,0,0,0,0,0,0
2001,421039,1,1,15,15,15,15,15,15,15,15,15,15
2001,421040,1,1,13,13,13,13,13,13,13,13,13,13
2001,421041,1,1,0,0,0,0,0,0,0,0,0,0
2001,421042,1,1,0,0,0,0,0,0,0,0,0,0
2001,421042,2,1,0,0,15,0,0,0,0,0,0,0
2001,421043,1,1,0,0,0,0,0,0,0,0,0,0
2001,421043,2,1,0,0,0,0,0,0,0,0,0,0
2001,421044,1,1,17,17,17,17,17,17,17,17,17,17
2001,421044,2,1,0,0,0,0,5,0,0,0,0,0
2001,421045,1,1,19,17,26,5,5,17,15,19,19,17
2001,421045,2,1,5,25,10,9,5,10,8,6,10,17
2001,421046,1,1,0,0,0,0,0,0,0,0,0,0
2001,421046,2,1,0,0,0,0,0,0,0,0,0,0
2001,421046,3,1,0,0,0,0,0,0,0,0,0,0
2001,421047,1,1,0,0,0,0,0,0,0,0,0,0
2001,421048,1,1,26,26,26,26,26,26,26,26,26,26
2001,421048,2,1,19,0,0,0,0,0,0,0,0,0
2001,421049,0,1,32,19,16,15,18,0,21,10,18,15
2001,421049,1,1,0,0,0,2,0,0,0,0,0,0
2001,421050,1,1,0,0,0,0,0,0,0,17,0,0
2001,421050,2,1,0,0,0,0,0,0,0,0,0,0
2001,421050,3,1,0,0,13,0,0,0,0,0,0,0
2001,421051,0,1,0,0,0,0,0,0,0,0,0,0
2001,421051,1,1,0,0,0,0,0,0,0,0,0,0
2001,421052,1,1,0,0,0,0,0,0,0,0,0,0
2001,421052,2,1,0,0,0,14,0,0,0,0,0,0
2001,421053,0,1,0,0,0,0,0,0,0,0,0,0
2001,421053,0,2,0,0,0,0,0,0,0,0,0,0
2001,421053,1,1,0,6,0,0,0,0,0,0,0,0
2001,421054,0,1,27,28,7,0,20,28,0,0,0,35
2001,421054,1,1,0,0,0,0,0,0,0,0,0,0
2001,421055,0,1,0,0,0,0,0,0,0,0,0,0
2001,421055,1,1,0,0,0,0,0,0,0,0,0,0
2001,421056,1,1,0,0,0,0,0,0,0,0,0,0
2001,421056,2,1,0,0,0,0,0,0,0,0,0,0
2001,421057,1,1,0,0,0,0,0,0,0,0,0,0
2001,421058,1,1,17,17,17,17,17,17,17,17,17,17
2001,421059,1,1,11,11,11,11,11,11,11,11,11,11
2001,421060,1,1,0,0,0,0,0,0,0,0,0,0
2001,421060,2,1,0,0,0,0,0,0,0,0,0,0
2001,421061,1,1,28,28,28,28,28,28,28,28,28,28
2001,421062,1,1,0,0,0,0,0,0,0,0,0,0
2001,421062,2,1,0,0,0,0,0,0,0,0,0,0
2001,421063,1,1,0,0,0,0,0,0,0,0,0,0
2001,421063,2,1,0,0,0,0,0,0,0,0,0,0
2001,421064,1,1,0,0,0,0,0,0,0,0,0,0
2001,421065,1,1,0,0,0,0,0,0,0,0,0,0
2001,421065,2,1,0,0,0,0,0,0,0,0,0,0
2001,421066,0,1,30,30,30,30,30,30,30,30,30,30
2001,421066,1,1,0,0,0,0,0,0,0,0,0,0
2001,421067,1,1,27,27,27,27,27,27,27,27,27,27
2001,421067,2,1,0,0,0,0,0,0,0,0,0,0
2001,421068,1,1,0,0,0,0,0,0,0,0,0,3
2001,421068,2,1,0,0,0,0,0,0,0,0,0,0
2001,421069,1,1,0,0,0,0,0,0,0,0,0,0
2001,421069,2,1,0,0,0,0,0,0,0,0,0,0
2001,421070,1,1,19,10,20,22,17,17,14,32,14,24
2001,421071,1,1,0,0,0,0,0,0,0,0,0,0
2001,421071,2,1,0,0,0,0,0,0,0,0,0,0
2001,421072,1,1,0,0,0,0,0,0,0,0,0,0
2001,421073,1,1,0,12,0,0,13,0,0,10,11,11
2001,421074,1,1,0,0,0,0,0,0,0,0,0,0
2001,421074,2,1,0,0,0,0,4,0,4,0,0,0
2001,421075,1,1,13,13,13,13,13,13,13,13,13,13
2001,421076,0,1,0,0,0,0,0,0,0,0,0,28
2001,421076,1,1,0,0,0,0,0,0,0,0,13,0
2001,421077,1,1,0,0,0,0,13,0,0,0,0,0
2001,421077,2,1,0,0,0,0,0,0,0,0,0,0
2001,421078,1,1,0,0,0,0,0,0,0,0,0,0
2001,421079,1,1,0,0,0,0,0,0,0,0,0,0
2001,421079,2,1,0,0,0,0,0,0,0,0,0,0
2001,421080,1,1,11,11,11,11,11,11,11,11,11,11
2001,421081,1,1,0,2,0,0,0,12,0,0,0,29
2001,421082,1,1,10,10,10,10,10,10,10,10,10,10
2001,421083,1,1,23,23,23,23,23,23,23,23,23,23
2001,421083,2,1,24,24,24,24,24,24,24,24,24,24
2001,421084,1,1,0,0,0,0,0,0,0,0,0,0
2001,421085,1,1,0,0,0,0,0,0,0,0,0,0
2001,421085,2,1,0,0,0,0,0,0,0,0,0,0
2001,421086,1,1,21,21,21,21,21,21,21,21,21,21
2001,421087,1,1,0,0,0,0,0,0,0,0,0,0
2001,421087,2,1,0,0,0,0,0,0,0,0,0,0
2001,421088,1,1,0,0,0,0,0,0,0,0,0,0
2001,421089,1,1,26,22,28,0,0,18,23,21,33,22
2001,421090,1,1,0,0,0,0,0,0,0,0,0,0
2001,421091,1,1,17,17,17,17,17,17,17,17,17,17
2001,421092,1,1,24,24,24,24,24,24,24,24,24,24
2001,421093,1,1,0,0,0,0,0,0,0,0,0,0
2001,421094,1,1,0,32,0,0,0,10,0,0,0,0
2001,421095,1,1,20,20,20,20,20,20,20,20,20,20
2001,421095,2,1,0,0,0,0,0,0,0,0,8,0
2001,421096,1,1,0,0,0,0,0,0,0,0,0,0
2001,421097,1,1,0,0,0,0,0,0,0,0,0,0
2001,421097,2,1,0,0,20,4,0,0,0,0,0,0
2001,421098,1,1,11,23,20,19,12,19,28,25,15,18
2001,421099,0,1,0,0,0,0,0,0,0,0,0,0
2001,421099,1,1,0,0,0,0,0,0,0,0,0,0
2001,421100,0,1,0,0,0,0,0,0,0,0,0,0
2001,421100,1,1,0,0,0,0,0,0,0,7,0,0
2001,421101,0,1,0,0,0,0,0,0,0,0,0,0
2001,421101,1,1,0,0,0,0,0,0,0,0,0,0
2001,421102,0,1,0,0,0,0,0,0,0,0,0,0
2001,421102,1,1,0,0,0,0,0,0,0,0,0,0
2001,421103,1,1,0,0,0,0,0,0,0,0,0,0
2001,421104,0,1,0,0,0,0,0,0,0,0,0,0
2001,421104,1,1,0,21,20,0,0,9,6,3,0,0
2001,421105,0,1,21,21,21,21,21,21,21,21,21,21
2001,421105,1,1,0,0,0,0,0,0,0,0,0,18
2001,421106,1,1,21,21,21,21,21,21,21,21,21,21
2001,421106,2,1,0,0,0,0,0,0,0,0,0,0
2001,421107,1,1,27,27,27,27,27,27,27,27,27,27
2001,421108,1,1,15,15,15,15,15,15,15,15,15,15
2001,421109,1,1,0,0,0,0,0,0,0,0,0,0
2001,421109,2,1,0,0,0,0,0,0,7,0,0,0
2001,421110,0,1,0,0,0,0,0,0,0,0,0,0
2001,421110,1,1,0,0,0,0,0,0,0,0,0,0
2001,421111,1,1,0,0,0,0,28,0,28,0,0,0
2001,421112,1,1,17,17,17,17,17,17,17,17,17,17
2001,421113,1,1,0,0,0,0,0,0,0,0,0,0
2001,421114,1,1,0,0,0,0,0,0,0,0,0,0
2001,421114,2,1,0,0,0,0,0,0,0,0,0,0
2001,421114,3,1,0,0,0,0,0,0,0,0,0,0
2001,421114,4,1,0,0,0,0,0,0,0,0,0,0
2001,421115,1,1,0,0,0,0,0,0,0,0,0,0
2001,421116,1,1,0,22,0,0,0,0,0,0,0,0
2001,421116,2,1,0,0,0,0,0,0,0,0,0,0
2001,421117,1,1,17,17,17,17,17,17,17,17,17,17
2001,421118,0,1,0,0,19,0,0,0,0,0,0,0
2001,421118,1,1,0,0,0,0,0,0,0,0,0,0
2001,421119,1,1,0,0,0,0,0,0,0,0,0,0
2001,421119,2,1,0,0,0,0,0,0,0,0,0,0
2001,421120,1,1,0,0,0,0,0,0,0,0,0,0
2001,421121,1,1,0,0,0,0,0,0,0,0,0,0
2001,421122,1,1,17,17,17,17,17,17,17,17,17,17
2001,421123,1,1,26,26,26,26,26,26,26,26,26,26
2001,421124,1,1,0,0,0,0,0,0,0,0,0,0
2001,421124,2,1,0,0,0,0,0,0,0,0,0,0
2001,421124,3,1,0,0,0,0,0,0,0,0,0,0
2001,421125,1,1,23,23,23,23,23,23,23,23,23,23
2001,421126,1,1,0,0,0,0,0,0,0,0,0,0
2001,421127,1,1,0,0,0,0,0,0,0,0,0,0
2001,421127,2,1,0,0,0,0,0,0,0,0,0,0
2001,421128,1,1,0,0,0,0,0,0,0,10,0,8
2001,421128,2,1,0,0,0,0,0,0,0,0,0,0
2001,421129,1,1,10,10,10,10,10,10,10,10,10,10
2001,421129,2,1,0,0,0,0,0,0,0,0,0,0
2001,421130,1,1,12,12,12,12,12,12,12,12,12,12
2001,421130,2,1,0,0,0,0,0,0,0,0,0,0
2001,421131,1,1,0,0,0,0,0,0,0,0,0,0
2001,421132,1,1,0,0,0,0,0,0,0,0,0,0
2001,421133,1,1,0,0,13,0,0,0,13,20,23,0
2001,421133,2,1,34,0,0,0,0,0,0,0,0,0
2001,421134,1,1,13,13,13,13,13,13,13,13,13,13
2001,421135,2,1,0,0,0,0,0,0,0,0,0,0
2001,421136,1,1,10,10,10,10,10,10,10,10,10,10
2001,421137,1,1,0,0,0,0,0,0,0,0,0,0
2001,421137,2,1,0,0,0,0,0,0,0,0,0,0
2001,421138,1,1,22,22,22,22,22,22,22,22,22,22
2001,421139,1,1,8,0,16,0,0,0,0,15,13,16
2001,421139,2,1,17,17,17,17,17,17,17,17,17,17
2001,421140,1,1,0,0,0,0,0,0,0,0,0,0
2001,421141,0,1,0,0,0,0,0,0,0,0,0,0
2001,421141,1,1,5,0,0,0,0,15,0,0,0,0
2001,421142,1,1,0,0,0,0,0,0,0,0,0,0
2001,421142,2,1,0,0,0,0,0,0,0,0,0,0
2001,421143,1,1,0,0,0,0,0,0,0,0,0,0
2001,421144,1,1,0,0,0,0,0,0,0,0,0,0
2001,421144,2,1,0,0,0,0,0,0,0,0,0,0
2001,421145,0,1,0,0,0,0,0,0,0,0,0,0
2001,421145,1,1,0,0,0,0,0,0,0,0,0,0
2001,421146,1,1,0,0,0,0,0,0,0,0,0,0
2001,421146,2,1,0,0,0,0,0,0,0,0,0,0
2001,421147,1,1,0,0,0,0,0,0,0,0,30,0
2001,421148,1,1,19,11,0,8,9,14,23,13,20,9
2001,421149,1,1,18,18,18,18,18,18,18,18,18,18
2001,421149,2,1,23,23,23,23,23,23,23,23,23,23
2001,421150,1,1,0,0,0,0,0,0,0,0,0,0
2001,421150,2,1,0,0,0,0,0,0,0,0,0,0
2001,421150,3,1,0,0,0,0,0,0,0,0,0,0
2001,421151,1,1,15,15,15,15,15,15,15,15,15,15
2001,421152,1,1,20,20,20,20,20,20,20,20,20,20
2001,421153,1,1,16,16,16,16,16,16,16,16,16,16
2001,421154,1,1,28,28,28,28,28,28,28,28,28,28
2001,421154,2,1,0,0,0,0,0,0,0,0,0,0
2001,421155,1,1,0,0,0,0,0,0,0,0,0,0
2001,421155,2,1,0,0,0,0,0,0,0,0,0,0
2001,421155,3,1,0,0,0,0,0,0,0,0,0,0
2001,421156,1,1,21,21,21,21,21,21,21,21,21,21
2001,421156,2,1,0,0,0,0,0,19,0,0,0,0
2001,421157,1,1,0,0,0,0,0,0,0,0,0,0
2001,421157,2,1,0,0,0,0,0,0,0,0,0,0
2001,421158,1,1,0,0,0,0,0,0,0,0,0,0
2001,421158,2,1,0,0,0,0,0,0,0,0,0,0
2001,421159,1,1,0,0,0,0,0,0,0,0,0,0
2001,421159,2,1,0,0,0,0,0,0,0,0,0,0
2001,421160,1,1,0,0,0,0,0,0,0,0,0,0
2001,421160,2,1,21,21,21,21,21,21,21,21,21,21
2001,421161,1,1,0,0,0,0,0,0,0,0,0,0
2001,421161,2,1,0,0,0,0,0,0,0,0,0,0
2001,421161,3,1,0,0,0,0,0,0,0,0,0,0
2001,421162,1,1,0,0,0,0,0,0,0,0,0,0
2001,421163,0,1,0,0,28,0,0,0,0,18,8,19
2001,421163,1,1,0,0,0,0,0,0,0,0,0,0
2001,421164,1,1,0,0,0,0,0,0,0,0,0,0
2001,421165,1,1,17,11,0,0,0,0,16,11,11,17
2001,421166,0,1,23,23,23,23,23,23,23,23,23,23
2001,421166,1,1,25,15,4,6,12,8,4,4,0,0
2001,421167,1,1,0,0,0,0,0,0,0,0,0,0
2001,421168,1,1,0,11,0,17,0,18,0,14,0,20
2001,421168,2,1,0,0,0,0,0,0,0,0,0,0
2001,421169,1,1,0,0,0,0,0,0,0,0,0,0
2001,421169,2,1,0,0,0,0,0,0,0,0,0,0
2001,421170,1,1,0,0,0,0,0,0,0,0,0,0
2001,421170,2,1,0,0,0,0,0,0,0,10,0,0
2001,421171,1,1,0,0,0,0,0,0,0,0,0,0
2001,421171,2,1,0,0,0,0,0,0,0,0,0,0
2001,421171,3,1,0,0,0,0,0,0,0,0,0,0
2001,421172,1,1,28,28,28,28,28,28,28,28,28,28
2001,421173,1,1,21,7,17,18,11,19,11,11,10,13
2001,421174,1,1,26,26,26,26,26,26,26,26,26,26
2001,421174,2,1,0,0,0,0,0,0,0,0,0,0
2001,421175,1,1,0,0,0,0,0,0,0,0,0,0
2001,421175,2,1,0,0,0,0,0,0,0,0,0,0
2001,421176,1,1,26,26,26,26,26,26,26,26,26,26
2001,421177,1,1,0,0,0,0,0,0,0,0,0,0
2001,421177,2,1,0,0,0,0,0,0,0,0,10,0
2001,421177,3,1,0,0,0,0,0,0,0,0,0,0
2001,421178,1,1,0,0,0,0,0,0,0,0,0,0
2001,421178,2,1,0,0,0,0,0,0,0,0,0,0
2001,421178,3,1,0,0,0,0,0,0,0,0,0,0
2001,421179,1,1,0,0,0,0,0,0,0,0,0,0
2001,421179,2,1,0,0,0,0,0,0,0,0,0,0
2001,421180,1,1,0,3,10,0,0,0,0,0,0,0
2001,421181,1,1,0,0,0,0,0,0,0,0,0,0
2001,421181,2,1,0,0,0,0,0,0,0,0,0,0
2001,421182,1,1,0,0,0,0,0,0,0,0,0,0
2001,421182,2,1,0,0,0,0,0,0,0,0,0,0