YEAR,st_case,veh_no,per_no,P1,P2,P3,P4,P5,P6,P7,P8,P9,P10
2001,421183,1,1,0,0,0,0,0,0,0,0,0,0
2001,421183,2,1,0,0,0,0,0,0,0,0,0,0
2001,421184,1,1,0,0,0,0,0,0,0,0,0,0
2001,421185,0,1,0,0,0,0,0,0,0,0,0,0
2001,421185,1,1,0,0,0,0,0,0,0,0,0,0
2001,421186,1,1,23,23,23,23,23,23,23,23,23,23
2001,421187,1,1,0,0,0,0,0,0,0,0,0,0
2001,421187,2,1,0,0,0,0,0,0,0,0,0,0
2001,421188,1,1,0,0,0,0,0,0,0,0,0,0
2001,421188,2,1,0,0,0,0,0,0,0,0,0,0
2001,421189,1,1,7,7,7,7,7,7,7,7,7,7
2001,421190,1,1,17,17,17,17,17,17,17,17,17,17
2001,421191,1,1,8,8,8,8,8,8,8,8,8,8
2001,421192,1,1,0,0,0,0,0,0,0,0,0,0
2001,421192,2,1,0,0,0,0,0,0,0,0,0,0
2001,421193,1,1,0,0,0,0,0,0,0,0,0,0
2001,421193,2,1,0,0,0,0,0,0,0,0,0,0
2001,421194,1,1,11,11,11,11,11,11,11,11,11,11
2001,421195,1,1,14,14,14,14,14,14,14,14,14,14
2001,421196,1,1,0,0,0,0,0,0,0,0,0,0
2001,421197,0,1,0,0,0,0,0,0,0,0,0,0
2001,421197,1,1,13,13,13,13,13,13,13,13,13,13
2001,421198,0,1,0,0,0,0,0,0,0,0,0,0
2001,421198,1,1,0,0,0,0,0,0,0,0,0,0
2001,421199,1,1,19,19,19,19,19,19,19,19,19,19
2001,421200,0,1,0,0,0,0,0,0,0,0,0,0
2001,421200,1,1,0,0,0,0,0,0,0,0,0,0
2001,421201,0,1,0,0,0,0,0,0,0,0,0,0
2001,421201,1,1,0,0,0,0,0,0,0,0,0,0
2001,421202,1,1,0,0,18,14,0,0,6,13,0,0
2001,421202,2,1,0,0,0,0,0,0,0,0,0,0
2001,421203,1,1,0,0,0,0,0,0,0,0,0,0
2001,421203,2,1,0,0,0,0,0,0,0,0,0,0
2001,421204,1,1,0,0,0,0,0,0,0,0,0,0
2001,421205,1,1,0,0,0,0,0,0,0,0,0,0
2001,421206,1,1,21,21,21,21,21,21,21,21,21,21
2001,421207,1,1,0,0,0,0,0,0,0,0,0,0
2001,421208,1,1,0,0,0,0,0,0,0,0,0,0
2001,421208,2,1,0,0,0,0,0,5,0,0,0,0
2001,421208,3,1,0,0,0,0,0,0,13,0,12,0
2001,421208,4,1,0,0,0,0,0,0,0,0,0,0
2001,421208,5,1,0,0,0,0,0,0,0,0,0,0
2001,421208,6,1,0,0,0,0,0,0,0,0,0,0
2001,421209,1,1,0,0,0,0,0,0,0,0,0,0
2001,421209,2,1,0,0,0,0,0,0,0,0,0,0
2001,421210,1,1,0,0,0,0,0,0,0,0,0,0
2001,421211,1,1,0,0,0,0,0,0,0,0,0,0
2001,421211,2,1,0,0,0,0,0,0,0,0,0,0
2001,421212,1,1,25,25,25,25,25,25,25,25,25,25
2001,421212,2,1,0,0,0,0,0,0,0,0,0,0
2001,421213,1,1,0,0,0,0,0,0,0,0,0,0
2001,421213,2,1,0,0,0,0,0,0,0,0,0,0
2001,421214,1,1,0,0,0,0,0,0,0,0,0,0
2001,421214,2,1,0,0,0,0,0,0,0,0,0,0
2001,421215,1,1,0,0,0,0,0,0,0,0,0,0
2001,421215,2,1,0,0,0,0,0,0,11,0,0,0
2001,421216,1,1,20,20,20,20,20,20,20,20,20,20
2001,421217,1,1,0,0,19,0,0,0,0,9,0,7
2001,421218,1,1,11,11,11,11,11,11,11,11,11,11
2001,421218,2,1,6,17,18,16,17,18,17,14,13,21
2001,421219,0,1,0,0,0,0,0,0,0,0,0,0
2001,421219,1,1,18,18,18,18,18,18,18,18,18,18
2001,421220,1,1,12,10,18,25,6,11,26,31,18,6
2001,421220,2,1,25,0,0,0,0,10,0,0,0,0
2001,421221,1,1,0,0,0,0,0,0,0,0,0,0
2001,421221,2,1,0,0,0,0,0,0,0,0,0,0
2001,421222,1,1,15,15,15,15,15,15,15,15,15,15
2001,421223,1,1,13,13,13,13,13,13,13,13,13,13
2001,421224,1,1,0,0,0,0,0,0,0,0,0,0
2001,421224,2,1,0,0,0,0,0,0,0,0,0,0
2001,421225,1,1,24,25,9,19,9,20,12,25,32,30
2001,421225,2,1,0,0,0,0,0,0,0,21,0,0
2001,421226,0,1,0,0,0,0,0,0,0,0,0,0
2001,421226,1,1,0,0,0,0,0,0,0,0,0,0
2001,421227,0,1,0,0,0,0,0,0,0,0,0,0
2001,421227,1,1,0,0,0,0,0,0,0,0,0,0
2001,421228,1,1,15,15,15,15,15,15,15,15,15,15
2001,421229,0,1,0,0,0,0,0,0,0,0,0,0
2001,421229,1,1,0,0,0,0,0,0,0,0,0,0
2001,421230,1,1,0,0,0,0,0,0,0,0,0,0
2001,421230,2,1,0,0,0,0,0,0,0,0,0,0
2001,421231,1,1,0,0,0,0,0,0,0,0,0,0
2001,421231,2,1,0,0,0,0,0,0,0,0,0,0
2001,421232,0,1,0,0,0,0,0,0,0,0,0,0
2001,421232,1,1,0,0,0,0,0,0,0,0,0,0
2001,421233,1,1,0,0,27,0,0,38,0,0,0,0
2001,421234,1,1,0,16,0,0,0,3,0,0,0,0
2001,421235,1,1,0,0,0,0,0,0,0,0,0,0
2001,421235,2,1,0,0,0,0,0,0,0,0,0,0
2001,421236,1,1,0,0,0,0,0,0,0,0,2,0
2001,421236,2,1,0,0,0,0,0,0,0,0,0,0
2001,421237,1,1,18,18,18,18,18,18,18,18,18,18
2001,421238,1,1,21,21,21,21,21,21,21,21,21,21
2001,421239,0,1,0,0,0,0,0,0,0,0,0,0
2001,421239,1,1,0,0,0,0,0,0,0,0,0,0
2001,421240,1,1,22,18,7,5,28,21,5,10,18,17
2001,421240,2,1,0,0,0,0,0,0,0,0,0,0
2001,421241,1,1,0,0,0,0,0,0,0,0,0,0
2001,421241,2,1,17,17,17,17,17,17,17,17,17,17
2001,421242,1,1,0,0,0,0,0,0,10,0,16,0
2001,421242,2,1,7,7,7,7,7,7,7,7,7,7
2001,421243,1,1,6,6,6,6,6,6,6,6,6,6
2001,421244,1,1,7,7,7,7,7,7,7,7,7,7
2001,421244,2,1,0,0,0,0,0,0,0,0,0,0
2001,421244,3,1,0,0,0,0,0,0,0,0,0,0
2001,421245,1,1,27,7,0,28,0,25,26,16,0,16
2001,421246,1,1,0,0,0,0,0,0,0,0,0,0
2001,421246,2,1,0,0,0,0,0,0,0,0,0,0
2001,421247,1,1,16,16,16,16,16,16,16,16,16,16
2001,421248,1,1,0,0,0,0,0,0,0,0,0,0
2001,421249,1,1,0,0,0,0,0,0,0,0,0,0
2001,421249,2,1,0,0,0,0,0,0,0,0,0,0
2001,421250,1,1,0,0,0,0,0,0,0,0,0,0
2001,421251,0,1,0,0,0,0,0,0,0,0,0,0
2001,421251,1,1,0,0,0,0,0,0,0,0,0,0
2001,421252,1,1,19,19,19,19,19,19,19,19,19,19
2001,421252,2,1,0,0,0,0,0,0,16,0,0,0
2001,421253,1,1,0,0,0,0,0,0,0,0,0,0
2001,421253,2,1,0,0,0,0,0,0,0,0,0,0
2001,421254,0,1,0,0,0,0,0,0,0,0,0,0
2001,421254,1,1,0,0,0,0,0,0,0,0,0,0
2001,421255,0,1,10,0,0,26,26,0,15,0,0,0
2001,421255,1,1,0,18,0,0,0,0,0,4,0,0
2001,421256,1,1,5,5,5,5,5,5,5,5,5,5
2001,421256,2,1,0,0,0,0,0,0,0,0,0,0
2001,421257,1,1,0,0,0,0,0,0,16,0,9,0
2001,421257,2,1,0,0,0,0,0,0,0,0,0,0
2001,421258,0,1,0,0,21,32,0,0,0,0,0,0
2001,421258,1,1,0,0,0,0,0,0,0,0,0,0
2001,421259,0,1,13,0,0,0,0,0,0,0,0,0
2001,421259,1,1,0,15,0,0,0,0,0,0,0,0
2001,421260,1,1,0,0,0,0,0,0,0,0,0,0
2001,421260,2,1,0,0,0,0,0,0,0,0,0,0
2001,421261,1,1,0,0,0,0,0,0,0,0,0,0
2001,421261,2,1,0,0,0,0,0,0,0,0,0,0
2001,421262,1,1,0,0,0,0,0,0,0,0,0,0
2001,421262,2,1,0,0,0,0,0,3,0,0,0,0
2001,421263,1,1,0,0,0,0,0,0,0,0,0,0
2001,421263,2,1,0,0,0,0,0,0,0,0,0,12
2001,421264,1,1,0,0,0,0,0,0,0,0,0,0
2001,421264,2,1,13,13,13,13,13,13,13,13,13,13
2001,421265,1,1,0,0,0,0,0,0,7,0,0,0
2001,421266,1,1,0,0,0,0,0,0,0,0,0,0
2001,421266,2,1,0,0,0,0,0,0,0,0,0,0
2001,421267,1,1,20,20,20,20,20,20,20,20,20,20
2001,421268,1,1,0,0,0,0,0,0,0,0,0,0
2001,421268,2,1,0,0,0,0,0,0,0,0,0,0
2001,421269,1,1,28,28,28,28,28,28,28,28,28,28
2001,421270,0,1,0,0,0,0,0,0,0,0,0,0
2001,421270,1,1,0,0,0,0,0,0,0,0,0,0
2001,421271,0,1,0,0,0,0,0,0,0,0,0,0
2001,421271,1,1,0,0,0,0,0,0,0,0,0,0
2001,421272,0,1,0,0,0,0,0,0,0,0,0,0
2001,421272,1,1,0,0,0,0,0,0,0,9,0,0
2001,421273,0,1,0,0,0,0,0,0,0,0,0,0
2001,421273,1,1,0,0,0,0,0,0,0,0,0,0
2001,421274,1,1,0,0,0,0,0,0,0,0,0,0
2001,421274,2,1,0,0,0,0,0,0,0,0,0,0
2001,421275,1,1,0,0,0,0,0,0,0,0,0,0
2001,421276,1,1,0,0,0,0,0,0,0,0,0,0
2001,421276,2,1,0,0,0,0,0,0,0,0,0,0
2001,421277,0,1,9,22,0,27,15,38,17,9,27,27
2001,421277,1,1,0,0,0,0,0,0,0,0,0,0
2001,421278,1,1,0,0,0,0,0,0,0,0,0,0
2001,421279,1,1,0,0,0,0,0,0,0,31,0,0
2001,421280,0,1,17,0,0,0,0,0,0,0,0,0
2001,421280,1,1,0,0,0,0,0,0,0,0,0,0
2001,421281,1,1,0,0,0,0,0,0,0,0,0,0
2001,421282,1,1,0,0,0,15,0,0,0,0,0,0
2001,421282,2,1,0,0,0,0,0,0,0,0,0,0
2001,421283,0,1,18,18,18,18,18,18,18,18,18,18
2001,421283,1,1,0,0,0,0,13,0,0,0,0,0
2001,421284,1,1,15,15,15,15,15,15,15,15,15,15
2001,421285,1,1,31,31,31,31,31,31,31,31,31,31
2001,421285,2,1,0,0,0,22,0,0,0,0,0,6
2001,421286,1,1,15,15,15,15,15,15,15,15,15,15
2001,421286,2,1,0,0,0,0,0,0,0,0,0,8
2001,421287,0,1,0,0,0,0,0,0,0,0,0,0
2001,421287,1,1,0,0,0,0,0,0,0,0,0,0
2001,421288,1,1,17,17,17,17,17,17,17,17,17,17
2001,421289,1,1,17,17,17,17,17,17,17,17,17,17
2001,421289,2,1,0,0,0,0,0,0,0,0,0,0
2001,421290,1,1,0,32,0,0,0,0,0,0,0,0
2001,421291,1,1,0,0,0,0,0,0,0,0,0,0
2001,421291,2,1,11,11,11,11,11,11,11,11,11,11
2001,421292,0,1,0,0,0,0,0,0,0,0,0,0
2001,421292,1,1,9,9,9,9,9,9,9,9,9,9
2001,421293,0,1,0,0,0,0,0,0,0,0,0,0
2001,421293,1,1,0,0,0,0,0,0,0,0,0,0
2001,421294,1,1,30,30,30,30,30,30,30,30,30,30
2001,421294,2,1,0,0,0,0,0,0,0,24,0,0
2001,421294,3,1,10,0,0,0,0,0,0,0,29,0
2001,421294,4,1,0,0,0,0,0,0,0,0,0,0
2001,421295,1,1,28,28,28,28,28,28,28,28,28,28
2001,421296,1,1,16,16,16,16,16,16,16,16,16,16
2001,421297,1,1,12,12,12,12,12,12,12,12,12,12
2001,421297,2,1,0,0,0,0,0,0,0,0,0,0
2001,421298,1,1,10,15,14,17,13,21,20,15,11,17
2001,421299,0,1,0,0,0,0,0,0,0,0,0,0
2001,421299,1,1,7,13,21,30,0,7,0,21,13,0
2001,421300,1,1,7,7,7,7,7,7,7,7,7,7
2001,421300,2,1,0,0,0,0,0,0,0,0,0,0
2001,421301,1,1,12,12,12,12,12,12,12,12,12,12
2001,421302,1,1,0,0,0,0,0,0,0,0,0,0
2001,421303,1,1,0,0,0,0,0,0,0,0,0,0
2001,421304,1,1,14,14,14,14,14,14,14,14,14,14
2001,421305,1,1,31,31,31,31,31,31,31,31,31,31
2001,421305,2,1,0,0,0,0,0,0,0,10,0,0
2001,421306,1,1,0,0,0,0,0,0,0,0,0,0
2001,421306,2,1,0,0,0,0,0,0,0,0,0,0
2001,421306,3,1,0,0,0,0,0,0,0,0,0,0
2001,421306,4,1,0,0,0,0,0,0,0,0,0,0
2001,421306,5,1,0,0,0,0,0,0,0,0,0,0
2001,421307,1,1,0,0,0,0,0,0,0,0,0,0
2001,421307,2,1,0,0,0,0,0,0,0,0,0,0
2001,421308,1,1,0,0,0,0,0,0,0,0,0,0
2001,421309,1,1,5,5,5,5,5,5,5,5,5,5
2001,421309,2,1,0,0,0,0,0,0,0,0,0,0
2001,421310,0,1,10,10,10,10,10,10,10,10,10,10
2001,421310,1,1,0,0,0,0,0,0,0,0,0,0
2001,421311,0,1,0,0,0,0,0,0,0,0,0,0
2001,421311,1,1,0,13,0,0,0,0,0,0,0,0
2001,421312,1,1,0,18,0,0,14,0,0,0,15,16
2001,421313,1,1,0,0,0,0,0,0,0,0,0,0
2001,421313,2,1,0,0,0,0,0,0,0,0,0,0
2001,421314,1,1,0,0,0,0,0,0,0,0,0,0
2001,421315,0,1,0,0,0,0,0,0,0,20,0,0
2001,421315,1,1,0,0,0,0,0,0,0,0,0,0
2001,421315,2,1,0,0,0,0,0,0,0,0,0,0
2001,421316,1,1,16,16,16,16,16,16,16,16,16,16
2001,421316,2,1,0,0,0,0,0,0,0,0,0,0
2001,421317,1,1,20,20,20,20,20,20,20,20,20,20
2001,421318,0,1,0,0,0,0,0,0,0,0,0,0
2001,421318,1,1,0,0,0,4,0,10,0,0,0,0
2001,421319,0,1,0,0,0,0,0,0,0,0,0,0
2001,421319,1,1,0,0,0,0,0,0,0,0,0,0
2001,421320,1,1,21,21,21,21,21,21,21,21,21,21
2001,421320,2,1,28,7,21,0,0,0,0,0,0,0
2001,421321,1,1,0,0,0,0,0,0,0,0,0,0
2001,421321,2,1,0,0,0,0,0,0,0,0,0,0
2001,421322,1,1,0,0,0,0,0,0,0,0,0,0
2001,421322,2,1,0,0,0,0,0,0,0,0,0,0
2001,421323,0,1,0,0,0,0,0,0,0,0,0,0
2001,421323,1,1,0,0,0,0,0,16,0,0,0,0
2001,421324,1,1,0,0,0,0,0,0,0,0,0,0
2001,421324,2,1,0,0,0,0,0,0,0,0,0,0
2001,421325,0,1,20,20,20,20,20,20,20,20,20,20
2001,421325,1,1,0,0,0,0,0,0,0,0,0,0
2001,421326,1,1,17,17,17,17,17,17,17,17,17,17
2001,421327,1,1,0,0,0,0,0,0,0,0,0,0
2001,421327,2,1,0,0,0,0,0,0,0,0,0,0
2001,421328,1,1,0,0,0,0,0,0,0,0,0,0
2001,421328,2,1,0,0,0,0,0,0,0,11,0,0
2001,421328,3,1,0,0,0,0,0,0,0,0,0,0
2001,421329,1,1,11,0,0,0,21,0,3,9,0,0
2001,421330,1,1,0,0,0,0,0,0,0,0,0,0
2001,421330,2,1,0,0,0,0,8,0,0,0,23,0
2001,421331,1,1,15,15,15,15,15,15,15,15,15,15
2001,421331,2,1,0,0,0,0,0,0,0,0,0,0
2001,421332,1,1,20,20,20,20,20,20,20,20,20,20
2001,421333,1,1,0,0,0,0,0,0,0,0,0,0
2001,421333,2,1,0,0,0,22,16,4,0,28,0,0
2001,421334,1,1,29,0,0,21,0,12,30,0,0,0
2001,421335,1,1,26,26,26,26,26,26,26,26,26,26
2001,421335,2,1,0,10,9,10,15,12,14,13,13,8
2001,421336,1,1,11,0,0,7,24,15,8,11,0,0
2001,421336,2,1,0,0,0,0,0,0,0,0,14,0
2001,421337,0,1,0,0,0,0,0,0,0,0,0,0
2001,421337,1,1,0,0,0,0,0,0,0,0,0,0
2001,421338,1,1,0,0,0,0,12,0,0,0,0,0
2001,421339,1,1,0,0,0,0,0,0,0,0,0,0
2001,421339,2,1,0,0,0,0,0,0,0,0,0,0
2001,421340,0,1,0,0,0,0,0,0,0,0,0,0
2001,421340,1,1,14,0,0,0,0,0,0,0,0,18
2001,421341,1,1,0,0,0,0,0,0,0,0,0,0
2001,421341,2,1,0,22,8,0,0,29,10,0,11,29
2001,421342,1,1,9,0,0,0,2,0,0,0,0,0
2001,421342,2,1,0,0,0,0,0,0,0,0,0,0
2001,421343,0,1,0,0,0,0,0,0,0,0,0,0
2001,421343,1,1,0,0,0,0,0,0,0,0,0,0
2001,421344,1,1,0,0,0,0,0,0,0,0,0,0
2001,421344,2,1,0,0,0,0,0,0,0,0,0,0
2001,421345,1,1,0,0,0,0,0,0,0,0,0,0
2001,421345,2,1,0,0,0,0,0,0,0,0,0,0
2001,421346,1,1,22,22,22,22,22,22,22,22,22,22
2001,421347,1,1,0,0,0,0,0,0,0,0,0,0
2001,421347,2,1,0,0,0,0,0,0,0,0,0,0
2001,421348,1,1,0,0,0,0,0,0,0,0,0,0
2001,421348,2,1,12,0,0,0,0,0,0,0,0,0
2001,421349,1,1,13,0,0,0,0,9,9,0,18,0
2001,421350,1,1,15,15,15,15,15,15,15,15,15,15
2001,421351,1,1,15,15,15,15,15,15,15,15,15,15
2001,421352,1,1,5,5,5,5,5,5,5,5,5,5
2001,421353,1,1,0,0,0,0,0,0,0,0,0,0
2001,421353,2,1,0,0,0,0,0,0,0,0,0,0
2001,421354,1,1,15,15,15,15,15,15,15,15,15,15
2001,421355,1,1,15,15,15,15,15,15,15,15,15,15
2001,421356,1,1,11,11,11,11,11,11,11,11,11,11
2001,421357,1,1,0,0,0,0,0,0,6,0,0,0
2001,421357,2,1,0,0,0,0,0,0,0,0,0,0
2001,421358,1,1,10,10,10,10,10,10,10,10,10,10
2001,421358,2,1,8,8,8,8,8,8,8,8,8,8
2001,421359,0,1,0,0,0,0,0,0,0,0,0,0
2001,421359,1,1,0,5,16,0,0,5,0,0,0,0
2001,421360,1,1,30,30,30,30,30,30,30,30,30,30
2001,421361,0,1,0,0,0,0,0,0,0,0,0,0
2001,421361,1,1,0,0,0,0,0,0,0,0,0,0
2001,421361,2,1,6,0,0,6,0,0,0,0,0,0
2001,421362,1,1,0,0,0,0,0,0,0,0,0,0
2001,421362,2,1,0,18,0,0,0,0,0,0,0,0
2001,421362,3,1,0,0,0,0,0,0,0,0,0,0
2001,421362,4,1,0,0,0,0,0,0,0,0,0,0
2001,421362,5,1,0,0,0,0,0,0,0,0,0,0
2001,421362,6,1,0,0,0,0,0,0,0,0,24,0
2001,421362,7,1,0,0,0,0,0,0,0,0,0,0
2001,421362,8,1,0,0,0,0,0,0,0,0,0,0
2001,421362,9,1,0,0,0,0,0,0,0,0,0,0
2001,421362,10,1,0,0,0,0,0,0,0,0,0,0
2001,421362,11,1,0,0,0,0,0,0,0,0,0,0
2001,421362,12,1,0,0,0,0,0,0,0,0,0,0
2001,421362,13,1,0,0,0,0,0,0,0,0,0,0
2001,421362,14,1,0,0,0,0,0,0,0,0,0,0
2001,421362,15,1,0,0,0,0,0,0,13,0,0,0
2001,421362,16,1,0,0,0,3,0,0,0,0,3,0
2001,421362,17,1,0,0,0,0,0,0,0,0,0,0
2001,421362,18,1,0,0,0,0,0,0,0,0,0,0
2001,421362,19,1,0,0,0,0,0,0,0,0,0,0
2001,421362,20,1,0,0,19,0,0,0,0,0,0,0
2001,421362,21,1,0,0,0,0,0,0,0,0,0,0
2001,421362,22,1,0,0,0,0,0,0,0,0,0,0
2001,421362,23,1,0,0,0,0,0,0,0,0,0,0
2001,421362,24,1,0,0,0,0,0,0,0,0,0,0
2001,421362,25,1,4,0,0,0,0,13,0,0,17,0
2001,421362,26,1,0,0,0,0,0,0,0,0,0,0
2001,421362,27,1,0,0,0,0,0,0,0,0,0,0
2001,421362,28,1,0,0,0,0,0,0,0,0,0,0
2001,421362,29,1,0,0,0,0,0,0,0,0,0,0
2001,421362,30,1,0,0,0,0,0,0,3,0,0,0
2001,421362,31,1,0,0,0,0,0,0,0,0,4,0
2001,421362,32,1,0,0,0,0,0,0,0,0,0,0
2001,421362,33,1,0,0,0,0,0,0,0,0,0,0
2001,421362,34,1,0,0,0,0,0,0,0,0,0,0
2001,421362,35,1,0,0,0,0,0,0,0,0,0,0
2001,421362,36,1,0,0,15,12,0,0,0,0,0,0
2001,421362,37,1,0,0,0,0,0,0,0,0,0,0
2001,421362,38,1,0,0,0,0,0,0,0,0,0,0
2001,421362,39,1,0,0,0,0,0,0,0,0,0,0
2001,421362,40,1,0,0,0,0,0,0,0,0,0,0
2001,421362,41,1,0,0,0,0,0,0,0,0,0,0
2001,421362,42,1,0,0,0,0,0,0,0,0,0,0
2001,421362,43,1,0,0,0,0,0,0,0,0,0,0
2001,421362,44,1,0,0,0,0,0,0,0,0,0,0
2001,421362,45,1,0,0,0,0,0,0,0,0,0,12
2001,421362,46,1,0,0,0,0,0,0,0,0,0,0
2001,421362,47,1,0,0,0,0,0,0,0,0,0,0
2001,421362,48,1,0,0,0,0,0,0,0,0,0,0
2001,421362,49,1,0,0,0,0,0,0,0,0,0,0
2001,421362,50,1,0,0,0,0,0,0,0,0,0,0
2001,421362,51,1,0,0,0,0,11,0,0,6,0,0
2001,421362,52,1,0,0,0,0,0,0,0,0,0,0
2001,421362,53,1,0,0,0,0,0,0,0,0,0,0
2001,421362,54,1,0,0,0,0,0,0,0,0,0,0
2001,421362,55,1,0,0,0,0,0,0,0,0,0,0
2001,421362,56,1,0,0,0,0,0,0,0,0,0,0
2001,421363,0,1,0,27,0,0,0,0,0,0,0,0
2001,421363,0,2,0,0,0,0,0,0,0,0,0,0
2001,421363,1,1,0,0,0,11,0,0,0,0,0,0
2001,421364,1,1,10,10,10,10,10,10,10,10,10,10
2001,421365,1,1,0,0,23,14,0,0,13,0,0,14
2001,421366,1,1,6,0,19,9,0,20,12,6,0,8
2001,421366,2,1,0,0,0,0,0,0,0,0,0,0
2001,421367,1,1,0,16,0,0,11,28,9,0,0,19
2001,421368,1,1,28,28,28,28,28,28,28,28,28,28
2001,421369,0,1,0,0,0,0,0,0,0,0,0,7
2001,421369,1,1,0,0,0,0,0,0,0,0,0,0
2001,421370,1,1,13,0,0,0,0,0,0,0,0,0
2001,421370,2,1,0,0,0,0,0,0,0,0,0,0
2001,421371,1,1,0,0,8,0,0,0,0,0,0,0
2001,421372,1,1,11,20,25,0,23,8,8,21,12,0
2001,421373,1,1,0,0,0,0,0,0,0,0,0,0
2001,421374,1,1,21,43,21,10,15,31,21,18,12,12
2001,421376,1,1,0,0,0,0,0,0,0,0,0,0
2001,421376,2,1,0,0,0,0,0,0,0,12,0,0
2001,421377,1,1,12,12,12,12,12,12,12,12,12,12
2001,421378,1,1,0,0,0,0,0,0,0,0,0,0
2001,421378,2,1,0,0,0,0,0,0,0,0,0,0
2001,421379,0,1,0,0,0,0,0,0,0,0,0,0
2001,421379,0,2,0,0,0,0,0,0,0,0,0,0
2001,421379,0,3,0,0,0,0,0,0,0,0,0,0
2001,421379,0,4,0,0,0,0,0,0,0,0,0,0
2001,421379,0,5,0,0,0,0,0,0,0,0,0,0
2001,421379,1,1,0,0,0,0,0,0,0,0,0,0
2001,421380,1,1,24,24,24,24,24,24,24,24,24,24
2001,421380,2,1,5,13,22,10,9,7,14,8,2,2
2001,421381,1,1,0,0,0,0,0,0,17,0,0,0
2001,421381,2,1,2,2,2,2,2,2,2,2,2,2
2001,421382,1,1,0,0,0,0,0,0,0,0,0,0
2001,421382,2,1,0,0,0,0,0,0,0,0,0,0
2001,421383,1,1,0,0,0,0,0,0,0,0,0,0
2001,421383,2,1,0,0,0,0,0,0,0,0,0,0
2001,421384,1,1,0,10,18,0,0,0,15,0,0,0
2001,421385,1,1,0,0,0,0,0,0,0,0,0,0
2001,421385,2,1,0,0,0,0,0,0,0,0,0,0
2001,421386,1,1,0,9,29,0,0,0,0,0,0,0
2001,440001,1,1,17,17,17,17,17,17,17,17,17,17
2001,440002,1,1,0,35,0,0,10,0,0,0,0,11
2001,440003,1,2,26,26,26,26,26,26,26,26,26,26
2001,440004,1,1,11,8,7,7,19,26,20,7,10,14
2001,440005,0,1,31,31,31,31,31,31,31,31,31,31
2001,440005,1,1,24,10,7,24,7,0,13,0,0,0
2001,440006,1,1,20,20,20,20,20,20,20,20,20,20
2001,440006,2,1,0,0,0,0,0,0,0,0,0,0
2001,440007,1,1,6,6,6,6,6,6,6,6,6,6
2001,440007,2,1,0,0,0,0,0,0,0,3,0,0
2001,440008,0,1,22,22,22,22,22,22,22,22,22,22
2001,440008,1,1,4,0,13,0,0,0,0,30,0,21
2001,440009,0,1,0,0,0,0,0,0,0,0,0,0
2001,440009,1,1,0,0,0,0,0,0,0,0,0,0
2001,440010,1,1,2,2,2,2,2,2,2,2,2,2
2001,440011,1,1,20,20,20,20,20,20,20,20,20,20
2001,440011,2,1,0,0,17,0,0,17,9,0,0,3
2001,440012,1,1,20,20,20,20,20,20,20,20,20,20
2001,440013,1,1,22,22,22,22,22,22,22,22,22,22
2001,440014,1,1,16,16,16,16,16,16,16,16,16,16
2001,440015,1,1,0,0,0,0,0,0,0,0,0,0
2001,440015,2,1,0,0,0,0,0,0,0,0,0,0
2001,440015,3,1,0,0,0,0,0,0,0,0,0,0
2001,440015,4,1,0,0,0,0,0,0,0,0,0,0
2001,440015,5,1,0,0,0,0,0,0,0,0,0,0
2001,440016,1,1,12,12,12,12,12,12,12,12,12,12
2001,440017,0,1,0,0,0,0,0,0,0,0,0,0
2001,440017,1,1,31,31,31,31,31,31,31,31,31,31
2001,440018,1,1,0,0,0,0,0,0,0,0,0,0
2001,440019,1,1,0,0,0,0,0,0,0,0,0,0
2001,440020,1,1,21,21,21,21,21,21,21,21,21,21
2001,440021,1,1,23,23,23,23,23,23,23,23,23,23
2001,440022,1,1,0,0,0,0,0,0,0,0,0,0
2001,440023,1,2,9,0,0,0,4,0,23,0,14,0
2001,440024,1,1,0,0,0,0,0,0,0,0,0,0
2001,440024,2,1,0,16,0,26,16,0,19,11,0,13
2001,440025,1,1,10,10,10,10,10,10,10,10,10,10
2001,440026,1,2,22,18,9,4,12,14,15,3,15,9
2001,440027,0,1,0,0,0,0,0,0,0,0,0,0
2001,440027,1,1,0,0,0,0,0,0,0,0,0,0
2001,440028,1,1,0,0,0,0,0,0,0,0,0,0
2001,440028,2,1,0,0,0,0,0,0,0,0,0,0
2001,440029,1,1,4,4,4,4,4,4,4,4,4,4
2001,440030,0,1,4,4,4,4,4,4,4,4,4,4
2001,440030,1,1,0,0,0,0,0,0,0,0,0,0
2001,440031,1,1,0,0,0,0,0,0,0,0,0,0
2001,440032,1,1,0,0,0,0,0,0,0,0,0,0
2001,440033,1,1,19,19,19,19,19,19,19,19,19,19
2001,440034,1,1,0,0,0,0,0,0,0,0,0,0
2001,440034,2,1,0,0,0,0,0,0,0,0,0,0
2001,440035,1,1,0,0,0,0,0,0,0,0,0,0
2001,440036,1,1,0,0,0,0,0,0,0,0,0,0
2001,440037,1,1,0,0,0,0,0,0,0,0,0,0
2001,440038,1,1,12,12,12,12,12,12,12,12,12,12
2001,440039,1,1,20,40,0,7,0,0,5,0,14,0