YEAR,st_case,veh_no,per_no,P1,P2,P3,P4,P5,P6,P7,P8,P9,P10
2001,450257,2,1,15,0,0,0,0,0,0,0,0,0
2001,450258,1,1,6,0,23,8,0,20,22,19,0,0
2001,450258,2,1,0,0,0,0,0,0,0,0,0,0
2001,450259,1,1,21,21,21,21,21,21,21,21,21,21
2001,450260,1,1,32,32,32,32,32,32,32,32,32,32
2001,450261,1,1,0,0,0,0,0,0,0,0,0,0
2001,450262,1,1,0,0,0,0,0,0,0,0,0,0
2001,450262,2,1,0,0,0,0,0,0,0,0,0,0
2001,450263,1,1,14,0,2,0,0,0,0,0,0,8
2001,450263,2,1,15,15,15,15,15,15,15,15,15,15
2001,450263,3,1,0,0,15,0,0,10,0,0,0,0
2001,450264,1,1,0,0,0,0,0,17,6,0,0,0
2001,450264,2,1,0,5,0,0,23,10,0,0,0,12
2001,450265,1,1,0,0,0,0,0,21,0,24,0,0
2001,450265,2,1,0,0,0,0,8,0,0,0,0,0
2001,450265,3,1,0,0,0,11,0,0,17,0,15,0
2001,450266,0,1,0,0,0,0,0,0,0,0,0,0
2001,450266,1,1,11,0,0,0,0,0,0,14,0,0
2001,450267,0,1,37,0,0,0,0,0,0,0,0,13
2001,450267,1,1,0,16,0,18,6,0,9,0,0,0
2001,450268,1,1,0,0,0,0,0,0,0,0,0,0
2001,450269,1,1,17,17,17,17,17,17,17,17,17,17
2001,450270,1,1,23,0,0,0,19,0,0,29,0,6
2001,450271,1,1,17,17,17,17,17,17,17,17,17,17
2001,450271,2,1,0,11,15,11,13,32,0,10,10,0
2001,450272,1,1,18,20,15,9,22,19,7,20,10,8
2001,450273,1,1,18,13,16,1,0,6,13,19,19,17
2001,450273,2,1,0,0,0,0,0,0,0,0,0,0
2001,450274,1,1,12,12,12,12,12,12,12,12,12,12
2001,450275,1,1,0,0,0,0,0,0,0,0,0,0
2001,450275,2,1,24,24,24,24,24,24,24,24,24,24
2001,450276,1,1,0,0,0,0,0,0,10,0,0,0
2001,450276,2,1,0,0,0,0,0,0,0,0,0,0
2001,450277,1,1,0,0,0,0,0,0,0,0,0,0
2001,450277,2,1,0,0,0,0,0,0,0,0,0,0
2001,450278,1,1,0,0,0,0,0,0,0,0,0,0
2001,450279,1,1,8,7,0,0,11,20,0,15,0,0
2001,450281,1,1,26,26,26,26,26,26,26,26,26,26
2001,450282,1,1,0,0,0,0,8,4,15,0,0,7
2001,450282,2,1,0,0,0,0,0,0,0,0,0,0
2001,450283,1,1,35,24,7,9,10,21,19,4,15,0
2001,450284,1,1,0,0,0,0,0,0,0,0,0,0
2001,450284,2,1,18,18,18,18,18,18,18,18,18,18
2001,450285,1,1,13,13,13,13,13,13,13,13,13,13
2001,450286,1,1,0,0,0,0,0,0,0,0,0,0
2001,450286,2,1,0,0,0,0,0,0,0,14,0,0
2001,450287,0,1,29,29,29,29,29,29,29,29,29,29
2001,450287,1,1,11,0,0,0,0,0,0,0,0,23
2001,450288,1,1,0,0,0,0,0,0,0,0,0,0
2001,450289,1,1,9,9,9,9,9,9,9,9,9,9
2001,450289,2,1,0,18,0,0,0,0,4,5,0,14
2001,450290,1,1,29,29,29,29,29,29,29,29,29,29
2001,450291,1,1,7,7,7,7,7,7,7,7,7,7
2001,450292,1,1,17,0,26,20,32,0,6,0,24,31
2001,450292,2,1,20,12,0,0,21,16,12,0,7,22
2001,450293,1,1,0,0,0,0,0,0,0,0,0,0
2001,450293,2,1,18,16,0,12,18,0,10,14,17,10
2001,450294,1,1,21,21,21,21,21,21,21,21,21,21
2001,450295,0,1,0,0,0,0,0,0,0,0,0,0
2001,450295,1,1,0,0,0,0,0,0,0,0,0,16
2001,450296,0,1,15,0,0,12,0,0,35,0,36,28
2001,450296,0,2,17,0,9,42,23,0,10,0,32,0
2001,450296,1,1,15,0,21,0,0,14,13,17,27,20
2001,450297,0,1,14,14,14,14,14,14,14,14,14,14
2001,450297,1,1,0,0,6,7,0,0,30,0,12,11
2001,450298,1,1,9,9,9,9,9,9,9,9,9,9
2001,450299,1,1,8,0,7,12,0,6,0,0,0,0
2001,450299,2,1,0,0,0,0,0,0,0,0,0,0
2001,450299,3,1,0,0,29,20,0,0,0,0,0,0
2001,450300,0,1,24,24,24,24,24,24,24,24,24,24
2001,450300,1,1,6,13,23,16,0,0,0,0,0,0
2001,450301,1,1,26,26,26,26,26,26,26,26,26,26
2001,450302,1,1,14,20,16,14,18,16,25,18,18,16
2001,450303,1,1,6,0,0,0,16,0,7,0,18,0
2001,450303,2,1,0,0,0,0,0,0,0,0,18,0
2001,450304,0,1,27,27,27,27,27,27,27,27,27,27
2001,450304,1,1,0,0,0,8,0,0,14,0,0,0
2001,450305,1,1,0,0,0,0,0,0,0,0,0,0
2001,450305,2,1,0,21,0,0,0,0,0,10,10,39
2001,450306,1,1,10,20,20,9,12,19,13,17,28,2
2001,450307,1,1,0,0,0,0,0,0,0,0,0,0
2001,450307,2,1,0,0,0,0,0,0,0,0,0,0
2001,450308,1,1,0,5,0,0,0,0,0,23,0,0
2001,450309,1,1,30,30,30,30,30,30,30,30,30,30
2001,450310,1,1,0,0,0,0,0,0,0,0,0,0
2001,450311,1,1,0,0,0,0,0,0,0,0,0,0
2001,450311,2,1,0,0,0,0,0,0,0,0,0,0
2001,450312,1,1,0,0,0,0,0,0,0,0,0,0
2001,450312,2,1,0,0,0,0,0,0,0,0,0,0
2001,450313,1,1,2,0,0,0,0,0,0,13,0,0
2001,450313,2,1,0,0,0,0,0,0,0,0,0,0
2001,450314,1,1,0,0,0,0,0,0,0,0,0,13
2001,450314,2,1,0,0,0,0,15,3,0,0,0,0
2001,450315,1,1,0,0,0,0,0,0,0,0,0,0
2001,450315,2,1,0,0,0,0,0,0,0,0,0,0
2001,450316,1,1,0,0,0,0,0,0,0,0,0,0
2001,450316,2,1,32,32,32,32,32,32,32,32,32,32
2001,450317,0,1,0,0,0,0,0,0,0,0,0,0
2001,450317,1,1,0,0,0,0,0,0,0,0,0,0
2001,450318,1,1,0,0,0,0,0,0,0,0,0,0
2001,450318,2,1,0,0,0,0,0,0,0,0,0,0
2001,450318,3,1,0,0,0,0,16,0,0,0,0,0
2001,450319,1,1,17,0,0,0,0,0,4,8,0,0
2001,450319,2,1,0,0,5,0,0,0,0,0,0,0
2001,450320,1,1,3,13,22,23,16,10,10,20,7,17
2001,450321,1,1,16,16,16,16,16,16,16,16,16,16
2001,450322,1,1,15,11,15,24,11,22,16,41,24,37
2001,450322,2,1,0,0,0,0,0,0,0,0,0,0
2001,450323,1,1,7,23,0,5,32,0,7,11,27,8
2001,450323,2,1,0,0,0,0,0,0,0,0,0,0
2001,450324,1,1,11,11,11,11,11,11,11,11,11,11
2001,450325,1,1,0,0,0,0,8,0,0,0,4,0
2001,450325,2,1,17,17,17,17,17,17,17,17,17,17
2001,450326,0,1,15,15,15,15,15,15,15,15,15,15
2001,450326,1,1,12,12,6,8,15,0,14,8,20,8
2001,450326,2,1,0,0,0,0,0,0,0,0,0,0
2001,450327,1,1,16,16,16,16,16,16,16,16,16,16
2001,450327,2,1,0,0,0,0,0,0,0,0,0,0
2001,450328,1,2,16,28,18,20,16,18,24,21,22,15
2001,450329,1,2,21,24,27,9,11,9,27,44,23,24
2001,450330,1,1,0,0,0,0,0,0,0,0,0,0
2001,450330,2,1,0,0,0,0,0,0,0,0,0,0
2001,450330,3,1,0,0,0,0,0,0,13,0,0,0
2001,450331,1,1,0,23,19,0,12,0,0,0,0,46
2001,450332,1,1,0,0,0,0,0,0,0,0,0,0
2001,450332,2,1,0,0,0,0,0,0,0,0,0,0
2001,450333,1,1,0,0,0,0,0,0,0,0,0,0
2001,450333,2,1,9,9,9,9,9,9,9,9,9,9
2001,450334,1,1,0,0,0,0,0,0,0,0,0,0
2001,450335,1,1,0,21,0,0,0,0,0,0,0,0
2001,450336,1,1,16,16,16,16,16,16,16,16,16,16
2001,450337,1,1,0,0,0,0,0,0,0,0,0,0
2001,450338,1,1,36,36,36,36,36,36,36,36,36,36
2001,450339,1,1,0,0,0,0,0,0,0,0,0,0
2001,450340,1,1,0,0,0,0,0,0,0,14,18,4
2001,450340,2,1,3,0,0,0,0,0,0,0,0,0
2001,450341,1,1,0,0,0,0,0,0,0,0,0,0
2001,450342,1,1,0,0,0,0,0,0,0,0,13,0
2001,450342,2,1,0,0,0,0,0,0,0,0,0,0
2001,450343,1,1,15,15,15,15,15,15,15,15,15,15
2001,450344,1,1,9,9,9,9,9,9,9,9,9,9
2001,450344,2,1,19,0,11,0,0,0,0,0,0,0
2001,450344,3,1,0,0,0,0,0,0,0,0,0,0
2001,450345,0,1,0,0,0,0,0,0,0,0,0,0
2001,450345,1,1,0,0,0,0,0,0,0,0,0,0
2001,450346,0,1,25,25,25,25,25,25,25,25,25,25
2001,450346,1,1,0,6,0,0,0,0,0,0,0,0
2001,450347,1,1,21,21,28,21,16,16,6,20,16,26
2001,450348,0,1,17,17,17,17,17,17,17,17,17,17
2001,450348,1,1,8,0,0,0,0,0,0,0,6,0
2001,450349,1,1,25,25,25,25,25,25,25,25,25,25
2001,450350,1,1,0,0,0,0,0,0,0,0,0,0
2001,450351,0,1,27,27,27,27,27,27,27,27,27,27
2001,450351,1,1,0,0,0,0,0,0,0,0,0,0
2001,450352,1,1,0,0,0,0,0,0,29,0,0,0
2001,450352,2,1,8,0,0,0,0,0,0,0,0,0
2001,450353,1,1,21,0,0,7,0,12,25,4,16,14
2001,450355,1,1,0,0,0,0,0,0,0,0,18,0
2001,450355,2,1,0,0,0,0,0,0,0,0,0,0
2001,450356,1,1,0,0,0,0,0,0,0,0,0,0
2001,450356,2,1,0,25,17,11,15,11,14,13,20,13
2001,450357,1,1,5,0,14,0,0,0,0,0,0,14
2001,450357,2,1,0,0,0,0,0,0,0,0,0,0
2001,450358,1,1,0,0,12,0,0,8,21,0,0,0
2001,450358,2,1,32,32,32,32,32,32,32,32,32,32
2001,450359,0,1,8,8,8,8,8,8,8,8,8,8
2001,450359,1,1,0,0,0,0,0,0,0,0,0,0
2001,450360,1,1,7,13,23,31,0,31,13,11,18,16
2001,450361,1,1,20,0,0,0,0,0,0,22,0,0
2001,450361,2,1,5,20,26,13,10,0,16,18,25,4
2001,450362,1,1,0,0,0,9,0,0,0,0,22,0
2001,450363,0,1,21,21,21,21,21,21,21,21,21,21
2001,450363,1,1,8,19,0,15,0,0,20,12,6,0
2001,450364,1,1,5,12,5,8,7,0,0,0,0,0
2001,450364,2,1,0,0,0,0,0,0,0,0,0,0
2001,450365,1,1,19,19,19,19,19,19,19,19,19,19
2001,450365,2,1,0,0,0,0,0,0,0,0,0,0
2001,450366,1,1,0,0,0,0,0,0,0,0,9,0
2001,450367,1,1,0,0,0,0,0,0,0,0,0,0
2001,450367,2,1,19,19,19,19,19,19,19,19,19,19
2001,450367,3,1,0,0,0,0,0,0,0,0,0,0
2001,450368,1,1,40,40,40,40,40,40,40,40,40,40
2001,450369,0,1,21,0,17,33,38,0,0,0,8,0
2001,450369,1,1,0,0,2,0,6,15,26,0,0,0
2001,450370,1,1,0,0,0,0,0,0,0,0,0,0
2001,450370,2,1,0,0,0,0,0,0,0,0,0,0
2001,450370,3,1,0,0,0,0,0,0,0,0,0,0
2001,450371,1,1,0,0,0,38,25,4,23,0,23,4
2001,450372,1,1,0,0,7,0,3,0,0,0,0,0
2001,450372,2,1,0,0,0,0,0,0,0,11,0,12
2001,450373,1,1,15,15,15,15,15,15,15,15,15,15
2001,450374,0,1,0,0,0,0,0,0,0,0,0,0
2001,450374,1,1,25,0,0,0,0,0,8,0,0,0
2001,450375,1,1,0,0,0,0,0,0,0,0,0,0
2001,450375,2,1,22,22,22,22,22,22,22,22,22,22
2001,450376,1,1,20,20,20,20,20,20,20,20,20,20
2001,450377,1,1,13,14,0,19,11,0,14,14,0,9
2001,450378,1,1,20,20,20,20,20,20,20,20,20,20
2001,450378,2,1,13,3,12,19,7,22,7,27,10,3
2001,450379,0,1,34,34,34,34,34,34,34,34,34,34
2001,450379,1,1,19,0,9,0,0,16,0,23,0,0
2001,450380,1,1,19,12,0,0,0,6,15,2,16,8
2001,450380,2,1,0,0,0,0,0,0,0,0,0,0
2001,450381,1,1,0,0,0,0,15,0,4,0,0,14
2001,450382,1,1,32,32,32,32,32,32,32,32,32,32
2001,450383,0,1,27,27,27,27,27,27,27,27,27,27
2001,450383,1,1,10,0,0,0,15,0,0,0,0,0
2001,450384,1,1,0,0,0,0,9,6,0,10,0,0
2001,450385,1,1,0,15,13,21,25,0,0,0,0,0
2001,450386,1,1,0,0,0,0,0,0,0,0,0,0
2001,450386,2,1,0,0,0,0,0,0,0,0,0,0
2001,450387,1,1,19,19,19,19,19,19,19,19,19,19
2001,450388,1,1,0,0,0,0,0,0,0,0,15,0
2001,450389,1,1,0,0,0,0,0,0,0,0,0,0
2001,450390,1,1,7,7,7,7,7,7,7,7,7,7
2001,450392,1,1,7,37,11,14,26,24,24,17,19,10
2001,450393,1,1,0,0,0,0,13,12,0,0,24,0
2001,450394,1,1,33,33,33,33,33,33,33,33,33,33
2001,450395,1,1,0,0,0,0,0,0,0,0,0,0
2001,450396,1,1,0,0,0,0,0,0,0,0,0,0
2001,450397,1,1,0,0,0,0,0,0,13,0,0,0
2001,450397,2,1,0,0,6,0,0,0,2,0,0,0
2001,450398,1,1,21,21,21,21,21,21,21,21,21,21
2001,450398,2,1,18,18,18,18,18,18,18,18,18,18
2001,450398,3,1,0,0,0,0,0,0,0,0,0,0
2001,450399,1,1,10,14,0,0,0,0,0,0,0,0
2001,450400,1,1,0,0,0,0,0,0,0,0,0,0
2001,450401,1,1,0,0,0,0,0,9,0,0,0,0
2001,450401,2,1,17,17,17,17,17,17,17,17,17,17
2001,450402,1,1,0,21,0,0,6,12,0,0,0,13
2001,450402,2,1,4,4,4,4,4,4,4,4,4,4
2001,450403,1,1,25,25,25,25,25,25,25,25,25,25
2001,450404,1,1,11,11,11,11,11,11,11,11,11,11
2001,450405,1,1,0,0,0,0,0,0,0,0,0,0
2001,450405,2,1,0,0,0,0,0,0,0,0,0,0
2001,450406,0,1,0,16,9,30,18,0,3,0,23,16
2001,450406,1,1,21,8,6,13,16,4,6,0,0,0
2001,450407,1,1,25,10,0,0,16,15,0,0,0,0
2001,450408,1,1,0,0,0,0,0,0,0,0,0,0
2001,450408,2,1,0,0,0,0,0,0,0,0,0,0
2001,450409,1,1,25,25,25,25,25,25,25,25,25,25
2001,450410,1,1,27,27,27,27,27,27,27,27,27,27
2001,450410,2,1,0,0,0,0,0,0,0,0,0,0
2001,450411,1,1,13,14,24,12,11,19,24,12,8,11
2001,450412,1,1,0,0,0,0,0,0,0,0,0,0
2001,450412,2,1,11,11,11,11,11,11,11,11,11,11
2001,450413,1,1,13,21,8,0,0,0,20,0,15,0
2001,450414,0,1,0,0,0,0,0,0,0,0,0,0
2001,450414,1,1,19,0,18,0,0,0,0,11,18,0
2001,450415,1,1,29,2,0,18,6,0,0,0,0,0
2001,450416,1,1,0,0,15,10,0,10,0,7,12,2
2001,450416,2,1,4,4,4,4,4,4,4,4,4,4
2001,450417,1,1,0,0,0,0,0,0,0,0,0,0
2001,450417,2,1,0,0,0,0,0,0,0,0,0,0
2001,450417,3,1,0,0,0,0,0,0,0,0,0,0
2001,450418,1,1,18,18,18,18,18,18,18,18,18,18
2001,450419,1,1,5,20,17,12,5,9,9,13,20,9
2001,450420,1,1,0,0,0,0,0,0,0,0,0,0
2001,450421,1,1,0,0,0,0,0,0,0,0,17,0
2001,450421,2,1,0,0,0,0,0,0,0,0,0,0
2001,450422,1,1,12,12,12,12,12,12,12,12,12,12
2001,450423,1,1,0,0,0,0,0,0,0,0,0,0
2001,450424,1,1,8,13,0,0,8,19,0,0,0,21
2001,450425,1,1,9,9,9,9,9,9,9,9,9,9
2001,450426,1,1,0,0,0,0,0,0,0,0,0,0
2001,450426,2,1,0,0,0,0,0,0,0,0,0,0
2001,450427,0,1,33,33,33,33,33,33,33,33,33,33
2001,450427,1,1,0,0,0,0,0,0,0,0,0,0
2001,450427,2,1,0,0,0,0,0,0,0,0,0,0
2001,450428,1,1,0,0,0,0,0,0,0,0,0,0
2001,450429,1,1,18,0,13,0,11,11,14,7,20,6
2001,450430,1,1,24,24,24,24,24,24,24,24,24,24
2001,450431,1,1,0,0,8,0,0,0,0,0,0,0
2001,450431,2,1,5,9,32,20,10,43,35,19,12,0
2001,450432,1,1,0,0,0,0,0,0,0,0,3,10
2001,450432,2,1,0,0,0,0,0,0,0,0,0,0
2001,450433,1,1,0,0,0,0,0,0,0,0,0,21
2001,450433,2,1,0,0,0,0,0,0,0,0,0,0
2001,450434,1,1,0,0,0,0,0,0,0,0,0,0
2001,450434,2,1,30,0,0,0,0,0,0,0,0,0
2001,450435,1,1,0,0,14,0,0,0,0,0,0,0
2001,450435,2,1,0,0,0,0,0,0,0,0,0,0
2001,450436,1,1,27,15,38,0,12,6,12,0,15,6
2001,450436,2,1,0,10,0,0,0,0,0,0,0,0
2001,450436,3,1,0,12,10,0,0,18,0,3,4,0
2001,450437,1,1,0,0,0,0,0,0,0,0,0,0
2001,450438,1,1,0,18,27,0,0,13,12,12,0,0
2001,450439,1,1,13,9,33,36,17,0,14,16,13,23
2001,450440,1,1,0,0,0,0,0,0,0,0,0,0
2001,450440,2,1,0,0,0,0,0,6,0,0,0,0
2001,450440,3,1,0,5,0,0,0,0,0,0,0,0
2001,450440,4,1,0,0,0,0,0,0,0,0,0,0
2001,450441,1,2,0,0,17,5,10,9,15,0,16,0
2001,450442,0,1,0,24,20,4,26,47,7,8,12,37
2001,450442,0,2,22,0,20,16,18,23,18,0,46,21
2001,450442,1,1,7,0,0,0,0,0,0,0,0,26
2001,450442,2,1,0,0,14,0,18,0,0,0,0,0
2001,450442,3,1,5,5,5,5,5,5,5,5,5,5
2001,450443,0,1,0,0,0,4,10,21,44,0,0,0
2001,450443,1,1,0,0,0,0,0,0,0,0,4,0
2001,450444,0,1,10,10,10,10,10,10,10,10,10,10
2001,450444,1,1,14,17,0,15,14,20,12,14,0,8
2001,450444,2,1,0,16,0,0,1,0,0,0,51,0
2001,450445,1,1,0,13,0,21,4,7,10,9,9,8
2001,450446,1,1,0,12,6,8,10,12,10,21,11,9
2001,450447,1,1,31,31,31,31,31,31,31,31,31,31
2001,450448,0,1,0,0,0,0,0,0,0,0,0,0
2001,450449,1,1,0,0,0,0,0,0,0,0,0,0
2001,450450,1,1,0,0,0,0,0,0,0,0,0,0
2001,450450,2,1,0,0,0,0,0,0,0,0,0,0
2001,450451,1,1,22,20,23,0,0,3,19,23,34,0
2001,450451,2,1,0,5,0,0,0,0,0,4,15,12
2001,450452,1,1,0,0,0,0,0,0,0,0,0,0
2001,450452,2,1,3,3,3,3,3,3,3,3,3,3
2001,450453,1,1,0,0,0,0,0,0,0,0,0,0
2001,450454,1,1,19,19,19,19,19,19,19,19,19,19
2001,450455,1,1,0,0,0,0,0,0,0,0,0,0
2001,450456,1,1,0,0,0,0,0,0,0,18,20,0
2001,450456,2,1,0,0,0,0,0,0,0,0,0,0
2001,450457,0,1,0,0,0,0,0,0,0,0,0,0
2001,450457,1,1,0,0,0,0,0,0,0,0,0,0
2001,450458,1,1,12,0,0,16,0,0,0,23,24,8
2001,450459,1,1,17,10,0,0,0,23,0,6,14,4
2001,450460,1,1,0,0,0,0,9,0,0,0,0,0
2001,450461,1,1,0,0,0,0,0,0,0,0,0,0
2001,450462,1,1,0,3,0,0,0,0,0,0,0,0
2001,450463,1,1,0,0,0,0,0,0,0,0,0,0
2001,450464,0,1,0,0,0,0,0,0,0,0,0,0
2001,450464,1,1,11,11,11,11,11,11,11,11,11,11
2001,450465,0,1,11,0,0,33,0,0,14,21,25,0
2001,450465,1,1,0,12,0,13,16,19,17,0,0,0
2001,450466,1,1,0,0,0,0,0,0,0,11,0,0
2001,450466,2,1,0,0,0,0,0,0,0,0,0,0
2001,450467,1,1,0,0,0,0,0,0,0,0,0,0
2001,450467,2,1,0,5,0,0,0,12,0,0,0,0
2001,450468,1,1,0,0,0,0,0,0,0,0,0,0
2001,450469,1,1,0,0,0,0,0,0,0,0,0,0
2001,450469,2,1,0,0,0,0,0,0,0,0,0,0
2001,450469,3,1,0,0,0,0,0,0,0,0,0,0
2001,450470,1,1,0,0,0,0,0,0,0,0,0,0
2001,450470,2,1,0,0,0,0,0,0,0,0,0,0
2001,450470,3,1,28,0,0,0,0,0,0,0,0,0
2001,450471,1,1,12,12,12,12,12,12,12,12,12,12
2001,450472,1,1,21,2,0,14,17,15,28,15,0,19
2001,450473,0,1,0,0,0,0,0,0,0,0,0,0
2001,450473,1,1,7,25,12,32,0,11,0,0,0,0
2001,450474,1,1,0,0,0,0,0,14,0,11,0,17
2001,450474,2,1,0,0,0,0,0,0,0,0,0,0
2001,450475,1,1,0,0,0,0,0,0,0,0,0,0
2001,450475,2,1,0,9,0,10,0,0,0,20,0,0
2001,450476,1,1,0,0,0,0,0,0,0,0,0,0
2001,450476,2,1,0,0,0,0,0,0,0,0,0,0
2001,450477,1,1,20,20,20,20,20,20,20,20,20,20
2001,450478,1,1,0,0,0,0,0,0,0,0,0,0
2001,450478,2,1,0,0,0,0,0,0,0,0,0,0
2001,450479,1,1,24,24,24,24,24,24,24,24,24,24
2001,450480,1,1,12,12,12,12,12,12,12,12,12,12
2001,450481,1,1,18,11,0,13,17,18,16,18,12,13
2001,450482,1,1,0,6,0,0,0,0,0,0,0,0
2001,450483,1,1,0,0,0,0,0,11,0,0,0,0
2001,450484,1,1,17,17,17,17,17,17,17,17,17,17
2001,450485,1,1,0,0,0,0,0,0,0,0,0,0
2001,450485,2,1,17,0,17,26,21,15,28,7,13,15
2001,450486,0,1,36,36,36,36,36,36,36,36,36,36
2001,450486,1,1,0,0,0,10,23,0,0,0,14,0
2001,450487,1,1,15,15,15,15,15,15,15,15,15,15
2001,450488,0,1,0,0,0,0,0,0,0,0,0,0
2001,450488,1,1,0,0,0,0,0,0,0,0,0,0
2001,450489,1,1,14,14,14,14,14,14,14,14,14,14
2001,450490,1,1,19,19,19,19,19,19,19,19,19,19
2001,450491,1,1,36,5,0,21,14,0,17,14,37,17
2001,450492,1,1,27,16,18,25,17,26,18,7,6,7
2001,450493,1,1,0,19,0,0,9,0,0,0,0,0
2001,450493,2,1,18,9,0,0,0,19,0,14,0,0
2001,450494,0,1,0,0,0,17,0,0,0,0,6,0
2001,450494,1,1,16,0,0,7,5,15,0,0,14,0
2001,450495,1,1,0,0,0,0,0,0,0,0,0,0
2001,450495,2,1,16,3,12,26,8,5,5,0,12,6
2001,450496,1,1,20,0,0,0,7,0,0,0,0,0
2001,450497,1,1,21,21,21,21,21,21,21,21,21,21
2001,450497,2,1,2,2,2,2,2,2,2,2,2,2
2001,450498,0,1,0,0,0,0,0,0,0,0,0,0
2001,450498,1,1,0,0,0,0,0,12,0,0,0,0
2001,450499,1,1,0,0,0,0,0,4,0,0,0,0
2001,450499,2,1,0,0,0,0,0,0,0,0,0,0
2001,450500,1,1,23,24,6,5,4,14,0,5,0,15
2001,450501,1,1,0,0,0,0,15,0,0,0,0,0
2001,450501,2,1,0,0,0,0,0,0,0,0,0,0
2001,450502,1,1,0,0,0,0,0,0,0,0,0,0
2001,450503,1,1,0,0,0,0,12,0,0,0,0,0
2001,450503,2,1,0,0,0,0,0,0,0,0,0,0
2001,450503,3,1,0,0,0,0,0,0,0,0,0,0
2001,450503,4,1,37,37,37,37,37,37,37,37,37,37
2001,450504,0,1,24,24,24,24,24,24,24,24,24,24
2001,450504,1,1,0,0,0,0,14,0,0,0,0,0
2001,450505,1,1,15,15,15,15,15,15,15,15,15,15
2001,450506,1,1,29,29,29,29,29,29,29,29,29,29
2001,450506,2,1,17,6,0,0,0,0,0,7,3,0
2001,450507,1,1,0,0,0,0,0,0,0,0,0,0
2001,450507,2,1,0,0,0,0,0,0,0,0,0,0
2001,450508,1,1,16,16,16,16,16,16,16,16,16,16
2001,450510,1,1,0,0,0,0,0,0,0,0,0,0
2001,450511,1,1,19,19,19,19,19,19,19,19,19,19
2001,450512,1,1,20,20,20,20,20,20,20,20,20,20
2001,450512,2,1,0,0,0,0,0,0,0,0,0,0
2001,450512,3,1,0,0,0,0,0,0,0,0,0,0
2001,450513,1,1,0,0,0,0,0,0,0,0,0,0
2001,450513,2,1,0,7,0,0,0,0,0,0,0,0
2001,450513,3,1,0,0,0,0,0,0,0,0,0,0
2001,450514,1,1,14,24,5,23,13,25,12,16,18,15
2001,450515,1,1,32,32,32,32,32,32,32,32,32,32
2001,450516,1,1,0,0,0,14,0,0,0,0,0,0
2001,450516,2,1,0,0,0,0,0,0,0,0,0,0
2001,450517,1,1,20,20,20,20,20,20,20,20,20,20
2001,450518,1,1,0,0,0,0,0,0,0,0,0,0
2001,450518,2,1,0,0,0,0,0,0,0,0,0,0
2001,450519,0,1,20,20,20,20,20,20,20,20,20,20
2001,450519,1,1,0,0,0,0,0,0,0,0,0,0
2001,450520,0,1,29,29,29,29,29,29,29,29,29,29
2001,450520,1,1,0,11,0,0,14,0,0,12,0,0
2001,450521,1,1,0,0,0,0,0,0,0,11,0,0
2001,450521,2,1,0,0,0,0,0,0,0,0,0,0
2001,450522,1,1,7,0,0,8,0,0,0,0,0,0
2001,450522,2,1,0,0,0,0,0,0,0,0,0,0
2001,450523,1,1,0,0,0,0,0,0,0,0,0,0
2001,450523,2,1,0,0,0,0,0,0,0,0,10,0
2001,450524,1,1,8,0,0,0,0,25,0,0,0,22
2001,450524,2,1,4,0,0,0,0,0,0,7,0,0
2001,450525,1,1,0,0,0,0,0,0,0,0,0,0
2001,450525,2,1,0,0,0,0,0,0,0,25,0,0
2001,450527,1,1,0,2,3,9,0,0,0,0,0,0
2001,450527,2,1,0,0,0,0,0,0,0,0,0,0
2001,450527,3,1,0,0,0,0,0,0,0,0,0,0
2001,450528,1,1,0,0,0,0,0,0,0,0,0,0
2001,450528,2,1,0,0,0,0,0,0,0,0,0,0
2001,450529,1,1,0,0,0,0,0,0,0,0,0,0
2001,450529,2,1,0,0,0,0,0,0,0,0,0,0
2001,450530,1,1,0,10,0,0,6,11,12,17,0,0
2001,450532,1,1,0,0,0,0,0,0,0,0,0,0
2001,450533,1,1,10,10,10,10,10,10,10,10,10,10
2001,450534,1,1,7,7,7,7,7,7,7,7,7,7
2001,450535,1,1,0,0,0,0,0,0,0,0,0,0
2001,450535,2,1,0,0,0,0,0,0,2,0,0,0
2001,450536,1,1,0,0,0,0,0,0,0,0,0,0
2001,450536,2,1,0,0,0,0,0,0,0,0,0,0
2001,450537,1,1,15,11,15,2,13,0,0,0,10,0
2001,450538,1,1,0,26,0,0,7,16,5,8,31,14
2001,450538,2,1,0,22,0,12,18,0,12,13,0,0