YEAR,st_case,veh_no,per_no,P1,P2,P3,P4,P5,P6,P7,P8,P9,P10
2001,481292,2,1,0,0,0,0,0,0,0,0,0,0
2001,481292,3,1,0,0,0,0,0,0,0,0,0,0
2001,481293,1,1,0,0,0,0,0,0,0,0,0,0
2001,481294,1,1,16,0,0,0,0,0,2,12,0,0
2001,481295,1,1,0,20,0,0,13,23,10,12,0,0
2001,481296,1,1,0,13,0,22,13,27,10,14,16,0
2001,481297,1,1,15,36,0,0,23,18,8,14,10,12
2001,481298,1,1,9,16,14,15,21,20,0,14,15,28
2001,481299,1,1,28,30,14,17,18,8,17,16,38,12
2001,481300,1,1,0,0,7,19,0,0,0,0,0,0
2001,481301,1,1,0,0,0,0,0,0,0,0,0,0
2001,481301,2,1,0,0,0,0,0,0,0,0,0,0
2001,481302,1,1,0,0,0,0,0,0,0,0,0,0
2001,481302,2,1,0,0,0,0,0,0,0,0,0,0
2001,481303,1,1,0,0,0,0,0,0,0,0,0,11
2001,481304,1,1,0,0,0,0,0,0,0,0,0,0
2001,481304,2,1,0,0,0,0,0,0,0,0,0,0
2001,481305,1,1,0,0,0,0,0,0,0,0,0,0
2001,481305,2,1,0,0,0,0,0,0,0,0,0,0
2001,481305,3,1,0,0,0,0,0,0,0,0,0,0
2001,481305,4,1,0,0,0,0,0,0,0,0,0,0
2001,481305,5,1,0,0,0,0,0,0,0,0,4,0
2001,481306,1,1,24,18,0,21,9,31,0,0,11,0
2001,481306,2,1,14,20,0,11,20,15,0,0,14,0
2001,481307,1,1,0,0,8,0,0,0,0,9,0,0
2001,481307,2,1,0,9,0,8,0,0,0,0,0,0
2001,481308,1,1,31,3,27,2,0,3,0,0,6,0
2001,481309,0,1,25,25,25,25,25,25,25,25,25,25
2001,481309,1,1,24,0,0,0,0,0,0,11,16,0
2001,481309,2,1,0,0,7,0,0,0,0,0,0,0
2001,481310,1,1,9,16,0,14,0,0,19,0,0,0
2001,481310,2,1,0,0,0,0,0,0,0,0,0,0
2001,481311,0,1,18,0,15,0,27,0,0,32,0,16
2001,481311,1,1,0,0,0,21,0,0,0,0,9,0
2001,481312,1,1,0,7,0,0,0,0,0,0,4,0
2001,481312,2,1,0,0,0,0,0,0,0,0,0,0
2001,481313,1,1,16,20,20,18,0,9,5,12,14,15
2001,481314,1,1,22,22,22,22,22,22,22,22,22,22
2001,481315,1,1,24,10,7,16,2,17,16,0,39,29
2001,481316,1,1,0,0,0,0,0,0,0,0,0,0
2001,481316,2,1,0,0,0,0,0,0,0,0,0,0
2001,481317,1,1,18,18,18,18,18,18,18,18,18,18
2001,481317,2,1,0,0,0,0,0,0,0,0,0,0
2001,481318,1,1,0,0,0,0,0,0,0,0,0,0
2001,481319,1,1,0,0,0,0,0,0,0,0,5,0
2001,481319,2,1,0,0,0,0,0,0,0,0,0,10
2001,481320,1,1,0,0,0,16,16,0,12,17,30,18
2001,481320,2,1,0,0,0,0,0,0,0,0,2,0
2001,481321,1,1,0,0,0,0,0,0,0,0,0,0
2001,481321,2,1,0,0,0,0,0,0,0,0,0,0
2001,481321,3,1,0,0,0,0,0,0,0,0,0,0
2001,481322,1,1,0,0,6,0,0,15,0,0,18,24
2001,481323,1,1,28,11,0,27,25,21,0,16,17,0
2001,481324,1,1,0,0,0,0,0,0,0,0,0,0
2001,481324,2,1,0,0,0,0,0,0,0,0,0,0
2001,481325,1,1,0,0,0,0,0,0,0,0,0,0
2001,481325,2,1,0,0,0,0,0,0,0,0,0,0
2001,481326,0,1,0,0,0,0,0,0,0,0,0,0
2001,481326,1,1,0,0,0,0,0,18,0,9,10,0
2001,481327,1,1,18,20,0,0,0,0,6,9,0,7
2001,481327,2,1,0,11,25,18,15,20,22,10,19,34
2001,481328,0,1,0,0,0,22,0,0,0,23,0,0
2001,481328,1,1,0,13,0,0,0,11,15,3,0,0
2001,481329,1,1,0,0,0,0,0,0,0,0,0,0
2001,481330,0,1,0,26,17,21,0,0,13,18,0,11
2001,481330,1,1,0,0,0,0,0,0,0,0,0,0
2001,481330,2,1,0,0,0,14,0,0,0,0,0,0
2001,481331,1,1,0,0,0,0,0,0,0,1,0,0
2001,481331,2,1,0,0,0,0,0,0,0,0,0,0
2001,481332,1,1,3,17,0,7,12,32,5,0,11,20
2001,481333,1,1,10,28,10,29,35,26,17,21,33,6
2001,481333,2,1,0,0,11,0,0,0,0,0,0,0
2001,481334,1,1,0,0,0,7,17,26,27,0,23,0
2001,481335,1,1,30,30,30,30,30,30,30,30,30,30
2001,481336,1,1,18,18,18,18,18,18,18,18,18,18
2001,481337,1,1,18,18,18,18,18,18,18,18,18,18
2001,481338,1,1,0,0,0,0,0,0,0,19,0,0
2001,481339,1,1,13,0,44,21,0,0,17,0,0,16
2001,481340,1,1,0,20,19,21,0,0,24,0,12,5
2001,481340,2,1,16,0,12,23,21,0,0,18,0,17
2001,481341,1,1,25,25,25,25,25,25,25,25,25,25
2001,481342,1,1,11,2,12,14,0,26,15,29,6,51
2001,481343,1,1,0,0,0,0,0,0,0,0,0,0
2001,481344,1,1,13,0,16,19,0,12,0,10,0,9
2001,481344,2,1,0,0,13,0,20,0,0,0,9,0
2001,481345,0,1,31,10,10,28,35,32,35,8,0,23
2001,481345,1,1,0,0,0,0,0,0,10,5,0,0
2001,481346,1,1,0,0,0,0,0,0,20,0,0,0
2001,481346,2,1,0,0,0,0,0,0,13,0,0,4
2001,481347,1,1,0,0,0,12,0,0,0,0,0,0
2001,481348,1,1,0,0,0,0,0,0,0,0,0,0
2001,481348,2,1,0,0,0,0,0,0,0,0,0,0
2001,481349,1,1,0,10,6,0,0,17,0,40,0,0
2001,481350,1,1,0,0,0,0,0,0,0,0,0,0
2001,481351,1,1,1,1,1,1,1,1,1,1,1,1
2001,481352,1,1,25,14,26,18,11,0,5,10,10,10
2001,481353,0,1,0,0,0,0,0,0,0,0,0,0
2001,481353,0,2,0,24,30,14,0,0,18,0,0,0
2001,481353,1,1,10,10,10,10,10,10,10,10,10,10
2001,481354,1,1,0,0,0,0,0,0,0,0,0,0
2001,481354,2,1,0,0,0,0,0,0,0,0,0,0
2001,481355,1,1,0,0,0,0,0,0,0,0,9,0
2001,481355,2,1,0,0,0,0,0,0,0,0,0,0
2001,481356,1,1,0,0,0,0,0,0,0,0,0,0
2001,481357,1,1,25,0,28,27,15,10,22,24,16,36
2001,481358,1,1,7,7,7,7,7,7,7,7,7,7
2001,481359,1,1,11,20,15,24,4,8,26,10,17,4
2001,481360,1,1,0,0,0,0,0,0,0,0,0,0
2001,481361,1,1,8,15,0,0,0,0,0,0,0,0
2001,481362,1,1,0,0,0,0,0,0,0,0,0,0
2001,481363,1,1,12,12,12,12,12,12,12,12,12,12
2001,481364,1,1,0,0,0,0,0,0,0,0,0,0
2001,481365,1,1,0,0,24,0,0,12,0,10,0,0
2001,481365,2,1,0,0,0,0,0,0,0,15,18,0
2001,481366,1,1,0,0,0,0,8,0,0,0,0,0
2001,481366,2,1,0,0,0,0,0,0,0,0,0,0
2001,481366,3,1,0,27,0,0,0,0,0,0,0,0
2001,481367,1,1,0,0,0,0,0,0,0,0,0,0
2001,481367,2,1,0,19,0,0,0,0,0,0,0,0
2001,481368,0,1,21,21,21,21,21,21,21,21,21,21
2001,481368,1,1,0,0,10,22,0,0,0,0,0,0
2001,481369,1,1,5,0,30,15,0,0,13,0,16,0
2001,481369,2,1,13,13,13,13,13,13,13,13,13,13
2001,481370,1,1,19,19,19,19,19,19,19,19,19,19
2001,481371,1,1,0,0,0,0,0,0,0,0,0,9
2001,481371,2,1,0,0,0,0,0,0,0,0,0,0
2001,481372,1,1,0,0,0,0,0,0,0,0,0,0
2001,481373,1,1,14,14,14,14,14,14,14,14,14,14
2001,481374,1,1,0,5,19,9,9,21,8,15,11,11
2001,481375,1,1,8,11,11,4,20,12,17,22,10,13
2001,481375,2,1,0,9,0,26,0,0,0,18,29,19
2001,481376,1,1,8,8,8,8,8,8,8,8,8,8
2001,481376,2,1,8,8,8,8,8,8,8,8,8,8
2001,481377,1,1,0,0,0,0,0,0,0,0,0,0
2001,481377,2,1,11,11,11,11,11,11,11,11,11,11
2001,481378,1,1,20,3,24,42,20,27,20,26,9,17
2001,481378,2,1,0,0,0,0,12,0,0,0,13,0
2001,481379,1,1,0,7,0,0,0,0,18,0,0,0
2001,481379,2,1,0,0,0,0,0,0,0,0,0,0
2001,481380,1,1,9,18,10,34,16,24,14,16,14,5
2001,481381,1,1,0,0,0,0,0,0,0,0,0,0
2001,481381,2,1,0,0,0,14,0,0,0,0,0,0
2001,481381,3,1,0,0,0,0,0,0,0,0,0,0
2001,481382,1,1,0,0,0,0,0,0,0,0,0,0
2001,481382,2,1,0,0,0,0,0,0,0,0,0,0
2001,481383,1,1,0,0,0,0,0,0,0,0,0,0
2001,481384,1,1,0,11,0,0,16,0,0,0,0,0
2001,481384,2,1,0,5,0,0,0,13,0,0,15,0
2001,481385,1,1,0,0,0,0,0,0,0,0,0,0
2001,481385,2,1,0,0,0,0,0,0,0,0,0,0
2001,481386,1,1,0,0,0,0,0,0,0,0,0,0
2001,481386,2,1,0,0,0,0,0,0,0,0,0,0
2001,481387,1,1,0,0,0,0,0,0,0,0,0,0
2001,481387,2,1,0,0,0,0,0,7,0,36,0,0
2001,481387,3,1,0,0,0,0,0,0,0,0,0,0
2001,481388,1,1,0,13,0,22,0,0,20,0,11,12
2001,481389,1,1,0,0,0,0,0,0,0,0,0,0
2001,481389,2,1,24,16,31,0,0,0,0,0,0,0
2001,481390,1,1,0,0,0,0,0,0,0,0,0,0
2001,481390,2,1,0,0,0,0,0,0,0,0,0,0
2001,481391,1,1,0,0,0,0,0,0,0,0,0,0
2001,481391,2,1,16,0,4,17,11,0,27,0,0,24
2001,481392,1,1,15,0,0,0,0,7,0,0,0,0
2001,481393,1,1,0,0,0,0,0,0,0,0,0,0
2001,481394,1,1,0,0,13,0,0,0,0,0,0,0
2001,481394,2,1,0,24,0,0,0,0,8,0,0,0
2001,481394,3,1,0,0,0,0,0,0,0,0,0,0
2001,481395,1,1,0,0,0,0,0,0,0,0,11,26
2001,481395,2,1,0,0,0,0,0,0,0,0,0,0
2001,481397,1,1,0,0,0,0,0,0,0,0,0,0
2001,481397,2,1,0,0,0,0,0,0,0,0,0,0
2001,481398,1,1,0,0,0,0,0,0,0,0,0,0
2001,481399,1,1,0,8,7,19,18,23,0,14,0,0
2001,481399,2,1,0,0,0,17,0,0,0,0,9,0
2001,481400,1,1,0,0,0,0,0,0,0,0,0,0
2001,481400,2,1,16,18,15,5,16,0,12,23,21,25
2001,481401,1,1,0,0,0,0,0,0,0,0,0,5
2001,481401,2,1,0,0,0,0,0,0,0,6,0,0
2001,481402,1,1,0,0,0,0,0,0,0,0,0,0
2001,481403,1,1,0,0,0,0,0,0,0,0,0,0
2001,481404,1,1,9,9,9,9,9,9,9,9,9,9
2001,481405,1,1,0,0,0,0,0,0,0,0,0,0
2001,481406,1,1,13,13,13,13,13,13,13,13,13,13
2001,481407,1,1,0,0,0,0,0,0,0,0,0,0
2001,481407,2,1,0,0,0,14,0,0,0,0,0,0
2001,481408,1,1,3,21,16,0,0,14,29,24,0,15
2001,481409,1,1,0,0,0,0,0,0,0,16,0,0
2001,481409,2,1,9,0,11,21,13,13,0,0,3,0
2001,481409,3,1,0,0,0,0,0,0,0,0,0,0
2001,481410,1,1,0,0,0,0,0,0,0,0,0,0
2001,481410,2,1,0,0,0,0,0,0,0,7,0,0
2001,481411,1,1,0,0,0,0,3,0,0,0,0,0
2001,481411,2,1,12,12,12,12,12,12,12,12,12,12
2001,481412,1,1,10,4,16,20,0,0,0,0,12,0
2001,481412,2,1,0,0,0,0,0,0,0,0,7,0
2001,481413,1,1,24,33,6,10,20,8,19,19,8,21
2001,481414,1,1,0,0,0,0,0,0,0,0,0,0
2001,481414,2,1,0,0,0,0,0,20,0,0,0,0
2001,481414,3,1,0,0,0,0,0,0,2,0,0,0
2001,481415,1,1,23,0,17,17,12,22,16,29,13,17
2001,481416,1,1,12,14,37,0,10,7,13,11,24,29
2001,481417,1,1,0,0,0,0,23,0,11,0,0,0
2001,481417,2,1,17,18,9,17,15,7,17,8,13,15
2001,481418,1,1,0,0,0,0,0,0,0,0,6,7
2001,481418,2,1,0,6,35,0,23,13,10,0,16,0
2001,481419,1,1,0,0,0,0,0,0,0,0,0,0
2001,481419,2,1,0,17,0,0,0,0,0,0,0,0
2001,481420,1,1,5,0,0,0,0,0,20,17,0,0
2001,481421,1,1,0,0,0,0,0,0,0,0,0,0
2001,481422,1,1,0,0,0,0,0,0,0,0,0,0
2001,481422,2,1,0,0,0,0,0,0,0,0,0,0
2001,481423,1,1,0,0,0,0,0,0,0,0,0,0
2001,481423,2,1,0,0,0,0,0,0,0,0,0,6
2001,481424,1,1,19,18,5,15,19,22,27,9,29,15
2001,481425,0,1,19,0,0,0,0,22,0,0,29,0
2001,481425,1,1,0,0,0,0,0,0,0,0,0,0
2001,481426,1,1,25,25,25,25,25,25,25,25,25,25
2001,481426,2,1,0,0,0,0,0,0,0,0,0,0
2001,481427,0,1,0,0,0,0,0,0,0,0,0,0
2001,481427,1,1,0,0,0,0,0,0,0,0,0,0
2001,481428,1,1,19,19,19,19,19,19,19,19,19,19
2001,481429,1,1,0,0,0,0,0,0,0,0,0,0
2001,481429,2,1,0,0,0,0,0,0,0,0,0,0
2001,481430,0,1,0,0,12,21,12,29,0,26,0,0
2001,481430,1,1,0,13,0,0,0,0,0,0,14,24
2001,481431,1,1,14,0,18,0,0,12,0,0,0,0
2001,481432,1,1,0,0,0,0,0,0,0,0,0,0
2001,481432,2,1,0,0,0,0,0,0,0,0,0,0
2001,481433,1,1,0,0,0,5,0,0,0,0,0,11
2001,481433,2,1,0,0,0,0,0,0,0,0,0,0
2001,481434,1,1,0,0,0,0,0,13,0,0,0,0
2001,481434,2,1,0,0,0,0,0,0,0,0,0,0
2001,481435,1,1,21,21,21,21,21,21,21,21,21,21
2001,481436,1,1,16,16,16,16,16,16,16,16,16,16
2001,481436,2,1,3,3,3,3,3,3,3,3,3,3
2001,481437,1,1,0,0,0,0,0,0,0,0,15,0
2001,481437,2,1,0,7,0,0,0,0,0,0,0,0
2001,481438,1,1,0,0,0,13,0,0,0,0,0,0
2001,481439,1,1,0,0,0,0,0,0,0,0,0,0
2001,481440,0,1,14,14,14,14,14,14,14,14,14,14
2001,481440,1,1,15,15,15,15,15,15,15,15,15,15
2001,481441,1,1,0,11,0,0,0,0,0,0,0,0
2001,481441,2,1,0,0,0,0,9,0,0,0,0,0
2001,481442,1,1,21,21,21,21,21,21,21,21,21,21
2001,481443,1,1,23,23,23,23,23,23,23,23,23,23
2001,481443,2,1,0,0,0,0,0,0,0,0,0,0
2001,481445,0,1,0,0,0,0,0,0,0,0,0,0
2001,481445,1,1,16,16,16,16,16,16,16,16,16,16
2001,481446,1,1,0,0,0,0,0,0,0,0,0,0
2001,481446,2,1,0,0,0,0,0,0,0,0,0,0
2001,481447,1,1,0,0,0,0,0,0,0,4,0,0
2001,481447,2,1,15,15,15,15,15,15,15,15,15,15
2001,481448,1,1,0,7,0,25,0,0,20,5,0,15
2001,481449,1,1,11,19,22,23,21,12,15,32,26,4
2001,481450,1,1,0,12,0,0,0,0,0,0,0,0
2001,481450,2,1,0,21,0,0,0,21,0,0,11,0
2001,481451,1,1,13,18,6,8,16,21,22,0,0,11
2001,481452,1,1,0,0,0,0,0,0,0,0,0,0
2001,481453,1,1,0,0,15,17,8,0,0,0,0,0
2001,481454,1,1,0,0,0,0,0,0,0,0,0,0
2001,481454,2,1,0,0,0,0,0,0,0,0,0,0
2001,481455,1,1,11,0,0,0,0,0,0,14,6,0
2001,481455,2,1,0,0,0,0,0,0,0,0,0,0
2001,481456,1,1,11,24,27,0,20,14,21,0,10,6
2001,481457,1,1,0,13,0,0,10,0,18,0,0,0
2001,481458,1,1,10,16,33,14,8,26,13,22,34,9
2001,481459,1,1,24,24,24,24,24,24,24,24,24,24
2001,481460,1,1,0,0,18,12,5,0,22,0,0,0
2001,481460,2,1,15,15,15,15,15,15,15,15,15,15
2001,481461,1,1,8,8,8,8,8,8,8,8,8,8
2001,481461,2,1,0,0,12,0,0,0,0,13,0,0
2001,481462,1,1,24,12,22,14,13,22,10,18,12,0
2001,481463,0,1,10,20,21,24,21,0,12,35,0,15
2001,481463,1,1,0,0,0,27,0,0,0,0,0,0
2001,481464,1,1,0,0,0,0,0,0,0,0,0,0
2001,481464,2,1,0,0,0,0,0,0,0,0,0,0
2001,481465,0,1,0,0,0,0,0,0,0,0,0,0
2001,481465,1,1,13,8,9,9,6,0,0,13,3,11
2001,481466,1,1,18,16,0,13,12,8,15,17,21,0
2001,481467,1,1,26,13,24,15,27,22,27,28,20,16
2001,481468,1,1,0,0,0,0,0,0,0,0,0,0
2001,481468,2,1,0,0,8,0,6,0,6,0,0,4
2001,481468,3,1,0,0,27,0,0,3,8,0,0,0
2001,481469,1,1,10,10,10,10,10,10,10,10,10,10
2001,481469,2,1,3,3,3,3,3,3,3,3,3,3
2001,481469,3,1,0,29,0,0,0,0,0,0,0,24
2001,481470,1,1,11,13,22,13,4,31,17,6,8,6
2001,481470,2,1,13,17,12,22,0,0,20,0,0,18
2001,481471,1,1,18,14,44,16,15,6,0,35,28,19
2001,481472,1,1,11,11,11,11,11,11,11,11,11,11
2001,481473,1,1,0,0,13,33,17,12,0,17,18,3
2001,481474,1,1,29,29,29,29,29,29,29,29,29,29
2001,481474,2,1,0,0,0,0,0,0,0,0,0,0
2001,481475,1,1,15,15,15,15,15,15,15,15,15,15
2001,481476,1,1,15,15,15,15,15,15,15,15,15,15
2001,481477,1,1,0,0,0,0,0,26,8,0,0,0
2001,481477,2,1,0,0,0,0,0,0,0,0,0,0
2001,481478,0,1,0,12,0,0,0,0,0,0,0,7
2001,481478,0,2,0,0,25,34,5,7,0,22,0,23
2001,481478,1,1,0,0,0,0,0,0,0,0,7,3
2001,481479,1,1,0,1,0,0,0,0,0,0,0,0
2001,481480,1,1,11,0,0,0,24,0,0,0,0,0
2001,481481,1,1,0,0,0,0,0,0,8,0,8,19
2001,481482,1,1,0,0,0,0,0,0,0,0,0,11
2001,481482,2,1,0,0,0,0,0,0,0,0,0,0
2001,481483,1,1,0,0,16,32,17,0,10,20,0,22
2001,481484,1,1,0,0,0,0,0,0,0,0,0,0
2001,481485,1,1,0,0,0,0,0,0,0,0,0,0
2001,481485,2,1,0,0,0,0,0,0,0,0,0,0
2001,481486,1,1,35,31,18,13,23,5,10,0,21,25
2001,481487,1,1,14,14,14,14,14,14,14,14,14,14
2001,481488,1,1,0,0,0,0,0,0,0,0,0,0
2001,481489,1,1,0,0,0,0,0,0,0,0,0,0
2001,481490,1,1,0,0,0,0,0,0,0,0,0,0
2001,481490,2,1,0,0,0,0,0,0,0,0,0,0
2001,481491,1,1,0,0,15,0,0,0,0,0,0,0
2001,481491,2,1,0,0,0,0,0,0,0,0,0,0
2001,481492,1,1,0,0,0,0,0,0,0,0,0,0
2001,481493,1,1,0,15,15,26,22,11,13,7,21,38
2001,481494,0,1,0,0,0,0,0,0,0,29,20,0
2001,481494,1,1,0,0,0,0,0,0,0,0,0,0
2001,481495,1,1,12,0,12,0,10,0,20,0,0,0
2001,481495,2,1,6,0,11,0,19,23,19,5,0,9
2001,481496,1,1,20,8,15,17,17,0,14,16,0,10
2001,481497,1,1,0,17,0,8,0,14,33,0,12,0
2001,481498,0,1,0,0,0,0,0,0,0,0,0,0
2001,481498,1,1,0,0,0,0,0,0,0,0,0,0
2001,481499,1,1,20,27,19,0,0,7,0,0,0,0
2001,481500,0,1,0,31,29,0,0,21,21,40,28,15
2001,481500,1,1,0,0,0,0,0,0,0,0,0,0
2001,481501,1,1,0,11,18,14,14,17,0,16,8,0
2001,481502,1,1,7,0,0,0,0,0,0,26,0,0
2001,481503,1,1,0,0,0,0,0,18,0,0,0,6
2001,481504,1,1,0,0,0,0,0,0,0,0,0,0
2001,481504,2,1,29,0,0,0,0,0,0,12,0,0
2001,481504,3,1,0,0,0,0,0,0,0,0,0,0
2001,481505,1,1,0,0,0,9,19,0,0,0,0,0
2001,481505,2,1,0,0,0,0,0,0,0,0,0,0
2001,481506,1,1,0,0,0,0,0,0,0,24,0,0
2001,481506,2,1,0,0,0,0,0,0,0,0,0,0
2001,481507,1,1,5,0,19,0,0,0,0,13,0,0
2001,481508,0,1,39,39,39,39,39,39,39,39,39,39
2001,481508,1,1,0,0,0,0,0,13,0,0,11,0
2001,481509,1,1,0,0,0,0,0,0,14,0,8,2
2001,481509,2,1,0,0,20,0,0,0,0,16,0,0
2001,481510,1,1,0,0,0,5,0,16,0,16,0,0
2001,481511,1,1,10,19,14,15,6,10,7,10,26,16
2001,481511,2,1,11,0,0,0,0,0,0,0,0,0
2001,481511,3,1,0,0,0,21,20,14,0,0,0,0
2001,481512,1,1,26,26,26,26,26,26,26,26,26,26
2001,481512,2,1,0,0,0,4,5,10,0,15,0,0
2001,481513,1,1,0,0,0,0,0,0,0,0,0,0
2001,481513,2,1,0,0,0,0,0,0,0,0,0,0
2001,481514,1,1,0,0,0,0,0,0,0,0,0,0
2001,481514,2,1,22,0,22,0,0,0,0,0,0,0
2001,481515,1,1,0,0,28,0,6,0,14,0,0,0
2001,481516,0,1,0,0,0,13,33,26,0,0,12,0
2001,481516,1,1,0,0,0,0,0,19,0,0,12,0
2001,481517,1,1,0,0,0,0,0,0,0,0,0,0
2001,481518,1,1,0,0,0,0,0,0,0,0,0,0
2001,481518,2,1,0,0,0,0,0,0,0,0,0,0
2001,481519,1,1,0,0,0,0,0,0,0,0,0,0
2001,481519,2,1,0,0,9,0,0,0,0,0,0,0
2001,481519,3,1,0,0,0,0,0,0,0,0,0,0
2001,481520,1,1,0,0,0,0,0,15,0,0,0,0
2001,481520,2,1,0,0,0,0,0,0,0,0,0,5
2001,481521,1,1,0,0,0,0,0,0,0,0,0,0
2001,481522,1,1,0,9,19,16,29,15,0,28,0,25
2001,481523,1,1,2,2,2,2,2,2,2,2,2,2
2001,481523,2,1,0,0,0,0,0,0,0,0,0,0
2001,481524,0,1,24,12,0,0,0,22,0,6,0,0
2001,481524,1,1,0,0,0,0,0,10,0,0,0,0
2001,481525,1,1,0,0,0,0,0,0,0,0,0,0
2001,481525,2,1,0,0,0,0,0,0,0,0,0,0
2001,481526,1,1,0,0,0,39,8,0,0,0,0,33
2001,481527,1,1,0,0,0,0,0,0,0,0,0,0
2001,481528,1,1,34,6,15,12,6,8,17,8,20,2
2001,481529,1,1,0,0,0,0,0,0,0,0,0,0
2001,481529,2,1,16,0,0,10,0,8,0,0,13,0
2001,481530,1,1,0,11,5,13,6,19,0,0,0,0
2001,481531,1,1,0,21,10,20,0,0,20,0,0,0
2001,481532,0,1,0,0,0,0,0,0,0,0,0,0
2001,481532,1,1,22,0,20,0,0,0,0,20,0,0
2001,481533,1,1,0,0,0,0,0,0,5,0,0,0
2001,481534,1,1,0,0,0,0,0,0,0,0,0,0
2001,481534,2,1,0,0,0,0,0,0,0,0,0,0
2001,481534,3,1,0,0,0,7,0,0,0,0,23,0
2001,481534,4,1,19,0,0,0,0,0,0,0,0,0
2001,481534,5,1,0,0,0,0,0,0,0,0,0,0
2001,481534,6,1,0,0,0,0,0,0,0,0,0,0
2001,481534,7,1,0,0,0,0,0,0,0,0,0,0
2001,481534,8,1,0,0,0,0,0,0,0,0,0,0
2001,481534,9,1,0,0,0,0,0,0,0,0,13,0
2001,481534,10,1,0,0,0,0,0,0,11,0,0,0
2001,481535,1,1,0,0,0,0,0,0,0,0,0,0
2001,481535,2,1,0,0,0,0,0,0,0,0,0,0
2001,481536,1,1,16,16,0,0,0,10,14,0,0,0
2001,481537,1,1,0,0,0,0,0,4,0,11,0,0
2001,481537,2,1,0,0,0,0,0,0,0,0,0,0
2001,481538,1,1,4,24,14,0,18,0,29,17,21,31
2001,481539,1,1,0,0,0,0,0,0,0,0,0,0
2001,481540,1,1,21,17,0,25,15,0,11,7,9,0
2001,481540,2,1,7,0,19,9,0,0,0,4,14,22
2001,481541,1,1,12,0,8,0,30,20,9,7,0,0
2001,481542,1,1,0,0,0,0,0,0,0,0,0,0
2001,481542,2,1,27,27,27,27,27,27,27,27,27,27
2001,481543,1,1,9,9,0,8,7,26,17,6,0,14
2001,481544,1,1,0,0,0,0,0,0,0,0,0,0
2001,481544,2,1,0,18,0,6,0,0,0,0,0,0
2001,481545,1,1,0,17,0,0,0,0,0,0,0,0
2001,481545,2,1,0,0,0,0,0,0,0,0,0,0
2001,481545,3,1,0,0,0,0,0,0,18,0,0,0
2001,481545,4,1,7,0,0,0,0,0,15,0,35,0
2001,481546,1,1,2,2,2,2,2,2,2,2,2,2
2001,481546,2,1,0,0,0,0,0,0,0,0,0,0
2001,481547,1,1,0,0,0,0,0,0,0,0,0,0
2001,481548,1,1,0,6,14,0,0,21,5,0,16,7
2001,481549,1,1,0,0,0,0,0,0,0,0,0,0
2001,481550,1,1,0,0,0,0,0,0,0,0,0,0
2001,481550,2,1,0,0,0,0,0,0,0,0,0,0
2001,481551,1,1,13,13,13,13,13,13,13,13,13,13
2001,481551,2,1,23,0,0,0,0,28,0,0,0,0
2001,481552,0,1,8,34,22,32,0,19,3,12,0,12
2001,481552,1,1,0,0,0,0,0,0,0,0,0,0
2001,481553,1,1,0,21,0,0,0,0,0,0,0,0
2001,481553,2,1,0,0,0,0,0,16,0,0,0,0
2001,481553,3,1,0,0,0,0,0,0,0,0,0,0
2001,481554,1,1,24,24,24,24,24,24,24,24,24,24
2001,481554,2,1,0,0,9,12,0,14,12,0,0,16
2001,481554,3,1,0,0,0,0,0,0,0,0,0,0
2001,481555,1,1,17,0,14,0,25,29,9,17,0,0
2001,481556,0,1,0,2,0,13,0,0,0,0,0,0
2001,481556,1,1,0,0,0,0,0,0,0,0,0,0
2001,481557,1,1,0,0,0,0,0,0,0,0,0,0
2001,481557,2,1,8,3,4,11,0,14,7,11,0,18
2001,481558,1,1,16,10,8,0,0,0,19,16,0,11
2001,481558,2,1,0,0,0,0,0,0,0,14,0,0
2001,481559,0,1,17,17,17,17,17,17,17,17,17,17
2001,481559,1,1,0,0,0,0,0,0,0,0,0,0
2001,481560,1,1,22,22,22,22,22,22,22,22,22,22
2001,481561,1,1,18,18,18,18,18,18,18,18,18,18
2001,481562,1,1,27,26,31,35,15,46,11,22,24,0
2001,481563,0,1,13,13,13,13,13,13,13,13,13,13
2001,481563,1,1,0,0,0,0,0,6,9,0,0,16
2001,481564,0,1,17,17,17,17,17,17,17,17,17,17
2001,481564,1,1,0,0,0,0,0,0,0,0,0,0
2001,481565,1,1,16,16,16,16,16,16,16,16,16,16
2001,481566,1,1,21,31,30,15,18,0,18,23,0,21
2001,481567,1,1,25,25,25,25,25,25,25,25,25,25
2001,481568,1,1,5,0,15,13,0,0,11,7,0,0
2001,481568,2,1,10,17,7,6,3,35,20,21,0,16
2001,481569,0,1,4,46,0,16,7,7,14,0,8,14
2001,481569,1,1,0,0,0,0,0,0,0,0,0,0