YEAR,st_case,veh_no,per_no,P1,P2,P3,P4,P5,P6,P7,P8,P9,P10
2001,481853,1,1,0,0,0,0,0,0,0,0,0,0
2001,481854,1,1,25,25,25,25,25,25,25,25,25,25
2001,481855,1,1,0,0,0,0,0,0,0,0,0,0
2001,481856,1,1,18,0,12,0,0,11,13,9,5,4
2001,481856,2,1,0,0,0,0,13,7,0,0,0,0
2001,481857,1,1,24,27,24,0,20,16,0,0,0,10
2001,481858,1,1,0,0,0,0,0,0,0,0,0,0
2001,481858,2,1,0,0,0,0,0,0,0,0,0,0
2001,481859,0,1,0,12,21,0,0,34,27,14,0,30
2001,481859,1,1,22,18,4,4,6,0,0,13,6,0
2001,481860,0,1,0,0,14,0,17,0,39,58,12,0
2001,481860,1,1,28,0,13,0,17,6,0,0,12,17
2001,481861,1,1,0,0,0,0,0,45,10,0,10,0
2001,481862,1,1,22,22,22,22,22,22,22,22,22,22
2001,481863,1,1,0,23,13,18,8,16,25,20,9,31
2001,481864,1,1,0,0,0,0,0,0,0,4,0,0
2001,481864,2,1,0,0,0,0,0,0,0,0,0,0
2001,481864,3,1,0,0,0,0,0,0,0,0,0,0
2001,481865,1,1,0,5,0,0,3,13,0,0,0,0
2001,481865,2,1,0,0,0,0,0,0,0,0,0,0
2001,481866,1,1,19,22,0,0,0,12,0,27,0,22
2001,481866,2,1,0,0,0,0,0,0,0,0,0,0
2001,481866,3,1,15,0,15,0,0,0,0,0,0,0
2001,481867,0,1,0,0,0,0,0,0,0,0,0,0
2001,481867,1,1,0,0,0,0,0,0,0,0,0,0
2001,481868,1,1,0,0,0,0,0,0,0,0,0,0
2001,481868,2,1,0,15,0,26,0,0,24,0,13,12
2001,481869,1,1,32,24,19,15,10,9,0,16,29,20
2001,481870,1,1,0,0,0,0,0,0,0,0,0,0
2001,481870,2,1,0,0,15,0,0,0,0,0,5,0
2001,481871,1,1,0,0,11,0,0,0,0,0,0,0
2001,481872,1,1,25,15,16,24,16,25,33,21,21,20
2001,481873,1,1,0,0,0,0,0,0,0,0,0,0
2001,481873,2,1,0,0,0,0,0,0,0,0,0,0
2001,481874,1,1,0,14,25,0,0,0,0,0,0,0
2001,481874,2,1,0,0,0,0,0,0,0,4,0,0
2001,481875,1,1,0,0,0,0,0,0,0,0,0,0
2001,481876,1,1,0,0,0,0,0,0,0,0,0,0
2001,481876,2,1,0,0,0,0,0,0,0,0,0,0
2001,481876,3,1,0,0,0,0,0,0,15,0,0,0
2001,481877,1,1,0,0,0,0,0,0,0,0,0,0
2001,481877,2,1,22,4,17,0,0,28,0,0,0,32
2001,481878,1,1,0,0,0,0,0,10,0,0,0,0
2001,481879,1,1,0,0,0,0,0,0,0,23,29,0
2001,481880,1,1,15,15,15,15,15,15,15,15,15,15
2001,481880,2,1,0,10,0,0,0,0,0,10,0,0
2001,481881,1,1,0,0,0,0,0,0,0,0,0,0
2001,481881,2,1,0,0,0,0,0,0,0,0,0,0
2001,481882,0,1,0,0,0,0,0,0,0,0,0,0
2001,481882,1,1,0,0,0,0,17,0,0,0,21,0
2001,481883,1,1,31,0,0,0,21,0,0,0,0,0
2001,481884,1,1,34,34,34,34,34,34,34,34,34,34
2001,481884,2,1,7,6,16,0,0,3,0,11,0,0
2001,481885,1,1,0,16,7,0,6,0,24,4,18,16
2001,481886,1,1,24,24,24,24,24,24,24,24,24,24
2001,481887,1,1,4,4,4,4,4,4,4,4,4,4
2001,481887,2,1,0,0,0,0,0,0,0,0,0,0
2001,481888,1,1,9,0,0,0,0,0,17,0,0,0
2001,481889,1,1,0,9,0,22,0,0,0,0,0,9
2001,481890,1,1,0,0,0,0,0,0,0,0,0,0
2001,481890,2,1,0,0,0,0,0,0,6,0,0,0
2001,481891,1,1,0,0,0,0,0,0,0,0,0,0
2001,481891,2,1,0,0,0,0,0,0,0,0,0,0
2001,481892,1,1,22,22,22,22,22,22,22,22,22,22
2001,481892,2,1,0,3,0,0,0,0,0,0,0,0
2001,481893,1,1,0,0,0,0,0,0,0,0,0,0
2001,481893,2,1,0,0,0,0,0,0,0,0,0,0
2001,481894,1,1,33,33,33,33,33,33,33,33,33,33
2001,481895,1,1,20,20,20,20,20,20,20,20,20,20
2001,481895,2,1,20,15,0,0,0,0,0,0,0,0
2001,481896,1,1,16,19,0,27,25,20,14,15,26,0
2001,481896,2,1,0,0,0,0,0,0,0,0,0,0
2001,481897,1,1,0,17,0,14,0,9,0,0,0,0
2001,481898,1,1,0,16,0,13,0,9,12,0,0,0
2001,481899,1,1,0,19,0,18,5,15,20,15,19,0
2001,481900,0,1,22,0,18,0,18,13,31,0,0,0
2001,481900,1,1,0,0,0,0,0,0,0,0,0,0
2001,481901,1,1,12,0,0,0,9,5,6,0,0,0
2001,481901,2,1,0,0,0,0,0,0,0,0,0,0
2001,481902,1,1,0,0,0,0,0,0,0,0,0,0
2001,481902,2,1,0,0,0,0,0,0,0,0,0,0
2001,481903,1,1,0,0,8,0,0,13,0,34,0,15
2001,481904,1,1,0,0,0,0,0,0,0,0,0,0
2001,481905,1,1,0,7,0,0,0,7,6,14,0,0
2001,481906,0,1,0,0,0,0,0,0,0,10,0,0
2001,481906,1,1,0,0,0,0,0,0,0,0,0,0
2001,481907,1,1,0,14,0,0,0,0,29,14,0,0
2001,481908,1,1,25,25,25,25,25,25,25,25,25,25
2001,481908,2,1,24,4,7,0,13,0,0,0,0,0
2001,481910,1,1,0,0,0,0,0,0,0,0,0,0
2001,481910,2,1,0,0,0,0,0,8,0,0,0,0
2001,481910,3,1,0,0,0,0,0,0,0,0,0,0
2001,481910,4,1,0,0,0,0,0,0,0,11,0,0
2001,481910,5,1,0,0,0,0,0,0,0,0,0,0
2001,481911,1,1,0,10,14,9,0,0,8,20,0,15
2001,481912,1,1,23,23,23,23,23,23,23,23,23,23
2001,481912,2,1,17,17,17,17,17,17,17,17,17,17
2001,481913,1,1,0,0,0,0,12,0,0,11,0,0
2001,481913,2,1,0,0,26,0,0,0,8,0,0,0
2001,481914,1,1,0,0,0,0,0,0,0,0,0,0
2001,481915,1,1,0,20,9,0,0,7,17,20,18,10
2001,481916,1,1,0,0,0,0,0,0,0,0,0,0
2001,481916,2,1,0,0,24,0,0,0,0,0,11,0
2001,481917,1,1,7,7,7,7,7,7,7,7,7,7
2001,481918,1,1,0,0,0,0,0,0,0,0,0,0
2001,481918,2,1,0,0,0,0,0,0,0,0,0,16
2001,481919,0,1,0,0,0,29,36,25,34,36,21,0
2001,481919,1,1,0,0,13,0,0,15,0,0,11,0
2001,481920,1,1,0,0,11,0,9,0,0,0,0,0
2001,481921,1,1,19,0,12,0,0,0,0,0,0,9
2001,481921,2,1,17,0,0,14,0,26,0,0,40,0
2001,481922,1,1,0,16,13,0,0,0,0,10,0,0
2001,481922,2,1,0,0,0,0,0,0,0,0,19,10
2001,481923,1,1,0,0,0,0,0,0,0,0,0,0
2001,481923,2,1,0,0,0,0,0,0,0,0,0,0
2001,481924,1,1,28,24,0,16,22,0,31,11,21,0
2001,481925,0,1,12,0,8,0,0,0,12,0,12,0
2001,481925,1,1,0,0,0,0,0,0,0,0,0,0
2001,481926,1,1,7,34,0,22,17,0,0,0,25,0
2001,481926,2,1,0,0,0,24,12,0,0,0,25,15
2001,481927,1,1,17,17,17,17,17,17,17,17,17,17
2001,481928,1,1,0,0,0,0,0,0,0,0,0,0
2001,481929,1,1,0,0,0,0,0,0,0,0,0,0
2001,481930,1,1,18,18,18,18,18,18,18,18,18,18
2001,481931,1,1,0,0,0,0,0,0,0,0,0,0
2001,481931,2,1,0,0,0,0,0,9,0,0,0,0
2001,481931,3,1,0,0,0,0,0,0,0,0,0,0
2001,481932,1,1,24,23,0,18,8,24,9,38,24,0
2001,481933,0,1,36,36,36,36,36,36,36,36,36,36
2001,481933,1,1,0,21,10,29,0,0,0,15,0,0
2001,481934,1,1,10,10,10,10,10,10,10,10,10,10
2001,481935,0,1,0,0,0,0,0,0,0,0,0,0
2001,481935,1,1,0,0,0,0,0,0,0,24,0,0
2001,481936,1,1,16,16,16,16,16,16,16,16,16,16
2001,481937,1,1,39,39,39,39,39,39,39,39,39,39
2001,481938,1,1,19,0,0,14,0,0,0,0,0,0
2001,481938,2,1,0,0,0,0,0,0,0,0,0,0
2001,481938,3,1,0,0,0,0,0,0,0,0,0,0
2001,481938,4,1,0,0,0,0,0,0,0,0,0,0
2001,481938,5,1,0,0,0,0,0,0,0,0,0,0
2001,481939,1,1,0,0,0,0,0,0,0,0,0,0
2001,481940,1,1,16,16,16,16,16,16,16,16,16,16
2001,481941,1,1,0,0,0,14,4,0,20,22,19,13
2001,481942,1,1,0,0,0,20,0,0,0,14,0,0
2001,481943,1,1,14,14,14,14,14,14,14,14,14,14
2001,481944,0,1,0,0,0,0,0,0,0,0,24,0
2001,481945,1,1,0,26,10,6,22,17,14,13,0,18
2001,481946,1,1,26,26,26,26,26,26,26,26,26,26
2001,481947,1,1,40,17,0,0,16,17,13,0,9,14
2001,481948,1,1,0,21,0,0,0,0,0,2,0,0
2001,481948,2,1,0,0,0,0,0,0,0,0,0,0
2001,481949,1,1,5,5,5,5,5,5,5,5,5,5
2001,481950,1,1,12,12,12,12,12,12,12,12,12,12
2001,481951,0,1,0,0,0,0,0,0,0,0,0,0
2001,481951,1,1,0,0,0,0,0,0,0,6,0,0
2001,481952,1,1,0,13,20,2,31,22,13,17,30,12
2001,481953,1,1,0,0,0,0,0,0,0,0,0,0
2001,481954,1,1,0,0,0,0,0,0,0,0,0,0
2001,481955,1,1,0,0,0,0,0,0,0,0,0,0
2001,481956,1,1,0,0,0,0,0,0,0,0,0,0
2001,481957,1,1,0,0,0,0,0,0,0,0,0,0
2001,481958,1,1,0,0,0,0,0,0,0,0,0,0
2001,481958,2,1,0,0,0,0,0,0,0,0,0,0
2001,481959,0,1,0,0,0,0,0,0,0,0,0,0
2001,481959,1,1,0,0,0,0,0,0,0,0,0,0
2001,481960,1,1,0,0,0,0,0,0,0,0,0,0
2001,481960,2,1,0,0,0,0,0,0,0,0,0,0
2001,481961,1,1,0,0,0,0,0,0,0,0,0,0
2001,481962,0,1,0,0,0,0,0,0,0,0,0,0
2001,481962,1,1,0,0,0,0,0,0,0,2,0,0
2001,481963,1,1,15,0,0,30,0,29,9,15,24,0
2001,481963,2,1,0,0,0,0,3,0,0,0,0,2
2001,481963,3,1,0,0,0,0,0,0,0,0,0,0
2001,481964,1,1,0,0,0,0,0,0,0,8,0,0
2001,481964,2,1,0,0,0,0,0,0,0,0,0,0
2001,481965,1,1,20,0,12,0,0,0,12,21,0,0
2001,481965,2,1,7,7,7,7,7,7,7,7,7,7
2001,481966,0,1,0,0,0,0,0,0,0,0,0,0
2001,481966,1,1,0,0,0,0,0,25,0,0,0,0
2001,481967,1,1,0,0,0,0,0,0,0,0,0,0
2001,481967,2,1,20,20,20,20,20,20,20,20,20,20
2001,481968,1,1,0,13,13,7,3,0,47,5,21,3
2001,481969,1,1,0,0,0,0,5,0,0,0,0,0
2001,481969,2,1,0,0,0,0,0,0,0,0,0,0
2001,481969,3,1,0,0,0,0,0,0,0,0,0,0
2001,481970,1,1,23,23,23,23,23,23,23,23,23,23
2001,481970,2,1,0,0,0,0,0,0,0,0,0,0
2001,481971,1,1,0,0,0,0,0,0,0,0,0,0
2001,481971,2,1,0,0,0,0,0,0,0,0,0,0
2001,481972,1,1,0,0,0,0,0,0,0,0,0,0
2001,481972,2,1,0,0,0,0,0,0,0,15,0,21
2001,481973,1,1,0,10,9,16,4,0,0,0,18,0
2001,481974,1,1,19,19,19,19,19,19,19,19,19,19
2001,481974,2,1,11,0,0,0,0,0,0,0,15,0
2001,481975,0,1,1,1,1,1,1,1,1,1,1,1
2001,481975,1,1,0,0,0,0,0,0,0,0,0,0
2001,481976,1,1,0,0,8,15,19,14,0,0,0,13
2001,481977,1,1,0,0,0,0,0,0,0,0,0,0
2001,481977,2,1,0,0,0,0,0,0,0,0,0,0
2001,481978,1,1,0,0,0,0,0,0,0,0,0,0
2001,481978,2,1,0,0,0,0,0,0,0,0,0,0
2001,481979,1,1,0,0,0,0,0,0,0,0,0,0
2001,481979,2,1,0,0,0,0,0,0,0,0,0,0
2001,481980,1,1,0,0,0,0,0,0,0,0,0,0
2001,481980,2,1,0,0,0,0,0,0,0,0,0,0
2001,481981,1,1,0,0,0,0,0,0,0,0,0,0
2001,481981,2,1,0,0,0,0,0,0,0,0,0,0
2001,481982,1,1,0,28,0,0,27,0,0,0,0,0
2001,481982,2,1,0,0,0,0,0,0,0,0,0,28
2001,481982,3,1,0,0,0,0,0,0,0,0,0,0
2001,481982,4,1,0,0,0,0,0,0,0,0,0,0
2001,481983,1,1,0,0,0,0,0,0,0,0,0,0
2001,481984,1,1,0,0,0,0,0,0,0,0,0,0
2001,481985,1,1,0,0,0,0,0,0,0,0,0,0
2001,481985,2,1,0,28,0,0,0,14,0,0,0,0
2001,481986,1,1,0,0,0,0,0,0,0,0,0,0
2001,481987,1,1,17,13,18,7,7,16,17,10,0,12
2001,481988,1,1,0,0,0,0,0,0,0,0,0,0
2001,481988,2,1,0,0,0,0,0,0,0,0,0,0
2001,481989,1,1,0,0,0,0,0,0,0,0,0,0
2001,481990,1,1,27,27,27,27,27,27,27,27,27,27
2001,481991,1,1,7,17,7,9,3,28,19,11,9,13
2001,481992,1,1,0,0,0,0,0,0,0,0,0,0
2001,481993,0,1,24,0,0,21,17,20,15,24,0,21
2001,481993,1,1,0,0,0,0,0,0,0,0,0,0
2001,481994,1,1,0,0,0,0,0,0,0,0,0,0
2001,481995,1,1,0,0,0,0,0,0,0,0,0,0
2001,481995,2,1,9,9,9,9,9,9,9,9,9,9
2001,481996,1,1,0,0,0,0,0,0,0,0,0,0
2001,481996,2,1,6,0,0,14,11,15,21,0,0,10
2001,481997,1,1,20,20,20,20,20,20,20,20,20,20
2001,481998,0,1,0,0,0,0,0,0,0,0,30,0
2001,481998,1,1,0,0,0,0,11,0,0,0,0,0
2001,481999,1,1,0,0,0,0,0,0,0,0,0,0
2001,481999,2,1,0,0,0,0,0,0,0,0,0,0
2001,481999,3,1,0,0,0,0,0,0,0,0,0,0
2001,481999,4,1,0,7,0,0,4,0,0,4,0,0
2001,482000,1,1,18,18,0,0,0,18,24,15,6,28
2001,482001,1,1,14,14,14,14,14,14,14,14,14,14
2001,482001,2,1,0,0,0,0,0,0,0,0,0,0
2001,482002,0,1,0,0,0,0,0,0,0,0,0,0
2001,482002,1,1,0,0,0,0,0,0,0,0,0,16
2001,482003,1,1,9,9,9,9,9,9,9,9,9,9
2001,482003,2,1,14,7,20,3,13,21,21,8,0,9
2001,482004,1,1,0,0,0,0,0,0,0,0,0,0
2001,482005,1,1,0,0,0,0,0,0,0,0,0,0
2001,482006,1,1,17,0,16,0,14,14,16,0,19,0
2001,482006,2,1,0,0,22,0,0,13,0,0,10,0
2001,482007,1,1,32,32,32,32,32,32,32,32,32,32
2001,482007,2,1,0,0,0,0,0,0,0,0,0,0
2001,482008,1,1,5,16,18,22,6,12,8,17,29,23
2001,482009,1,1,0,38,0,0,0,11,0,19,0,0
2001,482010,1,1,0,0,0,0,0,17,0,0,0,0
2001,482010,2,1,26,0,8,0,0,0,4,17,0,0
2001,482011,0,1,0,30,10,26,7,32,0,0,33,23
2001,482011,1,1,0,0,0,0,0,0,0,0,5,0
2001,482012,0,1,0,0,12,0,16,0,0,27,6,0
2001,482012,1,1,15,8,9,16,0,15,0,4,0,0
2001,482013,1,1,15,15,15,15,15,15,15,15,15,15
2001,482014,1,1,0,0,0,0,0,0,0,0,0,0
2001,482014,2,1,0,0,0,0,0,0,17,0,0,0
2001,482015,1,1,0,0,0,0,0,0,0,0,0,0
2001,482015,2,1,0,0,0,0,0,0,0,0,4,0
2001,482016,0,1,0,7,28,0,29,24,17,31,24,37
2001,482016,1,1,0,0,0,0,0,0,0,0,18,0
2001,482017,1,1,0,0,0,0,0,0,23,20,11,0
2001,482018,1,1,0,10,0,8,0,25,0,0,0,6
2001,482019,1,1,0,11,19,0,0,0,29,0,21,0
2001,482020,1,1,0,0,0,0,0,0,0,0,0,0
2001,482021,0,1,0,0,0,0,18,0,0,0,0,0
2001,482021,1,1,0,0,0,0,0,0,0,0,0,0
2001,482022,1,1,18,18,18,18,18,18,18,18,18,18
2001,482023,1,1,0,0,0,9,0,0,0,0,0,0
2001,482023,2,1,0,29,0,0,0,0,0,0,0,0
2001,482024,0,1,24,0,19,17,0,44,24,0,11,17
2001,482024,1,1,0,0,0,0,0,0,0,0,0,0
2001,482025,0,1,0,26,0,14,39,0,0,0,0,0
2001,482025,0,2,22,0,0,0,0,19,0,0,0,23
2001,482025,1,1,27,8,0,0,2,11,15,10,7,17
2001,482026,1,1,0,0,0,0,0,0,0,0,0,0
2001,482026,2,1,0,0,0,0,0,0,0,0,0,0
2001,482027,1,1,0,0,0,0,0,0,0,0,0,0
2001,482028,1,1,5,5,13,8,14,11,0,17,21,3
2001,482029,1,1,21,0,0,0,0,16,12,0,33,0
2001,482029,2,1,0,0,0,0,0,0,0,0,0,0
2001,482030,1,1,0,19,16,16,12,18,21,0,8,9
2001,482030,2,1,0,2,0,0,0,0,0,0,0,3
2001,482031,1,1,0,0,0,4,8,12,21,0,0,0
2001,482031,2,1,11,0,10,0,5,9,0,0,0,8
2001,482032,1,1,10,28,32,26,15,11,29,0,15,16
2001,482033,1,1,0,0,0,0,0,0,11,0,0,5
2001,482033,2,1,0,0,0,0,0,0,0,0,0,0
2001,482034,1,1,0,0,0,0,0,0,20,0,0,0
2001,482035,1,1,20,17,0,16,15,8,6,12,6,20
2001,482036,1,1,15,21,34,15,9,19,26,16,13,39
2001,482037,1,1,0,0,0,0,0,0,0,18,0,0
2001,482038,1,1,23,23,23,23,23,23,23,23,23,23
2001,482039,1,1,21,21,21,21,21,21,21,21,21,21
2001,482039,2,1,11,11,11,11,11,11,11,11,11,11
2001,482040,1,1,0,0,0,0,0,0,20,0,0,7
2001,482041,1,1,13,4,39,14,17,18,31,11,21,19
2001,482042,1,1,25,25,25,25,25,25,25,25,25,25
2001,482043,1,1,0,0,0,5,0,0,0,0,0,0
2001,482044,1,1,0,0,0,0,0,0,0,0,0,0
2001,482045,1,1,0,0,0,0,0,0,0,0,0,0
2001,482045,2,1,0,0,0,0,0,0,0,0,0,0
2001,482046,1,1,0,0,0,0,0,0,18,0,23,0
2001,482047,1,1,23,23,23,23,23,23,23,23,23,23
2001,482047,2,1,0,0,0,0,0,0,0,0,0,0
2001,482047,3,1,0,0,0,0,0,0,0,0,0,0
2001,482048,1,1,10,20,0,12,0,0,17,4,5,9
2001,482049,1,1,20,20,20,20,20,20,20,20,20,20
2001,482050,0,1,0,0,0,0,0,0,0,0,0,0
2001,482050,1,1,0,0,8,0,0,0,0,0,0,0
2001,482051,1,1,19,31,17,17,0,0,15,22,13,12
2001,482051,2,1,0,0,0,0,0,0,0,0,6,0
2001,482052,1,1,6,19,12,8,0,16,18,0,22,12
2001,482052,2,1,0,0,0,0,0,0,0,0,0,0
2001,482053,1,1,0,0,0,0,9,0,0,0,25,9
2001,482053,2,1,14,14,14,14,14,14,14,14,14,14
2001,482054,1,1,0,9,8,0,0,0,0,0,13,11
2001,482055,1,1,0,0,0,0,0,0,0,0,0,0
2001,482055,2,1,0,0,0,0,0,0,0,0,0,0
2001,482055,3,1,17,0,0,27,0,0,0,0,18,0
2001,482055,4,1,0,0,0,0,0,17,14,0,0,0
2001,482056,1,1,0,0,0,0,0,0,6,0,0,0
2001,482056,2,1,0,0,0,0,0,0,0,0,0,0
2001,482057,1,1,0,0,0,0,0,0,0,0,0,0
2001,482057,2,1,0,0,0,0,0,0,0,0,0,0
2001,482058,1,1,17,17,17,17,17,17,17,17,17,17
2001,482058,2,1,0,0,21,0,28,0,0,0,6,8
2001,482059,1,1,0,0,0,0,0,0,0,0,0,0
2001,482059,2,1,0,0,0,0,0,0,0,0,0,0
2001,482060,1,1,0,7,0,0,0,0,0,38,0,0
2001,482060,2,1,2,0,0,0,0,0,0,0,0,0
2001,482061,0,1,0,0,0,0,0,0,0,0,0,0
2001,482061,1,1,0,0,0,8,2,0,0,0,0,0
2001,482062,1,1,0,0,0,0,0,0,0,0,0,0
2001,482062,2,1,21,21,21,21,21,21,21,21,21,21
2001,482063,1,1,0,0,0,0,0,0,0,0,0,0
2001,482063,2,1,0,0,0,0,0,0,0,0,0,0
2001,482064,1,1,11,11,11,11,11,11,11,11,11,11
2001,482064,2,1,0,0,0,0,0,0,0,0,0,0
2001,482065,1,1,0,0,0,0,0,0,0,0,0,0
2001,482065,2,1,0,0,0,0,0,0,0,0,0,0
2001,482066,0,1,0,0,0,0,0,0,0,0,0,0
2001,482066,1,1,0,8,0,21,0,12,0,20,0,0
2001,482067,0,1,0,0,36,0,0,0,0,0,44,0
2001,482067,1,1,13,0,17,0,5,0,0,6,15,0
2001,482068,1,1,24,0,0,12,13,15,9,22,27,10
2001,482069,1,1,21,15,0,0,15,0,14,0,0,15
2001,482069,2,1,0,0,0,0,0,0,0,0,0,0
2001,482070,1,1,0,0,0,0,0,0,0,0,33,0
2001,482070,2,1,0,0,0,0,0,0,11,0,8,0
2001,482071,1,1,0,0,1,0,0,0,0,0,0,0
2001,482071,2,1,0,0,0,0,0,8,0,0,0,18
2001,482071,3,1,0,0,13,0,7,0,13,14,0,0
2001,482072,1,1,28,28,28,28,28,28,28,28,28,28
2001,482073,1,1,0,0,0,0,0,0,13,0,0,0
2001,482073,2,1,13,47,18,35,16,20,17,15,19,0
2001,482074,1,1,0,0,0,0,0,0,0,0,0,0
2001,482074,2,1,0,0,0,0,0,0,0,0,0,0
2001,482074,3,1,0,28,0,23,0,0,0,17,20,0
2001,482075,1,1,14,14,20,16,0,24,0,0,5,3
2001,482075,2,1,0,14,0,22,14,30,0,0,22,36
2001,482075,3,1,22,27,0,0,17,4,0,14,0,0
2001,482075,4,1,0,4,3,0,0,9,0,0,13,24
2001,482075,5,1,4,30,9,10,17,18,13,6,18,0
2001,482075,6,1,0,12,11,12,0,0,0,11,0,0
2001,482075,7,1,12,18,4,3,20,27,26,18,0,0
2001,482075,8,1,13,0,24,0,0,14,6,0,10,0
2001,482075,9,1,13,0,0,20,14,16,0,20,27,18
2001,482076,1,1,0,19,23,10,0,0,0,0,0,0
2001,482077,1,1,13,16,7,33,24,20,0,4,15,9
2001,482078,1,1,0,0,0,0,0,0,0,0,0,0
2001,482079,1,1,25,29,20,14,30,16,6,6,15,24
2001,482080,0,1,0,0,0,0,0,0,0,0,0,0
2001,482080,1,1,0,32,0,25,0,26,21,0,14,0
2001,482081,1,1,26,26,26,26,26,26,26,26,26,26
2001,482082,1,1,15,15,15,15,15,15,15,15,15,15
2001,482082,2,1,0,10,0,0,31,0,0,0,0,0
2001,482082,3,1,0,0,0,0,0,0,0,0,0,0
2001,482083,0,1,0,0,0,0,0,0,0,0,0,0
2001,482083,1,1,0,7,0,0,0,31,0,0,16,22
2001,482084,1,1,11,15,22,8,21,23,34,28,24,15
2001,482085,1,1,17,19,17,15,0,23,11,25,0,26
2001,482086,1,1,29,29,29,29,29,29,29,29,29,29
2001,482087,1,1,25,25,25,25,25,25,25,25,25,25
2001,482088,1,1,0,0,0,0,0,0,0,0,0,0
2001,482088,2,1,0,0,0,0,0,0,0,0,0,0
2001,482089,1,1,0,0,0,0,0,0,7,22,0,0
2001,482090,0,1,0,43,45,21,8,14,25,19,14,11
2001,482090,1,1,0,0,0,0,0,0,0,2,0,12
2001,482091,1,1,0,0,0,0,0,0,0,0,0,0
2001,482092,1,1,0,0,0,0,0,0,0,0,0,0
2001,482092,2,1,0,0,20,0,36,4,0,0,0,0
2001,482093,1,1,16,16,16,16,16,16,16,16,16,16
2001,482094,1,1,0,0,0,0,0,0,0,0,0,0
2001,482094,2,1,0,15,0,0,0,0,0,0,0,0
2001,482095,1,1,0,0,0,0,0,0,0,0,0,0
2001,482095,2,1,0,0,0,0,0,0,0,0,0,0
2001,482096,1,1,0,0,0,0,0,0,0,16,0,0
2001,482096,2,1,0,0,27,0,0,25,0,0,0,26
2001,482097,1,1,0,23,0,0,0,0,0,20,0,15
2001,482098,1,1,0,12,0,3,0,13,7,27,0,10
2001,482099,1,1,0,0,0,0,0,0,0,0,0,0
2001,482099,2,1,0,0,0,0,0,0,0,0,0,0
2001,482100,1,1,5,0,17,0,0,0,0,0,0,10
2001,482100,2,1,12,12,12,12,12,12,12,12,12,12
2001,482101,1,1,0,0,0,0,0,0,0,0,0,0
2001,482101,2,1,0,0,0,0,0,0,0,0,0,0
2001,482102,1,1,0,10,4,0,21,25,0,17,5,0
2001,482103,1,1,0,7,0,0,0,3,0,0,35,0
2001,482104,1,1,0,9,0,0,13,0,0,0,0,0
2001,482104,2,1,0,0,0,0,0,0,0,0,0,0
2001,482105,1,1,42,42,42,42,42,42,42,42,42,42
2001,482106,1,1,0,0,0,0,0,0,0,0,0,0
2001,482106,2,1,0,0,0,0,0,0,0,0,0,0
2001,482106,3,1,0,0,0,0,0,0,0,0,0,0
2001,482107,1,1,0,0,0,0,0,0,0,0,0,0
2001,482107,2,1,0,0,0,0,22,0,0,0,0,0
2001,482108,1,1,0,0,0,0,0,0,18,0,0,0
2001,482109,1,1,10,9,0,0,0,0,7,0,16,18
2001,482110,1,1,31,31,31,31,31,31,31,31,31,31
2001,482110,2,1,0,0,5,0,0,0,0,0,0,0
2001,482111,1,1,0,0,0,0,0,0,0,0,0,0
2001,482111,2,1,14,14,14,14,14,14,14,14,14,14
2001,482112,1,1,0,0,0,0,0,0,0,0,0,0
2001,482112,2,1,16,24,9,0,0,0,0,0,23,0
2001,482113,1,1,20,14,22,38,8,11,22,0,26,16
2001,482113,2,1,0,0,0,0,0,0,0,0,9,0
2001,482114,1,1,0,0,0,0,0,0,0,0,0,0
2001,482115,1,1,0,0,0,0,0,0,0,0,0,0
2001,482115,2,1,0,0,0,0,0,0,0,0,0,0
2001,482116,1,1,0,0,0,0,0,0,0,0,0,0
2001,482117,1,1,0,0,0,22,0,0,0,0,0,0
2001,482118,1,1,0,0,0,0,0,0,0,0,0,0
2001,482118,2,1,0,0,0,13,0,0,0,0,0,0
2001,482119,1,1,0,0,0,0,0,23,0,0,9,0
2001,482119,2,1,0,0,0,0,0,0,0,0,0,0
2001,482120,0,1,18,18,18,18,18,18,18,18,18,18
2001,482120,1,1,17,22,0,7,0,0,0,11,8,17
2001,482121,1,1,0,13,15,0,0,24,8,22,8,0
2001,482122,0,1,11,11,11,11,11,11,11,11,11,11
2001,482122,1,1,0,0,0,0,0,0,0,0,0,0
2001,482123,1,1,23,23,23,23,23,23,23,23,23,23
2001,482124,1,1,30,30,30,30,30,30,30,30,30,30
2001,482125,1,1,24,21,0,18,12,12,12,26,0,19
2001,482125,2,1,0,0,0,0,8,0,0,0,0,0
2001,482126,1,1,0,0,0,0,0,0,0,0,0,0
2001,482126,2,1,0,0,0,0,0,0,0,0,0,0
2001,482127,1,1,0,0,0,0,0,0,0,0,0,0
2001,482127,2,1,0,0,0,0,10,0,0,13,0,0