YEAR,st_case,veh_no,per_no,P1,P2,P3,P4,P5,P6,P7,P8,P9,P10
2001,482391,1,1,17,17,17,17,17,17,17,17,17,17
2001,482391,2,1,0,0,0,0,10,0,0,0,0,5
2001,482392,0,1,0,27,23,13,21,0,0,0,11,15
2001,482392,1,1,0,0,0,0,0,21,0,0,0,0
2001,482393,1,1,0,0,0,0,0,0,0,0,0,0
2001,482393,2,1,0,0,0,0,0,0,0,0,0,0
2001,482394,1,1,0,0,0,0,0,0,0,0,0,0
2001,482394,2,1,0,0,0,0,0,0,0,0,0,0
2001,482395,1,1,0,0,0,0,0,0,0,0,12,0
2001,482395,2,1,0,0,0,0,0,0,0,0,0,0
2001,482395,3,1,0,0,0,0,0,0,0,0,0,0
2001,482396,1,1,0,0,0,0,3,13,0,26,23,0
2001,482396,2,1,0,0,0,0,0,0,0,0,0,0
2001,482397,1,1,0,0,0,0,0,0,0,0,0,0
2001,482397,2,1,0,0,0,0,0,0,0,0,0,0
2001,482398,1,1,13,0,16,5,0,0,10,0,0,15
2001,482398,2,1,0,0,0,0,0,0,0,0,0,0
2001,482399,1,1,0,0,18,0,0,0,0,0,0,0
2001,482400,0,1,16,0,16,0,0,0,0,0,0,0
2001,482400,1,1,0,18,0,0,0,0,0,11,0,0
2001,482401,0,1,0,0,0,0,0,0,0,0,21,0
2001,482401,1,1,0,0,0,0,0,0,0,0,0,10
2001,482402,1,1,12,12,12,12,12,12,12,12,12,12
2001,482403,1,1,0,0,0,0,0,0,0,0,0,0
2001,482404,1,1,0,0,0,23,12,0,29,0,0,0
2001,482404,2,1,5,0,0,0,9,0,14,6,0,0
2001,482405,1,1,0,0,0,0,0,0,0,0,0,0
2001,482406,1,1,0,0,0,0,0,0,0,0,0,0
2001,482406,2,1,0,0,8,0,0,0,0,0,0,24
2001,482407,1,1,0,0,0,0,0,0,0,0,0,0
2001,482408,1,1,0,0,0,0,0,0,0,0,0,0
2001,482409,1,1,0,0,0,0,0,0,0,0,0,0
2001,482410,0,1,0,0,0,0,0,0,0,0,0,0
2001,482410,1,1,0,0,0,0,0,14,10,0,0,0
2001,482411,1,1,12,11,25,18,29,11,11,31,24,16
2001,482412,1,1,0,6,0,0,13,0,0,0,0,0
2001,482413,1,1,0,0,0,0,0,0,0,0,0,0
2001,482413,2,1,0,0,0,23,0,0,0,0,0,0
2001,482414,1,1,0,17,15,9,0,10,22,25,0,9
2001,482415,0,1,0,0,0,0,0,0,0,0,0,0
2001,482415,1,1,0,0,0,0,0,0,0,0,0,0
2001,482416,1,1,0,9,20,2,0,6,0,4,0,0
2001,482416,2,1,0,0,0,0,0,0,0,0,0,15
2001,482417,1,1,5,5,5,5,5,5,5,5,5,5
2001,482418,1,1,0,0,0,0,0,0,0,0,0,0
2001,482418,2,1,0,0,0,0,0,0,0,0,30,0
2001,482419,1,1,0,0,0,0,0,0,0,0,0,0
2001,482419,2,1,22,0,0,0,0,0,0,0,0,18
2001,482420,1,1,0,42,11,11,0,0,0,0,8,0
2001,482421,1,1,0,9,7,0,0,0,0,0,0,0
2001,482421,2,1,0,0,0,0,0,0,0,0,0,0
2001,482422,1,1,15,26,20,13,28,10,29,17,23,31
2001,482422,2,1,0,11,0,0,0,0,0,0,14,0
2001,482423,1,1,0,0,0,0,0,0,0,0,0,0
2001,482423,2,1,0,0,0,0,0,0,0,0,0,0
2001,482424,0,1,0,0,0,0,0,0,0,0,0,0
2001,482424,1,1,12,16,3,26,0,0,5,11,0,12
2001,482425,1,1,0,6,3,0,0,0,0,0,0,13
2001,482425,2,1,14,0,0,0,18,0,0,8,0,0
2001,482426,1,1,21,21,21,21,21,21,21,21,21,21
2001,482426,2,1,26,0,20,0,29,23,18,13,0,16
2001,482427,1,1,14,14,14,14,14,14,14,14,14,14
2001,482428,1,1,19,19,19,19,19,19,19,19,19,19
2001,482429,1,1,0,0,0,0,0,0,0,0,0,0
2001,482429,2,1,0,0,0,16,0,0,0,0,23,14
2001,482430,1,1,0,0,0,0,0,0,0,0,0,0
2001,482430,2,1,0,0,0,0,0,0,0,0,0,0
2001,482430,3,1,0,0,0,0,0,0,0,0,0,0
2001,482431,1,1,0,0,0,0,0,0,0,0,0,0
2001,482431,2,1,0,0,0,0,0,0,0,0,0,0
2001,482432,1,1,40,40,40,40,40,40,40,40,40,40
2001,482433,1,1,0,0,0,0,0,0,15,0,0,0
2001,482433,2,1,0,0,0,0,0,19,0,19,8,0
2001,482433,3,1,0,0,0,0,0,0,9,0,0,16
2001,482434,1,1,0,0,0,0,0,7,16,0,0,0
2001,482434,2,1,22,10,6,19,13,7,0,26,10,9
2001,482435,0,1,0,0,0,0,0,0,0,0,0,0
2001,482435,1,1,0,0,0,0,0,0,0,0,0,0
2001,482436,1,1,0,0,0,0,0,0,0,0,0,0
2001,482436,2,1,0,0,0,0,0,0,0,0,0,0
2001,482437,1,1,0,0,0,0,0,0,0,0,0,0
2001,482437,2,1,0,0,0,0,0,0,0,0,0,0
2001,482438,1,1,0,0,0,0,0,0,0,0,0,0
2001,482438,2,1,0,0,0,0,23,0,9,0,0,20
2001,482439,1,1,1,1,1,1,1,1,1,1,1,1
2001,482440,1,1,20,20,20,20,20,20,20,20,20,20
2001,482440,2,1,4,0,0,0,0,0,0,0,0,0
2001,482441,1,1,0,0,0,0,0,0,0,0,0,0
2001,482441,2,1,0,0,0,0,0,0,0,18,0,0
2001,482441,3,1,0,0,0,0,0,0,0,0,0,0
2001,482442,1,1,8,8,8,8,8,8,8,8,8,8
2001,482443,1,1,0,0,16,0,16,0,0,0,0,0
2001,482443,2,1,0,0,0,0,0,0,0,0,0,0
2001,482444,1,1,0,0,0,0,0,0,0,0,0,0
2001,482445,1,1,0,0,0,0,0,0,0,0,0,0
2001,482446,1,1,7,7,7,7,7,7,7,7,7,7
2001,482446,2,1,0,0,0,0,0,0,0,0,0,0
2001,482447,1,1,0,0,0,0,0,0,0,0,19,6
2001,482448,1,1,0,0,0,0,0,0,0,0,0,0
2001,482448,2,1,0,12,0,12,0,0,0,0,0,0
2001,482449,1,1,0,0,0,8,11,0,0,0,0,0
2001,482449,2,1,5,0,0,0,7,0,0,0,0,0
2001,482450,1,1,15,0,0,0,0,0,0,6,0,0
2001,482450,2,1,0,0,0,9,8,0,0,19,0,0
2001,482451,1,1,0,0,0,0,0,0,0,0,0,0
2001,482451,2,1,3,3,3,3,3,3,3,3,3,3
2001,482452,1,1,34,0,39,0,15,0,0,20,29,24
2001,482452,2,1,0,6,0,12,19,18,8,0,0,15
2001,482453,1,1,0,0,0,0,0,0,0,0,0,0
2001,482453,2,1,0,0,0,0,0,0,0,0,0,0
2001,482454,1,1,13,13,13,13,13,13,13,13,13,13
2001,482454,2,1,30,30,30,30,30,30,30,30,30,30
2001,482455,1,1,0,0,0,0,0,0,0,0,0,0
2001,482455,2,1,0,0,0,0,0,0,0,0,0,0
2001,482456,1,1,23,23,23,23,23,23,23,23,23,23
2001,482456,2,1,7,7,7,7,7,7,7,7,7,7
2001,482457,1,1,11,14,14,24,0,0,0,45,11,0
2001,482458,1,1,20,20,20,20,20,20,20,20,20,20
2001,482459,1,1,3,3,3,3,3,3,3,3,3,3
2001,482459,2,1,22,0,15,8,14,17,18,9,0,15
2001,482460,1,1,0,0,0,2,3,0,0,0,0,0
2001,482461,0,1,18,0,27,25,0,29,0,29,30,0
2001,482461,1,1,0,17,0,14,13,3,0,0,0,7
2001,482462,1,1,15,15,15,15,15,15,15,15,15,15
2001,482462,2,1,0,0,0,26,0,0,0,0,0,6
2001,482462,3,1,0,0,0,0,0,0,0,0,0,0
2001,482463,1,1,0,0,0,0,0,0,0,0,0,0
2001,482463,2,1,0,0,0,0,0,0,0,0,0,0
2001,482464,1,1,29,29,29,29,29,29,29,29,29,29
2001,482465,1,1,0,0,0,18,0,0,0,16,0,0
2001,482465,2,1,0,0,0,0,8,0,2,0,0,0
2001,482466,1,1,6,0,0,0,0,0,0,0,0,0
2001,482466,2,1,0,0,0,0,0,0,0,0,0,0
2001,482467,1,1,0,0,0,0,0,0,0,0,0,0
2001,482467,2,1,0,0,0,0,0,0,0,0,0,0
2001,482468,1,1,15,17,13,13,20,13,17,12,39,9
2001,482469,1,1,0,0,0,0,0,0,0,0,0,0
2001,482469,2,1,20,0,0,0,0,0,0,0,0,0
2001,482470,0,1,14,14,14,14,14,14,14,14,14,14
2001,482470,1,1,0,0,0,0,0,0,0,0,0,0
2001,482471,1,1,4,0,0,0,0,0,0,0,0,0
2001,482471,2,1,0,0,0,0,0,0,0,0,4,0
2001,482472,1,1,5,5,12,4,0,0,0,0,4,0
2001,482473,1,1,0,0,0,0,0,0,0,0,0,0
2001,482474,1,1,10,0,13,0,0,0,0,0,0,9
2001,482474,2,1,7,10,37,24,0,27,22,0,29,0
2001,482475,1,1,7,7,7,7,7,7,7,7,7,7
2001,482476,0,1,14,0,0,0,0,0,0,0,0,0
2001,482476,1,1,11,11,11,11,11,11,11,11,11,11
2001,482477,1,1,7,0,0,0,0,0,0,0,0,0
2001,482477,2,1,0,0,0,0,0,0,0,0,0,0
2001,482478,0,1,0,0,0,0,0,31,0,0,0,0
2001,482478,0,2,0,0,0,0,0,0,0,0,0,0
2001,482478,1,1,0,7,36,0,0,48,17,0,18,0
2001,482479,1,1,0,13,20,17,16,24,15,10,9,18
2001,482479,2,1,1,1,1,1,1,1,1,1,1,1
2001,482480,1,1,18,18,18,18,18,18,18,18,18,18
2001,482480,2,1,0,0,2,0,0,0,0,0,0,7
2001,482481,1,1,0,8,11,17,36,8,29,13,28,11
2001,482481,2,1,0,0,0,0,0,19,13,0,0,30
2001,482482,1,1,18,13,0,0,0,18,4,0,0,0
2001,482483,1,1,9,9,9,9,9,9,9,9,9,9
2001,482484,0,1,0,0,0,0,0,0,0,0,0,0
2001,482484,0,2,17,0,33,0,0,30,25,26,8,10
2001,482484,1,1,0,0,0,0,0,0,0,0,0,0
2001,482485,1,1,0,22,0,11,0,11,0,0,0,17
2001,482486,1,1,9,9,9,9,9,9,9,9,9,9
2001,482487,1,1,0,0,12,0,0,10,12,20,0,12
2001,482488,1,1,19,20,7,23,20,17,17,14,6,20
2001,482489,1,1,0,0,0,0,0,0,3,0,20,17
2001,482490,1,1,0,0,0,0,0,0,0,0,0,0
2001,482490,2,1,0,0,0,0,0,0,0,0,0,0
2001,482490,3,1,0,0,0,0,0,0,0,0,0,0
2001,482491,0,1,0,0,0,0,0,27,0,0,13,0
2001,482491,1,1,0,0,0,0,0,0,0,0,0,18
2001,482492,1,1,0,0,0,0,0,0,0,0,5,0
2001,482493,1,1,0,0,0,0,0,0,0,0,0,0
2001,482493,2,1,0,0,9,0,0,7,0,0,0,0
2001,482494,1,1,27,27,27,27,27,27,27,27,27,27
2001,482495,1,1,0,0,0,0,0,0,0,0,0,0
2001,482495,2,1,0,0,0,0,16,0,0,0,0,0
2001,482496,0,1,39,19,8,0,0,11,0,0,0,0
2001,482496,1,1,0,0,0,0,0,0,0,0,0,7
2001,482497,1,1,0,0,0,0,0,0,0,0,0,0
2001,482497,2,1,0,0,0,0,0,0,0,0,0,0
2001,482497,3,1,0,0,0,0,0,0,0,0,0,0
2001,482497,4,1,0,0,0,0,0,0,0,0,0,0
2001,482498,1,1,14,14,14,14,14,14,14,14,14,14
2001,482498,2,1,0,0,0,26,0,36,0,0,0,0
2001,482499,1,1,0,0,0,0,0,0,0,0,0,0
2001,482499,2,1,0,0,0,0,0,0,0,0,0,0
2001,482500,1,1,19,19,19,19,19,19,19,19,19,19
2001,482501,1,1,0,0,4,0,5,0,25,0,6,0
2001,482502,1,1,1,0,0,0,0,0,0,0,0,0
2001,482502,2,1,16,10,0,0,3,14,7,5,0,5
2001,482503,0,1,0,41,0,0,0,0,0,0,13,0
2001,482503,1,1,3,0,0,0,0,10,0,10,0,0
2001,482504,0,1,0,35,0,0,0,0,0,47,0,0
2001,482504,1,1,0,0,0,0,0,0,0,0,0,0
2001,482505,1,1,0,0,0,0,0,0,0,0,0,0
2001,482505,2,1,3,3,3,3,3,3,3,3,3,3
2001,482506,0,1,22,22,22,22,22,22,22,22,22,22
2001,482506,1,1,0,0,0,0,29,24,0,4,22,9
2001,482507,1,1,0,0,0,0,0,0,0,0,0,0
2001,482507,2,1,0,0,0,0,0,0,0,0,8,0
2001,482508,1,1,20,20,20,20,20,20,20,20,20,20
2001,482509,1,1,0,7,11,13,16,14,12,15,38,13
2001,482510,1,1,0,0,0,32,5,17,0,0,0,0
2001,482511,1,1,0,0,0,0,0,0,0,0,0,0
2001,482511,2,1,24,24,24,24,24,24,24,24,24,24
2001,482512,2,1,10,10,10,10,10,10,10,10,10,10
2001,482513,0,1,0,30,27,5,15,14,0,14,23,27
2001,482513,1,1,0,0,0,0,0,0,0,10,0,0
2001,482514,1,1,25,25,25,25,25,25,25,25,25,25
2001,482514,2,1,0,0,0,0,0,10,0,0,27,0
2001,482515,0,1,23,0,0,0,0,0,0,28,0,13
2001,482515,1,1,15,15,15,15,15,15,15,15,15,15
2001,482516,1,1,1,1,1,1,1,1,1,1,1,1
2001,482516,2,1,0,0,0,0,8,0,0,0,0,0
2001,482517,1,1,26,26,26,26,26,26,26,26,26,26
2001,482517,2,1,16,23,0,0,0,0,0,0,0,0
2001,482518,1,1,15,15,15,15,15,15,15,15,15,15
2001,482519,1,1,0,0,0,0,0,0,0,0,0,0
2001,482519,2,1,0,18,8,0,0,0,4,0,0,0
2001,482520,1,1,27,27,27,27,27,27,27,27,27,27
2001,482521,1,1,3,0,0,0,0,0,0,7,2,0
2001,482522,0,4,0,0,0,0,0,0,0,0,0,0
2001,482522,0,5,0,0,0,0,0,0,0,0,0,0
2001,482522,2,1,23,23,23,23,23,23,23,23,23,23
2001,482523,1,1,0,0,0,0,0,0,0,0,0,0
2001,482523,2,1,0,0,0,22,0,0,0,0,0,0
2001,482524,0,1,0,10,20,18,13,13,18,0,17,0
2001,482524,1,1,0,0,0,0,0,0,0,0,0,0
2001,482525,1,1,0,0,0,0,0,0,0,0,0,0
2001,482526,1,1,0,0,0,0,0,0,0,0,0,0
2001,482526,2,1,0,0,0,0,0,0,0,0,0,0
2001,482527,1,1,0,0,0,0,0,0,0,0,0,0
2001,482527,2,1,0,0,0,0,0,0,0,0,0,0
2001,482528,0,1,0,0,0,0,0,0,0,0,0,0
2001,482528,1,1,0,0,0,0,0,0,0,2,0,0
2001,482529,1,1,0,0,0,0,0,0,0,0,0,0
2001,482529,2,1,0,0,0,0,0,0,13,0,0,0
2001,482529,3,1,0,0,0,0,0,0,0,0,0,0
2001,482530,0,1,0,0,25,0,0,0,0,0,0,0
2001,482530,1,1,7,0,0,0,7,0,0,24,16,0
2001,482531,1,1,11,11,11,11,11,11,11,11,11,11
2001,482532,1,1,0,0,0,0,0,0,0,0,0,0
2001,482532,2,1,0,0,0,0,0,0,0,0,0,0
2001,482533,0,1,0,14,0,0,7,0,0,0,0,0
2001,482533,1,1,28,28,28,28,28,28,28,28,28,28
2001,482533,2,1,0,0,14,0,0,0,0,0,0,10
2001,482534,1,1,10,20,40,24,18,24,13,17,25,32
2001,482535,1,1,16,23,22,18,0,15,7,0,6,5
2001,482535,2,1,0,0,0,0,0,0,0,0,0,0
2001,482536,1,1,0,0,0,0,0,0,0,0,0,0
2001,482536,2,1,0,0,0,0,20,0,0,0,18,0
2001,482537,1,1,0,0,0,0,0,0,0,0,33,0
2001,482538,0,1,24,24,24,24,24,24,24,24,24,24
2001,482538,1,1,0,0,0,17,0,0,0,0,0,0
2001,482539,1,1,8,8,8,8,8,8,8,8,8,8
2001,482540,1,1,0,0,0,0,0,0,0,0,0,0
2001,482540,2,1,0,0,0,0,0,0,0,0,0,0
2001,482540,3,1,0,0,0,0,0,0,0,0,0,0
2001,482541,1,1,7,7,7,7,7,7,7,7,7,7
2001,482541,2,1,5,0,0,0,0,0,0,0,0,0
2001,482542,1,1,0,0,0,0,0,0,0,0,0,0
2001,482542,2,1,0,0,0,0,0,0,0,0,0,0
2001,482543,0,1,27,0,26,0,0,11,0,0,23,23
2001,482543,1,1,19,10,0,0,0,0,0,4,0,0
2001,482544,1,1,0,0,0,0,0,17,12,12,0,0
2001,482545,1,1,22,22,22,22,22,22,22,22,22,22
2001,482545,2,1,0,0,0,0,0,0,0,0,0,0
2001,482545,3,1,0,0,0,0,0,0,0,0,0,0
2001,482546,1,1,0,0,0,0,0,12,0,14,0,0
2001,482547,0,1,0,0,0,0,0,0,0,0,0,0
2001,482547,1,1,9,0,0,0,0,0,0,0,0,0
2001,482548,1,1,0,0,0,0,0,0,0,0,0,0
2001,482548,2,1,0,0,0,0,0,0,0,0,0,0
2001,482548,3,1,0,0,0,0,0,0,0,0,0,0
2001,482548,4,1,0,0,0,0,0,0,0,0,0,0
2001,482549,0,1,8,8,8,8,8,8,8,8,8,8
2001,482549,1,1,0,0,0,0,0,0,0,8,0,0
2001,482550,1,1,24,24,24,24,24,24,24,24,24,24
2001,482550,2,1,0,0,0,0,0,0,0,0,0,15
2001,482551,0,1,25,0,0,0,0,0,0,0,0,0
2001,482551,1,1,0,0,0,0,0,0,0,0,0,0
2001,482552,1,1,0,0,0,0,0,0,0,0,0,0
2001,482552,2,1,7,7,7,7,7,7,7,7,7,7
2001,482553,1,1,0,37,0,0,20,12,0,0,31,19
2001,482554,1,1,17,0,0,16,14,11,11,9,0,0
2001,482555,1,1,0,0,0,0,18,15,0,17,0,0
2001,482555,2,1,0,0,10,0,0,7,0,0,9,0
2001,482555,3,1,0,0,0,0,0,0,0,0,0,0
2001,482556,1,1,0,0,0,0,0,29,7,0,0,0
2001,482557,1,1,16,20,22,19,26,28,0,7,15,0
2001,482558,1,1,14,14,14,14,14,14,14,14,14,14
2001,482559,0,1,0,0,0,0,0,0,0,0,0,0
2001,482559,1,1,0,0,0,0,0,0,0,0,0,0
2001,482560,1,1,0,0,0,4,0,0,0,0,0,0
2001,482560,2,1,0,0,0,0,0,0,0,0,0,0
2001,482561,1,1,0,16,0,0,15,0,0,6,0,0
2001,482562,1,1,7,0,0,0,0,0,0,0,0,0
2001,482562,2,1,0,0,32,0,0,0,0,0,0,0
2001,482563,1,1,0,0,0,16,0,15,15,32,0,0
2001,482564,1,1,20,20,20,20,20,20,20,20,20,20
2001,482565,1,1,8,8,8,8,8,8,8,8,8,8
2001,482566,1,1,17,0,10,16,15,8,21,0,21,22
2001,482567,1,1,21,21,21,21,21,21,21,21,21,21
2001,482567,2,1,0,0,12,18,0,12,0,18,0,0
2001,482568,0,1,7,38,23,0,9,0,0,26,9,22
2001,482568,0,2,29,0,19,0,23,20,15,0,28,0
2001,482568,0,3,15,28,25,20,25,29,24,19,15,0
2001,482568,1,1,8,8,8,8,8,8,8,8,8,8
2001,482568,2,1,0,0,0,0,0,11,0,0,0,16
2001,482569,1,1,0,0,0,0,0,19,0,12,0,0
2001,482570,0,1,0,0,0,0,0,0,0,0,0,0
2001,482570,1,1,0,0,0,0,0,0,0,0,0,0
2001,482571,1,1,13,0,25,0,0,0,0,16,23,14
2001,482572,1,1,8,0,9,0,0,0,0,0,0,11
2001,482573,1,1,0,0,0,0,0,0,0,0,0,0
2001,482573,2,1,0,0,0,0,0,0,0,0,0,21
2001,482574,1,1,9,9,9,9,9,9,9,9,9,9
2001,482575,1,1,0,14,15,0,0,0,0,14,16,0
2001,482575,2,1,0,0,0,0,0,0,0,0,0,0
2001,482576,0,1,0,0,0,0,0,0,0,0,0,0
2001,482576,1,1,0,0,0,0,0,0,0,0,0,0
2001,482577,0,1,16,16,16,16,16,16,16,16,16,16
2001,482577,1,1,0,0,0,0,0,0,0,0,0,2
2001,482578,1,1,0,0,0,0,0,0,0,0,0,0
2001,482579,0,1,0,24,38,0,15,6,0,18,15,0
2001,482579,1,1,0,0,18,0,0,0,0,0,0,0
2001,482580,1,1,0,0,0,7,0,13,0,0,0,0
2001,482580,2,1,0,0,0,0,0,0,0,0,0,0
2001,482581,1,1,0,0,0,0,0,0,0,0,0,0
2001,482581,2,1,0,0,0,0,0,0,0,0,0,0
2001,482582,1,1,0,0,0,0,0,27,0,14,0,0
2001,482582,2,1,0,0,0,0,0,0,0,0,0,0
2001,482583,1,1,0,0,0,0,0,0,0,11,0,0
2001,482583,2,1,0,0,0,0,0,0,0,0,0,0
2001,482584,1,1,20,20,20,20,20,20,20,20,20,20
2001,482584,2,1,3,3,3,3,3,3,3,3,3,3
2001,482585,1,1,7,7,7,7,7,7,7,7,7,7
2001,482585,2,1,0,0,0,0,0,0,0,0,0,0
2001,482586,1,1,0,0,0,0,0,0,0,0,0,0
2001,482586,2,1,0,0,0,0,0,0,0,0,34,0
2001,482587,1,1,0,0,0,12,20,0,0,8,0,0
2001,482587,2,1,0,0,27,0,0,0,23,0,14,0
2001,482588,1,1,0,0,0,0,0,0,0,0,0,0
2001,482588,2,1,0,0,0,0,0,0,0,0,0,0
2001,482589,1,1,0,0,0,0,0,0,0,0,0,0
2001,482589,2,1,0,0,0,0,10,0,0,0,0,15
2001,482590,1,1,0,0,0,0,0,0,0,0,0,0
2001,482590,2,1,0,0,0,0,0,0,0,0,0,0
2001,482591,1,1,0,12,6,4,0,5,13,7,13,9
2001,482592,1,1,0,0,0,0,0,11,0,0,0,0
2001,482592,2,1,0,0,0,0,0,0,0,0,7,0
2001,482593,1,1,0,0,0,0,0,0,0,0,0,0
2001,482593,2,1,0,26,0,0,0,0,0,0,0,0
2001,482594,1,1,0,0,0,0,0,0,0,0,0,0
2001,482594,2,1,1,1,1,1,1,1,1,1,1,1
2001,482595,1,1,0,0,0,0,0,0,0,0,0,0
2001,482596,1,1,10,0,0,0,0,0,0,0,0,0
2001,482596,2,1,0,0,0,0,0,0,0,0,0,0
2001,482596,3,1,0,0,0,0,0,0,0,0,0,0
2001,482596,4,1,0,0,0,0,0,0,0,0,11,0
2001,482597,0,1,8,27,25,9,0,9,21,0,21,23
2001,482597,1,1,5,0,15,0,0,0,17,0,0,15
2001,482598,1,1,16,16,16,16,16,16,16,16,16,16
2001,482598,2,1,0,0,0,0,0,0,0,0,0,0
2001,482599,2,1,0,0,14,0,0,0,0,17,0,0
2001,482600,1,1,23,7,21,15,3,7,13,11,30,12
2001,482600,2,1,18,18,18,18,18,18,18,18,18,18
2001,482601,1,1,0,0,0,0,0,0,0,0,0,10
2001,482601,2,1,0,0,0,0,0,0,0,0,0,0
2001,482602,0,1,0,17,11,0,0,0,0,17,0,0
2001,482602,1,1,23,0,3,25,0,0,12,2,19,0
2001,482603,1,1,0,0,0,0,0,0,0,0,0,0
2001,482604,1,1,8,0,0,0,0,0,0,0,0,5
2001,482604,2,1,0,0,0,0,0,0,0,0,0,0
2001,482605,0,1,19,19,19,19,19,19,19,19,19,19
2001,482605,1,1,0,0,0,0,3,0,0,0,0,0
2001,482606,1,1,7,12,20,15,17,6,22,13,18,19
2001,482607,1,1,0,5,0,0,0,0,0,17,0,0
2001,482607,2,1,0,0,0,0,0,0,10,0,0,0
2001,482608,1,1,0,16,0,0,0,0,0,0,0,0
2001,482608,2,1,11,0,0,21,16,0,0,0,9,0
2001,482609,1,1,0,0,13,0,23,0,36,0,0,0
2001,482610,1,1,0,0,0,12,0,0,0,0,0,0
2001,482610,2,1,12,12,12,12,12,12,12,12,12,12
2001,482611,1,1,0,0,0,0,0,0,7,0,0,14
2001,482612,0,1,61,29,16,0,34,6,23,24,39,42
2001,482612,1,1,0,0,6,0,0,0,0,0,0,0
2001,482613,1,1,26,26,26,26,26,26,26,26,26,26
2001,482614,1,1,19,19,0,13,32,0,27,19,13,16
2001,482615,1,1,0,0,0,0,0,0,0,0,0,0
2001,482615,2,1,0,0,0,0,0,0,0,0,0,0
2001,482616,1,1,0,0,0,0,0,0,0,0,0,0
2001,482616,2,1,0,0,0,0,0,0,0,0,0,0
2001,482617,1,1,0,0,0,0,0,0,16,0,0,0
2001,482617,2,1,0,0,0,0,0,0,0,0,0,0
2001,482618,1,1,0,0,0,0,0,0,0,0,0,16
2001,482618,2,1,0,0,0,0,0,0,0,0,0,0
2001,482619,1,1,17,25,13,6,18,19,7,27,12,14
2001,482620,1,1,0,0,5,0,19,0,0,0,0,12
2001,482620,2,1,0,0,0,0,0,0,0,0,0,17
2001,482621,1,1,14,14,14,14,14,14,14,14,14,14
2001,482621,2,1,0,0,0,12,0,0,0,10,5,0
2001,482621,3,1,0,0,0,0,0,0,0,0,0,0
2001,482622,0,1,17,0,0,15,16,0,29,0,0,0
2001,482622,1,1,0,0,0,0,0,0,0,0,0,0
2001,482623,1,1,32,21,18,17,18,26,16,25,15,6
2001,482624,1,1,0,0,0,0,0,0,0,0,0,0
2001,482624,2,1,0,23,0,0,0,0,0,0,0,0
2001,482624,3,1,0,0,0,16,0,0,0,0,0,0
2001,482625,1,1,0,0,0,0,0,0,0,0,0,0
2001,482626,0,1,0,5,40,0,38,0,0,11,11,15
2001,482626,1,1,0,0,0,0,0,0,0,5,0,0
2001,482627,1,1,7,7,4,8,17,10,7,7,16,17
2001,482628,1,1,8,12,31,14,26,20,21,35,7,7
2001,482629,0,1,0,16,0,0,27,0,8,0,0,0
2001,482629,0,2,0,0,0,0,0,0,0,0,13,20
2001,482629,1,1,21,21,21,21,21,21,21,21,21,21
2001,482629,2,1,0,0,0,0,0,0,0,0,0,0
2001,482630,1,1,0,0,0,0,0,0,0,0,0,0
2001,482630,2,1,0,0,0,0,0,0,0,0,0,0
2001,482631,1,1,0,3,17,16,24,10,23,12,0,0
2001,482632,1,1,0,0,31,0,0,0,26,0,10,0
2001,482633,1,1,23,10,17,11,22,27,14,33,25,34
2001,482634,1,1,17,17,17,17,17,17,17,17,17,17
2001,482635,1,1,24,17,5,13,8,10,18,8,11,11
2001,482636,1,1,4,12,7,0,16,14,15,15,5,0
2001,482637,1,1,0,0,0,0,0,0,0,0,0,0
2001,482638,1,1,24,26,21,26,12,34,52,18,8,24
2001,482639,0,1,12,0,51,12,0,0,0,0,0,0
2001,482639,1,1,11,0,0,0,0,0,0,0,5,0
2001,482639,3,1,0,0,0,8,0,0,0,0,0,0
2001,482640,1,1,9,14,0,0,13,0,0,14,0,0
2001,482640,2,1,0,31,0,6,12,12,0,10,0,13
2001,482641,1,1,0,0,0,0,0,0,0,0,0,0
2001,482642,1,1,25,0,24,19,0,15,16,7,10,6
2001,482642,2,1,0,20,0,0,0,0,0,0,0,0
2001,482643,1,1,18,18,18,18,18,18,18,18,18,18
2001,482644,1,1,24,10,0,0,9,24,23,0,21,16
2001,482645,1,1,31,31,31,31,31,31,31,31,31,31
2001,482646,1,1,0,0,0,0,0,0,0,8,0,0
2001,482646,2,1,0,0,0,0,0,0,0,0,0,0
2001,482646,3,1,0,0,0,0,0,0,0,0,0,0
2001,482646,4,1,0,0,0,10,0,0,0,17,0,0
2001,482647,1,1,25,25,25,25,25,25,25,25,25,25
2001,482648,1,1,0,0,0,3,0,0,0,0,0,0
2001,482648,2,1,0,0,0,0,0,0,0,0,0,0
2001,482649,1,1,6,0,29,18,19,18,10,16,10,8
2001,482650,1,1,0,0,0,0,0,0,0,0,0,0
2001,482650,2,1,0,0,0,0,0,0,0,0,0,0
2001,482651,1,1,8,8,22,19,14,28,8,20,5,15
2001,482652,0,1,11,12,13,0,0,14,0,35,0,0