YEAR,st_case,veh_no,per_no,P1,P2,P3,P4,P5,P6,P7,P8,P9,P10
2001,482652,1,1,0,0,0,0,0,0,0,0,0,0
2001,482653,1,1,0,12,0,0,0,0,0,0,0,0
2001,482654,0,1,0,0,7,28,0,0,8,0,0,14
2001,482654,1,1,0,0,0,0,0,0,0,0,0,0
2001,482655,1,1,0,0,0,0,0,0,0,0,0,0
2001,482655,2,1,0,0,0,0,0,0,0,0,0,0
2001,482656,1,1,0,0,0,0,0,0,0,22,0,0
2001,482657,0,1,0,0,0,0,0,0,23,0,0,7
2001,482657,1,1,0,0,0,0,0,0,0,0,0,0
2001,482658,1,1,0,0,0,0,0,0,0,0,0,0
2001,482658,2,1,0,0,0,0,0,0,0,0,0,0
2001,482659,1,1,0,0,0,0,0,0,0,0,0,0
2001,482659,2,1,0,0,0,0,0,0,0,0,0,0
2001,482660,1,1,0,0,0,0,0,7,0,0,0,0
2001,482660,2,1,0,0,0,0,0,0,0,0,0,0
2001,482661,1,1,0,0,0,0,0,0,0,0,0,0
2001,482662,1,1,0,0,0,0,0,16,0,0,0,0
2001,482662,2,1,0,8,0,0,0,0,0,0,0,0
2001,482663,0,1,0,0,0,0,0,0,0,0,0,0
2001,482663,1,1,0,0,0,0,11,0,0,0,0,0
2001,482664,1,1,0,0,0,0,5,0,0,0,0,0
2001,482664,2,1,0,0,0,0,0,0,0,0,0,0
2001,482665,0,1,0,21,9,0,23,23,23,24,25,31
2001,482665,1,1,0,0,0,0,0,0,0,0,0,0
2001,482666,1,1,0,8,0,0,0,0,0,0,0,0
2001,482667,1,1,27,27,27,27,27,27,27,27,27,27
2001,482668,0,1,0,0,0,0,16,0,35,0,0,0
2001,482668,1,1,0,0,0,0,0,0,0,0,0,0
2001,482669,1,1,0,0,0,25,0,0,0,0,0,0
2001,482669,2,1,0,0,0,15,0,0,0,8,0,0
2001,482669,3,1,0,0,0,0,0,0,0,0,0,0
2001,482669,4,1,0,0,0,0,0,0,0,0,0,0
2001,482670,1,1,0,0,0,0,0,0,0,0,0,0
2001,482670,2,1,0,0,30,0,0,10,0,0,0,0
2001,482671,1,1,0,0,0,0,0,0,0,0,0,0
2001,482672,1,1,6,6,6,6,6,6,6,6,6,6
2001,482672,2,1,36,0,0,0,0,40,18,3,26,0
2001,482673,1,1,12,10,0,0,0,0,0,0,16,0
2001,482673,2,1,17,0,13,7,17,6,20,9,0,11
2001,482674,1,1,16,22,13,0,17,0,21,18,0,0
2001,482675,1,1,23,23,23,23,23,23,23,23,23,23
2001,482675,2,1,0,0,0,0,0,0,0,0,0,0
2001,482676,1,1,0,30,9,26,23,0,25,23,21,24
2001,482677,1,1,0,25,13,0,0,2,0,0,26,9
2001,482678,1,1,0,0,0,14,0,0,0,0,10,7
2001,482679,0,1,0,28,0,48,0,0,0,19,0,0
2001,482679,1,1,0,0,14,0,0,0,19,7,0,17
2001,482680,1,1,0,0,0,0,0,0,0,0,0,0
2001,482681,1,1,0,0,0,0,0,0,19,0,0,0
2001,482681,2,1,6,0,0,0,0,0,0,0,0,0
2001,482681,3,1,0,6,0,0,0,0,0,0,0,0
2001,482682,0,1,29,0,0,0,17,0,7,0,31,41
2001,482682,1,1,25,7,0,19,7,17,0,9,16,20
2001,482683,1,1,0,0,0,0,0,0,0,0,0,0
2001,482683,2,1,0,0,0,0,7,0,0,0,0,0
2001,482683,3,1,0,0,0,0,0,0,0,0,0,0
2001,482684,1,1,17,12,10,11,25,16,15,0,19,11
2001,482685,1,1,30,30,30,30,30,30,30,30,30,30
2001,482686,1,1,0,0,0,0,0,0,19,0,0,14
2001,482686,2,1,4,0,0,0,18,0,7,0,0,0
2001,482687,1,1,25,25,25,25,25,25,25,25,25,25
2001,482688,1,1,0,0,0,0,0,0,19,0,0,15
2001,482689,1,1,18,18,18,18,18,18,18,18,18,18
2001,482689,2,1,0,0,0,0,0,9,0,0,0,0
2001,482689,3,1,0,0,0,0,0,0,0,0,0,0
2001,482689,4,1,0,19,0,0,12,0,0,0,0,20
2001,482690,1,1,25,25,25,25,25,25,25,25,25,25
2001,482691,1,1,0,6,25,11,0,17,0,8,0,0
2001,482692,1,1,0,0,0,0,0,0,0,0,0,0
2001,482692,2,1,0,0,0,0,0,0,0,0,0,0
2001,482693,1,1,0,0,0,0,0,0,0,0,0,0
2001,482693,2,1,0,0,0,0,0,0,0,0,0,0
2001,482694,1,1,0,22,0,11,22,9,32,9,0,27
2001,482694,2,1,22,0,15,0,0,7,0,0,15,17
2001,482695,1,1,0,0,0,0,10,0,9,0,0,0
2001,482696,1,1,10,18,0,0,0,0,22,0,16,18
2001,482697,1,1,49,19,23,17,15,8,18,27,24,29
2001,482698,1,1,14,14,14,14,14,14,14,14,14,14
2001,482698,2,1,0,0,25,0,33,11,11,26,9,11
2001,482699,1,1,0,12,17,15,15,28,0,0,19,20
2001,482700,0,1,35,35,35,35,35,35,35,35,35,35
2001,482700,1,1,0,0,0,0,0,0,0,0,0,0
2001,482701,0,1,0,0,0,19,17,0,12,0,0,0
2001,482701,1,1,0,0,0,0,0,0,0,0,0,0
2001,482702,1,1,0,0,0,0,0,0,0,0,0,0
2001,482702,2,1,0,0,10,16,0,0,0,0,0,0
2001,482703,1,1,0,18,0,0,0,0,0,0,0,0
2001,482704,0,1,0,0,0,0,0,0,0,0,0,0
2001,482704,1,1,0,0,0,0,0,19,0,0,0,0
2001,482704,2,1,0,9,0,0,0,0,0,8,0,0
2001,482705,1,1,0,5,12,26,19,13,9,0,0,12
2001,482706,0,1,0,0,0,0,0,0,0,0,0,0
2001,482706,1,1,0,15,0,4,0,27,12,11,19,5
2001,482707,1,1,8,0,12,15,13,3,13,22,11,17
2001,482708,1,1,0,0,0,0,0,0,0,0,0,0
2001,482708,2,1,0,0,0,0,0,0,0,6,0,0
2001,482709,1,1,14,14,14,14,14,14,14,14,14,14
2001,482710,0,1,0,0,6,26,27,0,21,0,0,0
2001,482710,0,2,8,0,0,14,9,27,19,0,24,13
2001,482710,1,1,0,0,0,16,0,18,0,0,0,0
2001,482710,2,1,0,0,0,0,0,0,0,0,0,0
2001,482711,1,1,0,0,0,6,0,0,0,0,0,0
2001,482711,2,1,0,0,0,0,0,0,0,0,0,0
2001,482712,0,1,27,27,27,27,27,27,27,27,27,27
2001,482712,1,1,0,0,0,12,0,0,0,0,22,0
2001,482713,0,1,0,0,13,0,27,0,12,0,0,0
2001,482713,1,1,0,0,0,0,0,0,0,16,0,0
2001,482714,1,1,21,0,0,0,2,15,0,11,0,0
2001,482715,1,1,0,0,0,10,0,0,22,0,0,0
2001,482716,1,1,0,0,0,0,0,0,0,0,0,0
2001,482716,2,1,0,0,0,0,0,0,0,0,0,0
2001,482716,3,1,0,0,0,0,0,0,0,0,0,0
2001,482717,1,1,0,0,0,0,0,0,0,0,0,0
2001,482717,2,1,0,0,0,0,0,0,0,0,0,0
2001,482718,1,1,0,0,0,0,0,0,0,0,0,0
2001,482718,2,1,0,0,0,0,0,0,0,0,0,0
2001,482719,1,1,0,0,0,0,0,0,0,0,0,0
2001,482719,2,1,0,0,0,0,0,0,0,0,0,0
2001,482720,0,1,0,0,0,37,0,0,20,0,22,23
2001,482720,0,2,0,0,36,0,0,12,21,0,0,0
2001,482720,1,1,18,0,8,0,25,0,0,0,0,12
2001,482721,0,1,37,0,22,0,0,0,0,0,0,0
2001,482721,1,1,23,23,23,23,23,23,23,23,23,23
2001,482722,1,1,22,22,22,22,22,22,22,22,22,22
2001,482723,1,1,0,0,0,0,0,0,0,0,0,0
2001,482723,2,1,0,0,0,0,0,0,0,0,0,0
2001,482724,1,1,12,8,22,0,13,21,19,32,22,0
2001,482725,1,1,0,0,0,0,0,0,0,0,0,0
2001,482725,2,1,0,0,0,0,14,11,0,0,0,0
2001,482726,1,1,17,12,17,12,0,0,33,0,15,13
2001,482727,1,1,0,0,0,0,0,0,0,0,0,0
2001,482728,1,1,14,14,14,14,14,14,14,14,14,14
2001,482728,2,1,0,0,0,0,0,0,0,0,0,0
2001,482728,3,1,0,0,0,0,0,0,0,0,0,0
2001,482729,1,1,0,0,0,0,0,0,0,0,0,0
2001,482730,1,1,0,0,0,0,0,0,0,0,0,0
2001,482730,2,1,0,0,0,0,0,20,0,0,15,15
2001,482731,1,1,0,0,0,0,0,14,0,0,13,0
2001,482732,1,1,0,0,0,0,0,0,0,0,0,0
2001,482732,2,1,3,0,53,20,0,4,11,10,38,0
2001,482733,1,1,13,12,38,0,0,35,27,12,18,20
2001,482734,1,1,21,0,15,0,0,10,0,0,0,5
2001,482735,1,1,0,0,0,0,0,0,0,0,0,0
2001,482735,2,1,0,0,0,0,0,0,0,0,0,0
2001,482736,1,1,0,0,0,0,0,12,0,0,0,0
2001,482737,1,1,0,0,0,0,0,0,0,0,0,0
2001,482737,2,1,0,0,0,0,0,23,0,0,0,0
2001,482738,1,1,0,0,0,0,0,0,0,0,0,0
2001,482739,1,1,0,0,0,0,0,0,0,0,0,0
2001,482740,1,1,33,12,36,20,9,20,7,14,14,20
2001,482741,1,1,14,14,14,14,14,14,14,14,14,14
2001,482742,1,1,0,0,0,0,0,0,0,0,0,0
2001,482742,2,1,0,0,0,0,0,0,0,0,0,0
2001,482743,1,1,0,0,0,0,0,0,0,19,0,8
2001,482744,1,1,0,0,0,0,0,0,0,0,0,0
2001,482745,0,1,0,0,0,6,0,0,0,0,12,0
2001,482745,0,2,0,0,0,0,0,0,23,0,0,0
2001,482745,1,1,0,14,0,4,6,19,0,17,8,0
2001,482746,1,1,0,0,0,0,0,0,0,0,0,0
2001,482746,2,1,0,0,0,0,0,0,0,0,0,0
2001,482747,1,1,22,0,0,0,0,0,0,0,0,0
2001,482748,1,1,25,0,20,24,0,14,22,18,0,0
2001,482749,1,1,0,0,0,0,0,0,0,0,0,0
2001,482749,2,1,0,0,0,0,0,0,0,0,0,0
2001,482750,1,1,0,0,0,0,0,0,0,0,0,0
2001,482750,2,1,0,0,0,0,0,0,0,0,0,0
2001,482751,0,1,0,0,0,0,0,0,0,0,0,0
2001,482751,1,1,0,0,0,0,19,0,0,0,0,0
2001,482752,1,1,0,17,0,0,0,0,0,0,0,0
2001,482753,1,1,0,29,19,0,0,0,0,37,20,19
2001,482754,1,1,17,19,0,10,0,24,0,0,0,0
2001,482755,0,1,0,0,0,8,0,0,0,0,0,0
2001,482755,0,2,0,0,0,0,0,0,0,0,0,0
2001,482755,2,1,0,0,0,0,0,0,0,0,0,0
2001,482756,0,1,29,0,15,28,35,22,0,0,20,17
2001,482756,1,1,22,22,22,22,22,22,22,22,22,22
2001,482757,1,1,36,36,36,36,36,36,36,36,36,36
2001,482758,1,1,24,24,24,24,24,24,24,24,24,24
2001,482759,1,1,10,0,0,0,0,0,13,0,0,0
2001,482759,2,1,0,0,0,0,0,0,0,0,0,0
2001,482760,1,1,30,30,30,30,30,30,30,30,30,30
2001,482761,1,1,27,27,27,27,27,27,27,27,27,27
2001,482762,1,1,0,0,0,0,0,0,0,0,0,0
2001,482762,2,1,0,0,0,0,0,0,0,0,0,0
2001,482763,1,1,0,0,0,0,12,3,0,0,8,1
2001,482764,1,1,26,26,26,26,26,26,26,26,26,26
2001,482765,1,1,25,17,26,32,26,13,28,16,23,9
2001,482766,1,1,0,0,0,0,0,0,0,0,0,0
2001,482766,2,1,0,1,10,0,0,0,0,0,0,16
2001,482767,0,1,14,0,0,16,0,13,0,0,20,0
2001,482767,1,1,9,13,17,6,0,0,20,3,0,0
2001,482768,1,1,0,0,0,0,0,0,0,0,0,0
2001,482768,2,1,14,14,14,14,14,14,14,14,14,14
2001,482769,1,1,0,0,0,0,0,0,8,0,0,0
2001,482769,2,1,22,13,0,0,0,0,0,0,0,0
2001,482770,1,1,0,16,18,11,21,0,0,0,19,0
2001,482770,2,1,0,0,0,0,0,0,0,0,0,0
2001,482771,1,1,0,0,0,0,0,0,0,0,0,0
2001,482772,1,1,19,19,19,19,19,19,19,19,19,19
2001,482772,2,1,0,0,0,0,0,0,0,0,0,0
2001,482773,1,1,0,0,0,0,0,0,0,0,0,0
2001,482774,1,1,15,0,0,14,6,0,0,13,6,20
2001,482775,1,1,0,0,22,0,10,0,0,7,0,0
2001,482776,0,1,0,0,0,0,0,0,0,0,0,0
2001,482776,0,2,0,0,13,0,0,0,0,0,0,0
2001,482776,1,1,0,28,0,19,15,25,0,0,12,23
2001,482777,1,1,0,0,0,0,0,0,0,0,0,0
2001,482777,2,1,0,0,0,0,0,0,0,0,0,0
2001,482778,0,1,0,0,34,0,0,0,39,8,0,0
2001,482778,1,1,0,0,0,0,0,0,0,0,0,0
2001,482779,1,1,22,22,22,22,22,22,22,22,22,22
2001,482779,2,1,0,0,0,0,0,0,0,0,0,0
2001,482780,0,1,0,0,0,0,0,0,0,0,0,0
2001,482780,1,1,0,0,0,0,0,0,0,15,0,0
2001,482781,1,1,14,28,19,12,28,14,6,14,8,25
2001,482782,1,1,4,17,4,17,9,13,19,25,12,10
2001,482783,1,1,0,0,0,0,29,19,0,0,0,0
2001,482784,1,1,0,0,0,0,0,0,0,0,0,0
2001,482784,2,1,0,0,0,0,0,0,0,0,0,0
2001,482784,3,1,0,0,0,0,0,0,0,0,0,0
2001,482784,4,1,0,0,0,0,0,0,0,0,0,0
2001,482784,5,1,0,0,0,0,0,0,0,0,0,0
2001,482785,1,1,0,0,0,0,0,0,0,0,0,0
2001,482786,1,1,10,10,10,10,10,10,10,10,10,10
2001,482787,0,1,30,23,5,20,0,0,0,4,12,18
2001,482787,1,1,13,13,15,9,2,10,12,12,0,11
2001,482788,1,1,12,12,12,12,12,12,12,12,12,12
2001,482788,2,1,0,0,0,0,0,0,0,0,0,0
2001,482789,1,1,0,0,0,7,0,0,6,11,0,0
2001,482790,1,1,0,0,0,0,0,11,0,0,0,14
2001,482790,2,1,10,0,20,0,17,0,9,6,24,20
2001,482791,1,1,24,24,24,24,24,24,24,24,24,24
2001,482792,1,1,0,18,0,20,0,20,0,10,0,20
2001,482793,0,1,0,0,0,0,0,0,0,0,23,0
2001,482793,1,1,0,0,0,0,21,0,0,18,0,0
2001,482794,1,1,0,0,0,0,0,0,0,0,0,0
2001,482794,2,1,0,0,0,0,0,0,0,0,0,0
2001,482795,0,1,38,3,20,0,0,26,12,19,0,28
2001,482795,1,1,0,21,18,12,0,12,0,0,20,15
2001,482796,1,1,21,21,21,21,21,21,21,21,21,21
2001,482797,1,1,0,0,0,0,0,0,0,0,0,0
2001,482797,2,1,7,7,7,7,7,7,7,7,7,7
2001,482798,1,1,0,0,0,0,0,0,0,0,0,0
2001,482798,2,1,0,0,0,0,13,0,0,0,46,0
2001,482799,1,1,17,0,0,0,0,5,0,0,0,0
2001,482799,2,1,0,0,0,0,0,0,17,0,0,0
2001,482799,3,1,0,0,0,0,0,0,0,0,0,0
2001,482800,1,1,3,3,3,3,3,3,3,3,3,3
2001,482801,1,1,0,19,0,0,39,11,0,0,0,0
2001,482802,1,1,3,14,24,3,19,16,0,5,0,4
2001,482803,1,1,22,0,0,0,0,0,37,0,0,0
2001,482803,2,1,0,0,44,0,0,0,0,37,0,0
2001,482804,1,1,0,0,19,0,0,0,0,0,0,0
2001,482805,1,1,11,11,11,11,11,11,11,11,11,11
2001,482805,2,1,0,0,0,0,0,0,0,0,0,0
2001,482806,1,1,0,0,15,0,0,0,0,11,0,6
2001,482807,1,1,24,18,17,18,13,27,32,24,15,22
2001,482808,1,1,0,0,0,0,0,3,0,0,0,0
2001,482808,2,1,0,16,0,0,0,0,0,0,0,0
2001,482809,1,1,0,0,0,0,0,14,0,0,27,0
2001,482809,2,1,0,0,0,0,0,0,0,0,0,0
2001,482810,1,1,0,0,0,0,0,0,0,0,0,0
2001,482810,2,1,0,0,0,14,0,0,0,0,10,0
2001,482811,1,1,23,23,23,23,23,23,23,23,23,23
2001,482812,1,1,0,0,0,0,0,0,0,0,0,0
2001,482812,2,1,14,14,14,14,14,14,14,14,14,14
2001,482812,3,1,0,0,0,0,0,0,0,8,17,12
2001,482813,1,1,0,0,0,0,0,0,0,0,0,0
2001,482813,2,1,0,0,0,0,0,0,0,0,0,0
2001,482814,1,1,21,21,21,21,21,21,21,21,21,21
2001,482815,1,1,0,0,0,0,0,0,0,0,0,0
2001,482816,1,1,0,7,0,2,9,0,0,0,0,0
2001,482816,2,1,0,0,0,0,0,0,0,0,0,0
2001,482816,3,1,0,0,0,0,0,0,0,0,0,0
2001,482816,4,1,0,0,0,0,0,22,0,0,0,0
2001,482817,0,1,0,0,0,0,0,0,0,0,0,0
2001,482817,1,1,0,0,0,0,0,0,0,0,0,0
2001,482818,1,1,0,0,0,0,0,0,0,0,0,0
2001,482818,2,1,0,0,0,0,0,0,0,0,0,0
2001,482818,3,1,0,0,0,0,0,0,0,0,0,0
2001,482819,1,1,2,2,2,2,2,2,2,2,2,2
2001,482820,1,1,0,0,30,0,0,0,0,0,0,0
2001,482820,2,1,0,0,0,0,0,0,0,0,0,0
2001,482820,3,1,0,0,0,0,0,0,7,0,0,17
2001,482821,1,1,0,0,0,0,0,0,0,0,0,0
2001,482821,2,1,0,0,0,0,0,0,0,0,0,0
2001,482821,3,1,0,0,0,0,0,0,0,0,0,0
2001,482822,0,1,13,12,9,0,15,0,0,8,17,16
2001,482822,1,1,0,0,0,0,10,7,0,4,0,0
2001,482823,1,1,0,12,0,0,0,0,0,0,0,0
2001,482823,2,1,0,0,0,0,0,0,0,0,0,0
2001,482824,1,1,14,14,14,14,14,14,14,14,14,14
2001,482825,1,1,26,26,26,26,26,26,26,26,26,26
2001,482825,2,1,0,0,0,6,0,0,0,0,23,23
2001,482826,1,1,0,19,0,0,20,0,14,24,0,0
2001,482827,1,1,8,25,21,0,52,8,0,15,11,0
2001,482828,1,1,0,0,0,0,0,0,0,0,0,0
2001,482828,2,1,0,0,0,0,0,0,0,0,0,0
2001,482829,1,1,20,15,8,0,0,27,0,16,23,29
2001,482829,2,1,0,0,0,0,0,0,0,0,0,0
2001,482830,1,1,20,6,0,15,15,10,10,0,0,12
2001,482831,1,1,24,24,24,24,24,24,24,24,24,24
2001,482832,1,1,0,0,0,0,0,0,0,0,0,0
2001,482833,1,1,0,0,4,0,0,0,0,0,0,0
2001,482834,1,1,0,0,0,0,0,0,0,0,0,0
2001,482834,2,1,0,0,0,0,0,0,0,0,0,0
2001,482835,1,1,0,0,0,0,0,9,0,0,0,0
2001,482835,2,1,0,0,0,0,0,0,0,0,7,0
2001,482835,3,1,0,0,0,0,0,0,0,0,20,0
2001,482835,4,1,0,0,9,0,10,29,0,0,0,0
2001,482836,1,1,5,5,5,5,5,5,5,5,5,5
2001,482837,1,1,0,0,0,0,0,0,0,0,0,0
2001,482837,2,1,0,0,0,0,0,0,16,0,22,0
2001,482838,1,1,0,0,0,0,0,0,15,10,0,0
2001,482839,1,1,0,0,0,0,0,0,0,0,0,0
2001,482840,1,1,22,9,20,12,3,12,7,20,8,3
2001,482841,1,1,10,10,10,10,10,10,10,10,10,10
2001,482842,0,1,0,19,26,20,18,0,12,0,23,18
2001,482842,1,1,0,0,0,0,32,0,0,0,4,0
2001,482843,0,1,0,0,0,26,0,0,0,18,0,20
2001,482843,1,1,0,0,0,0,0,0,0,0,0,0
2001,482844,1,1,0,0,0,0,0,0,0,0,0,0
2001,482844,2,1,0,0,0,0,0,0,0,0,0,0
2001,482845,0,1,0,0,0,0,0,0,0,0,0,0
2001,482845,1,1,0,26,7,0,5,17,7,0,0,16
2001,482846,0,1,15,0,0,4,28,23,0,51,11,39
2001,482846,0,2,25,0,0,12,0,28,0,19,0,17
2001,482846,1,1,9,7,17,6,16,0,7,15,3,22
2001,482847,1,1,0,0,0,0,0,0,0,0,0,0
2001,482847,2,1,0,0,0,0,0,0,0,0,0,0
2001,482848,1,1,11,11,11,11,11,11,11,11,11,11
2001,482848,2,1,18,0,12,0,15,0,0,16,0,0
2001,482849,1,1,15,0,0,33,0,12,0,0,10,0
2001,482849,2,1,5,5,5,5,5,5,5,5,5,5
2001,482850,1,1,0,0,0,0,0,0,0,20,0,0
2001,482851,0,1,12,17,26,0,10,0,19,15,0,4
2001,482851,1,1,0,0,0,0,0,0,0,0,0,0
2001,482852,1,1,18,10,10,28,20,7,10,13,15,17
2001,482852,2,1,0,0,0,41,0,0,0,0,0,0
2001,482853,1,1,0,6,22,17,30,29,52,20,5,17
2001,482854,1,1,0,0,0,0,0,0,0,0,0,0
2001,482855,1,1,12,12,12,12,12,12,12,12,12,12
2001,482855,2,1,0,0,0,0,0,0,0,0,0,0
2001,482855,3,1,0,0,0,0,0,0,0,0,0,0
2001,482856,1,1,6,6,6,6,6,6,6,6,6,6
2001,482857,1,1,7,7,7,7,7,7,7,7,7,7
2001,482858,1,1,5,23,14,15,15,6,3,19,11,0
2001,482859,0,1,3,3,3,3,3,3,3,3,3,3
2001,482859,1,1,14,0,17,20,16,0,18,5,0,12
2001,482860,1,1,18,14,12,10,15,0,0,10,13,0
2001,482860,2,1,0,7,17,28,25,27,13,24,14,0
2001,482861,1,1,40,23,0,9,0,0,12,22,0,15
2001,482862,1,1,0,7,0,0,0,0,0,0,0,0
2001,482862,2,1,0,0,0,0,0,0,0,0,11,0
2001,482863,1,1,0,0,0,0,0,0,0,0,0,0
2001,482864,1,1,27,27,27,27,27,27,27,27,27,27
2001,482865,1,1,0,0,0,0,0,0,0,0,0,0
2001,482865,2,1,0,0,0,0,0,0,0,0,0,0
2001,482866,1,1,0,0,0,0,0,0,0,0,0,0
2001,482866,2,1,0,0,0,0,0,0,0,0,0,0
2001,482867,1,1,0,0,0,0,24,0,14,0,0,0
2001,482868,1,1,13,0,0,0,0,0,0,8,0,0
2001,482868,2,1,0,0,29,0,0,0,5,0,0,0
2001,482869,1,1,0,0,0,0,0,0,0,0,0,0
2001,482869,2,1,0,0,0,0,0,0,0,0,0,0
2001,482870,0,1,0,0,0,0,0,0,0,0,0,0
2001,482870,1,1,0,0,0,0,0,0,0,0,0,0
2001,482871,1,1,2,2,2,2,2,2,2,2,2,2
2001,482871,2,1,0,0,0,0,0,0,0,0,0,0
2001,482872,0,1,9,4,0,0,0,16,0,0,0,0
2001,482872,1,1,17,17,17,17,17,17,17,17,17,17
2001,482873,1,1,0,0,0,0,0,0,0,0,0,0
2001,482873,2,1,0,0,0,0,0,0,0,0,0,0
2001,482874,1,1,0,0,0,0,0,0,0,0,0,0
2001,482874,2,1,24,24,24,24,24,24,24,24,24,24
2001,482874,3,1,0,6,0,0,25,14,13,0,0,0
2001,482875,1,1,0,0,9,0,0,0,0,0,0,0
2001,482875,2,1,0,0,0,13,7,0,0,0,0,0
2001,482876,1,1,9,9,9,9,9,9,9,9,9,9
2001,482876,2,1,13,0,0,0,0,0,29,0,0,0
2001,482877,0,1,14,0,0,0,0,0,24,0,0,27
2001,482877,1,1,0,0,0,0,0,0,0,0,0,0
2001,482878,1,1,5,5,5,5,5,5,5,5,5,5
2001,482879,1,1,36,36,36,36,36,36,36,36,36,36
2001,482879,2,1,1,1,1,1,1,1,1,1,1,1
2001,482880,1,1,39,21,12,7,0,17,25,24,15,8
2001,482880,2,1,25,22,15,25,22,23,21,24,18,40
2001,482881,1,1,0,0,0,0,0,0,0,0,0,0
2001,482881,2,1,12,0,0,0,0,0,0,0,0,0
2001,482881,3,1,15,18,23,0,14,30,0,0,0,0
2001,482882,1,1,25,25,25,25,25,25,25,25,25,25
2001,482882,2,1,0,0,0,0,0,0,0,0,0,0
2001,482883,1,1,27,27,27,27,27,27,27,27,27,27
2001,482884,1,1,10,0,0,0,0,14,0,0,0,9
2001,482885,1,1,20,20,20,20,20,20,20,20,20,20
2001,482886,1,1,0,0,26,22,0,0,17,0,0,0
2001,482887,1,1,26,26,26,26,26,26,26,26,26,26
2001,482888,0,1,0,0,0,0,0,0,0,0,0,0
2001,482888,1,1,0,0,0,0,0,0,10,7,0,28
2001,482889,0,1,0,0,0,50,0,26,0,31,15,0
2001,482889,1,1,0,0,0,0,0,0,19,0,9,0
2001,482890,1,1,11,11,11,11,11,11,11,11,11,11
2001,482891,1,1,23,23,23,23,23,23,23,23,23,23
2001,482892,0,1,22,22,22,22,22,22,22,22,22,22
2001,482892,1,1,7,0,0,0,0,0,5,0,0,0
2001,482893,1,1,20,20,20,20,20,20,20,20,20,20
2001,482894,1,1,0,0,0,0,0,0,0,0,0,0
2001,482895,0,1,0,0,0,0,20,0,12,0,0,20
2001,482895,1,1,0,0,0,0,0,0,0,0,0,0
2001,482896,1,1,0,0,0,0,0,0,0,0,0,0
2001,482896,2,1,0,0,0,0,0,0,0,0,0,0
2001,482897,1,1,0,0,0,0,0,0,0,0,0,0
2001,482897,2,1,0,0,0,0,22,0,20,0,0,0
2001,482898,1,1,8,0,0,0,0,0,0,0,0,0
2001,482898,2,1,0,0,0,0,0,0,0,0,0,0
2001,482898,3,1,0,0,0,0,0,0,0,0,0,0
2001,482899,1,1,0,0,0,0,0,0,0,0,0,0
2001,482899,2,1,0,0,0,0,0,0,0,0,0,0
2001,482900,0,1,0,0,0,0,0,0,0,0,0,0
2001,482900,0,2,13,13,13,13,13,13,13,13,13,13
2001,482900,1,1,0,0,0,0,0,0,0,0,0,0
2001,482901,1,1,0,0,0,0,0,0,0,0,0,0
2001,482902,0,1,27,17,15,27,13,0,28,22,7,12
2001,482902,1,1,0,0,0,0,0,0,0,0,0,0
2001,482903,1,1,12,12,12,12,12,12,12,12,12,12
2001,482903,2,1,0,0,0,0,0,0,0,0,0,0
2001,482904,1,1,0,0,0,0,0,0,0,0,0,0
2001,482904,2,1,0,0,0,0,0,0,0,0,0,0
2001,482905,1,1,4,0,0,13,0,0,0,0,0,0
2001,482905,2,1,0,0,0,0,0,0,0,0,0,0
2001,482905,3,1,0,0,0,0,0,0,0,6,0,0
2001,482906,0,1,0,0,0,0,14,0,14,5,0,0
2001,482906,1,1,0,0,8,0,0,0,0,0,0,0
2001,482907,1,1,18,0,0,0,0,0,0,0,0,0
2001,482908,1,1,0,0,0,0,0,0,0,0,0,0
2001,482908,2,1,0,0,0,0,0,0,16,0,0,19
2001,482909,1,1,0,0,0,0,0,0,0,0,0,0
2001,482909,2,1,0,0,0,0,0,0,0,0,0,0
2001,482910,1,1,0,8,0,0,0,0,0,4,0,0
2001,482911,1,1,23,18,0,25,27,0,19,27,17,23
2001,482911,2,1,12,0,11,0,0,0,21,0,0,0
2001,482912,1,1,0,0,0,0,0,0,0,0,0,0
2001,482912,2,1,0,0,0,0,0,0,0,0,0,0
2001,482913,0,1,0,0,0,0,0,0,0,0,0,0
2001,482913,1,1,19,0,5,0,0,0,15,0,11,0
2001,482914,1,1,16,0,7,0,11,4,5,0,0,13
2001,482914,2,1,0,0,0,0,0,0,0,0,0,0
2001,482915,1,1,0,0,0,0,0,0,0,0,0,0
2001,482915,2,1,0,0,0,0,0,0,0,0,0,0
2001,482916,1,1,0,0,0,0,0,0,0,0,0,0
2001,482916,2,1,0,0,0,0,0,0,0,0,0,0
2001,482917,1,1,5,0,12,27,9,19,28,6,8,19
2001,482917,2,1,15,0,8,10,0,21,0,34,0,0
2001,482918,1,1,0,0,12,0,0,0,9,0,0,0
2001,482918,2,1,0,0,0,0,0,0,0,0,0,0