YEAR,st_case,veh_no,per_no,P1,P2,P3,P4,P5,P6,P7,P8,P9,P10
2001,483191,2,1,0,0,0,0,0,0,15,0,0,0
2001,483191,3,1,0,0,0,0,0,0,0,0,0,0
2001,483192,1,1,0,0,0,0,0,0,0,0,0,0
2001,483192,2,1,0,0,0,0,0,0,0,0,0,0
2001,483193,1,1,0,0,0,0,0,0,0,0,0,0
2001,483193,2,1,0,0,0,0,0,0,0,0,0,0
2001,483194,1,1,0,0,0,0,0,0,0,0,0,0
2001,483194,2,1,0,0,0,0,0,0,0,0,0,0
2001,483195,1,1,0,0,10,0,0,0,17,0,0,8
2001,483196,1,1,0,0,0,0,13,0,12,0,0,0
2001,483196,2,1,0,11,4,6,0,0,0,16,0,0
2001,483196,3,1,0,0,0,0,0,0,0,0,0,0
2001,483197,1,1,0,0,0,0,0,0,0,0,0,0
2001,483197,2,1,0,0,0,0,0,0,0,7,0,0
2001,483198,1,1,14,29,16,17,12,27,0,9,0,0
2001,483199,1,1,0,12,0,16,0,18,0,7,0,22
2001,483200,1,1,0,8,15,0,0,0,0,0,0,0
2001,483201,0,1,13,0,38,0,0,20,0,0,0,0
2001,483201,1,1,15,20,17,23,9,7,10,16,12,23
2001,483202,1,1,0,0,0,0,0,0,0,0,0,0
2001,483203,1,1,0,0,0,0,0,0,0,0,14,0
2001,483203,2,1,0,0,0,0,14,16,0,0,0,0
2001,483204,1,1,0,0,0,0,0,0,0,0,0,0
2001,483205,1,1,22,22,22,22,22,22,22,22,22,22
2001,483206,1,1,23,0,0,0,0,33,0,0,9,0
2001,483207,0,1,0,36,0,25,0,20,19,0,27,0
2001,483207,1,1,20,7,15,21,5,15,14,12,15,9
2001,483208,0,1,0,0,0,0,0,0,0,0,0,0
2001,483208,0,2,0,0,0,0,0,17,0,0,15,0
2001,483208,1,1,0,0,0,9,0,0,0,0,15,0
2001,483209,1,1,0,0,0,0,0,0,0,0,0,0
2001,483209,2,1,0,0,0,0,0,7,0,0,0,0
2001,483209,3,1,0,0,0,0,0,0,0,0,0,0
2001,483210,1,1,0,0,0,0,0,0,0,0,0,0
2001,483211,1,1,10,19,19,9,9,0,15,19,11,12
2001,483211,2,1,0,0,0,0,0,0,0,0,0,0
2001,483212,1,1,0,0,20,22,0,0,0,0,0,0
2001,483212,2,1,0,0,13,0,0,0,0,22,0,0
2001,483213,1,1,18,4,11,20,7,13,10,10,8,6
2001,483213,2,1,0,0,0,0,0,17,0,0,14,0
2001,483214,1,1,0,0,0,0,18,29,7,0,0,5
2001,483214,2,1,0,0,0,0,19,0,0,0,0,0
2001,483215,1,1,0,0,0,0,0,0,12,0,0,0
2001,483215,2,1,15,17,0,0,0,12,0,0,0,0
2001,483216,1,1,0,0,0,0,0,0,0,0,0,0
2001,483217,1,1,0,0,0,0,0,0,0,0,8,0
2001,483217,2,1,0,0,0,0,0,0,0,0,0,7
2001,483218,0,1,0,7,21,0,0,0,0,0,0,0
2001,483218,1,1,0,11,6,0,16,0,0,15,0,12
2001,483219,1,1,0,0,0,0,0,0,0,0,0,0
2001,483219,2,1,0,0,0,0,0,0,0,0,0,0
2001,483220,1,1,0,0,0,0,0,0,0,0,0,0
2001,483220,2,1,0,0,0,0,0,0,0,0,0,0
2001,483220,3,1,0,0,0,0,0,30,0,0,0,0
2001,483221,1,1,0,0,0,0,0,0,0,0,0,0
2001,483221,2,1,0,0,0,0,0,0,0,0,0,0
2001,483222,0,1,0,0,0,0,0,12,0,0,0,0
2001,483222,1,1,0,0,0,0,0,0,0,0,0,0
2001,483223,1,1,0,0,0,0,0,0,0,0,0,0
2001,483223,2,1,0,0,0,0,0,0,0,0,0,0
2001,483224,1,1,0,0,0,12,0,0,0,0,0,12
2001,483225,1,1,0,0,0,0,0,0,0,0,0,0
2001,483225,2,1,0,0,0,0,0,0,0,0,0,0
2001,483225,3,1,0,0,0,0,0,0,0,0,0,0
2001,483225,4,1,0,0,0,0,0,0,0,0,0,0
2001,483226,1,1,9,0,0,11,0,0,16,8,0,19
2001,483226,2,1,0,0,0,0,16,0,0,0,0,0
2001,483227,1,1,0,0,6,0,0,0,0,0,0,0
2001,483227,2,1,0,0,0,0,0,0,0,0,0,0
2001,483228,1,1,0,0,0,0,0,0,0,0,0,0
2001,483228,2,1,4,0,0,0,0,0,0,0,0,0
2001,483229,1,1,0,0,0,0,0,25,0,0,0,0
2001,483229,2,1,0,0,0,0,0,0,0,0,0,0
2001,483230,1,1,0,3,22,0,0,0,7,0,0,0
2001,483231,1,1,0,0,0,0,0,0,0,0,0,0
2001,483231,2,1,0,0,0,0,0,0,0,10,0,0
2001,483232,0,1,49,0,11,31,0,22,18,13,6,27
2001,483232,1,1,0,0,17,0,0,0,0,0,12,0
2001,483233,1,1,0,0,0,0,0,0,0,0,0,0
2001,483234,0,1,0,0,0,0,0,0,0,0,0,0
2001,483234,1,1,0,0,0,0,0,0,0,0,0,0
2001,483235,1,1,0,0,11,10,0,26,3,14,19,4
2001,483235,2,1,22,11,17,5,12,0,13,0,8,12
2001,483236,1,1,0,0,0,15,0,0,0,8,0,0
2001,483236,2,1,0,0,0,0,0,0,0,0,0,0
2001,483237,0,1,0,0,0,0,0,0,0,0,0,10
2001,483237,1,1,0,0,14,0,0,0,0,15,0,35
2001,483238,0,1,0,0,0,0,16,0,0,0,29,0
2001,483238,0,2,0,0,0,0,18,0,0,0,0,0
2001,483238,1,1,32,28,9,0,5,28,8,0,0,12
2001,483239,1,1,0,0,0,0,0,0,0,0,0,0
2001,483239,2,1,0,0,0,0,0,0,0,18,0,0
2001,483240,1,1,0,0,0,0,0,0,0,0,0,0
2001,483241,1,1,15,0,0,0,0,0,0,15,0,0
2001,483241,2,1,0,0,0,0,0,0,0,0,23,0
2001,483242,1,1,0,9,24,21,17,0,8,6,16,15
2001,483243,1,1,0,0,0,0,0,0,0,0,0,12
2001,483243,2,1,0,0,0,0,0,0,0,0,0,0
2001,483244,1,1,0,0,0,0,0,0,0,0,0,0
2001,483244,2,1,0,0,0,0,0,0,0,0,0,0
2001,483245,1,1,17,17,17,17,17,17,17,17,17,17
2001,483245,2,1,0,0,0,0,0,0,0,0,0,0
2001,483246,1,1,18,12,26,0,10,7,0,5,17,13
2001,483247,1,1,0,0,0,0,0,23,0,4,0,0
2001,483248,1,1,0,0,0,0,0,0,0,0,0,14
2001,483249,0,1,17,0,0,0,16,17,36,0,22,0
2001,483249,1,1,9,9,9,9,9,9,9,9,9,9
2001,483249,2,1,10,0,0,0,9,17,0,2,10,22
2001,483250,1,1,0,0,0,0,0,0,0,2,0,0
2001,483250,2,1,0,0,0,0,0,0,0,0,17,0
2001,483251,1,1,0,0,4,11,0,19,10,10,23,0
2001,483251,2,1,0,0,0,0,0,4,0,15,0,11
2001,483251,3,1,0,0,0,0,0,0,0,0,0,0
2001,483252,0,1,44,0,12,0,0,0,24,0,32,14
2001,483252,1,1,0,13,0,0,0,0,22,0,0,0
2001,483253,1,1,0,0,0,0,0,0,20,0,16,0
2001,483254,1,1,0,0,0,0,0,0,0,0,0,0
2001,483255,1,1,15,13,21,0,4,7,0,0,12,29
2001,483255,2,1,0,0,0,0,0,0,0,0,0,0
2001,483256,1,1,0,8,0,0,0,0,0,0,0,0
2001,483257,1,1,23,0,18,0,9,0,15,0,0,0
2001,483258,1,1,0,0,0,0,0,0,0,0,0,0
2001,483258,2,1,0,0,0,0,0,0,0,0,0,0
2001,483259,1,1,5,24,8,0,0,0,0,0,3,0
2001,483259,2,1,0,0,0,0,0,0,0,0,0,0
2001,483259,3,1,0,0,0,0,0,9,0,0,0,0
2001,483259,4,1,0,0,0,0,0,0,0,0,0,0
2001,483260,1,1,0,0,0,0,0,0,0,0,0,0
2001,483260,2,1,0,0,0,0,0,0,0,0,0,0
2001,483261,1,1,14,14,14,14,14,14,14,14,14,14
2001,483262,1,1,12,0,0,0,0,0,0,0,0,0
2001,483262,2,1,0,0,0,0,0,0,0,0,0,0
2001,483263,0,1,17,27,18,0,21,22,22,54,19,16
2001,483263,1,1,13,9,0,6,10,13,0,0,21,0
2001,483264,0,1,28,0,0,0,0,0,0,5,0,0
2001,483264,1,1,0,0,0,0,0,0,0,0,0,0
2001,483265,1,1,0,37,0,0,7,44,0,0,16,0
2001,483266,0,1,0,0,0,0,0,0,0,0,0,0
2001,483266,1,1,0,0,0,0,0,14,0,0,0,0
2001,483267,1,1,20,20,20,20,20,20,20,20,20,20
2001,483267,2,1,0,0,0,0,0,0,0,0,0,0
2001,483268,1,1,0,17,0,0,0,0,7,5,0,17
2001,483268,2,1,0,0,0,18,0,0,25,15,11,0
2001,483269,1,1,0,0,0,0,0,0,0,0,0,0
2001,483269,2,1,0,0,0,0,0,0,0,0,0,0
2001,483269,3,1,0,0,0,0,0,0,0,0,0,0
2001,483270,0,1,0,0,0,0,0,0,0,0,0,0
2001,483270,0,2,20,0,0,0,0,0,0,18,0,0
2001,483270,1,1,0,0,0,0,0,0,0,0,0,0
2001,483270,2,1,0,0,0,0,0,0,0,0,0,0
2001,483271,1,1,23,0,30,0,34,15,0,39,0,11
2001,483272,0,1,0,15,0,32,23,0,28,14,10,0
2001,483272,1,1,16,23,22,23,17,0,0,31,19,13
2001,483273,0,1,43,22,26,16,23,12,0,32,0,0
2001,483273,1,1,0,0,0,16,41,0,20,0,0,0
2001,483274,1,1,0,0,0,20,0,0,0,0,0,0
2001,483275,0,1,0,0,0,0,0,0,0,0,19,0
2001,483275,1,1,0,0,0,6,0,0,6,5,0,0
2001,483276,0,1,0,20,23,0,0,31,37,32,0,16
2001,483276,1,1,0,0,0,0,0,0,0,0,0,0
2001,483276,2,1,0,0,0,0,0,0,0,0,0,0
2001,483277,1,1,0,0,0,0,0,0,0,11,0,0
2001,483277,2,1,0,0,0,0,0,0,0,0,11,0
2001,483277,3,1,0,0,0,0,0,0,0,0,0,19
2001,483278,0,1,0,0,0,0,0,0,6,0,0,0
2001,483278,1,1,0,0,0,0,0,0,0,0,0,0
2001,483279,1,1,0,0,0,0,10,0,9,8,0,0
2001,483279,2,1,19,0,0,0,0,14,0,0,18,0
2001,483280,1,1,0,0,0,17,0,0,0,0,0,0
2001,483280,2,1,0,0,0,0,0,0,0,0,0,0
2001,483281,1,1,0,0,0,0,0,0,0,0,0,0
2001,483281,2,1,0,0,0,0,0,0,0,0,0,0
2001,483282,1,1,0,0,0,0,0,0,0,0,0,18
2001,483282,2,1,0,0,0,0,13,0,0,8,10,0
2001,483282,3,1,0,0,0,0,0,0,0,0,0,0
2001,483282,4,1,0,0,0,0,0,0,0,0,0,28
2001,483283,1,1,33,0,14,7,11,11,0,25,18,0
2001,483284,1,1,29,0,0,0,0,15,24,0,0,21
2001,483284,2,1,0,0,0,0,0,0,0,0,0,0
2001,483285,1,1,0,0,0,0,0,0,0,0,0,0
2001,483285,2,1,0,6,0,0,9,11,0,0,21,24
2001,483286,1,1,0,22,0,33,0,9,0,0,0,9
2001,483287,0,1,0,0,0,11,11,0,24,0,0,10
2001,483287,1,1,0,0,0,0,0,0,0,0,0,0
2001,483288,1,1,0,0,2,0,0,26,0,0,0,0
2001,483289,1,1,0,0,0,0,0,0,0,0,0,0
2001,483289,2,1,0,0,0,0,0,0,0,0,18,0
2001,483290,1,1,0,7,0,0,24,0,0,0,0,0
2001,483290,2,1,0,5,0,23,0,0,0,0,0,0
2001,483290,3,1,0,0,0,0,0,0,0,11,0,0
2001,483291,1,1,0,0,0,0,0,0,0,0,0,7
2001,483291,2,1,0,0,0,0,0,0,0,0,0,9
2001,483291,3,1,0,0,0,0,0,14,0,0,0,0
2001,483292,0,1,0,0,0,0,0,0,0,0,0,0
2001,483292,1,1,0,0,0,0,0,0,0,0,0,0
2001,483293,1,1,0,0,0,0,0,0,0,0,0,0
2001,483293,2,1,0,0,0,0,0,0,0,4,0,0
2001,483294,0,1,28,0,0,20,0,0,0,0,0,0
2001,483294,1,1,0,2,26,31,25,0,0,11,25,25
2001,483295,0,1,0,0,0,0,0,0,0,0,0,0
2001,483295,1,1,8,0,0,8,0,0,0,0,0,0
2001,483296,1,1,11,0,0,11,11,0,0,0,23,0
2001,483296,2,1,0,0,13,18,0,9,0,0,0,0
2001,483297,0,1,16,0,0,31,0,18,0,0,8,0
2001,483297,1,1,12,0,0,0,0,6,19,0,0,0
2001,483298,1,1,18,18,18,18,18,18,18,18,18,18
2001,483299,1,1,0,25,0,21,9,0,0,0,0,0
2001,483299,2,1,0,0,0,23,0,0,0,0,0,0
2001,483300,1,1,11,29,19,0,0,10,8,13,3,25
2001,483300,2,1,0,0,0,0,0,11,0,0,0,0
2001,483301,1,1,0,0,0,0,0,0,0,0,0,0
2001,483301,2,1,0,0,0,0,0,0,0,0,0,20
2001,483302,1,1,0,0,0,0,0,0,0,0,0,9
2001,483302,2,1,0,0,0,0,0,0,0,0,0,0
2001,483303,1,1,0,11,0,0,0,0,0,0,0,4
2001,483303,2,1,0,0,5,0,0,0,13,0,0,0
2001,483303,3,1,0,9,0,22,28,0,13,0,13,0
2001,483304,1,1,0,0,0,0,0,0,0,0,0,0
2001,483304,2,1,0,0,0,0,0,0,0,0,0,0
2001,483304,3,1,5,10,0,0,10,2,0,19,9,19
2001,483304,4,1,0,0,0,0,0,0,0,0,0,0
2001,483305,0,1,0,0,0,0,0,0,0,0,0,0
2001,483305,1,1,0,0,0,5,0,0,0,0,0,0
2001,483305,2,1,0,0,0,0,0,0,0,0,0,0
2001,483306,1,1,12,12,12,12,12,12,12,12,12,12
2001,483307,0,1,0,0,0,0,0,0,0,0,0,0
2001,483307,1,1,0,0,0,0,0,0,0,0,0,0
2001,483308,0,1,0,14,0,28,0,9,0,31,0,24
2001,483308,1,1,14,0,0,0,0,0,0,0,0,0
2001,483309,1,1,0,0,0,0,0,13,0,0,0,0
2001,483309,2,1,0,0,0,18,0,3,0,0,9,0
2001,483309,3,1,0,0,0,0,0,0,0,0,0,7
2001,483310,1,1,0,14,0,0,37,0,0,13,16,8
2001,483311,0,1,0,24,0,34,0,0,4,12,0,0
2001,483311,1,1,0,14,15,0,0,14,0,0,0,16
2001,483312,0,1,0,0,0,25,0,21,10,9,27,19
2001,483312,1,1,0,0,17,0,0,3,0,0,14,0
2001,483313,0,1,0,24,0,0,0,0,0,20,11,10
2001,483313,1,1,0,10,0,0,0,13,15,0,0,8
2001,483314,0,1,15,18,28,7,9,0,17,25,0,11
2001,483314,1,1,0,0,0,0,0,0,0,24,0,0
2001,483315,1,1,15,22,22,38,21,14,22,5,16,22
2001,483316,0,1,21,14,26,5,29,36,39,14,60,8
2001,483316,1,1,0,0,0,0,0,13,0,13,0,0
2001,483316,2,1,0,0,0,18,13,0,0,14,12,13
2001,483316,3,1,0,0,0,0,0,0,0,0,0,0
2001,483317,1,1,0,0,9,5,0,0,0,0,0,0
2001,483317,2,1,0,0,0,0,0,0,0,0,0,0
2001,483318,1,1,0,0,8,21,19,8,0,30,0,0
2001,483318,2,1,0,0,0,0,0,0,0,0,0,0
2001,483319,1,1,13,0,18,19,11,0,0,0,0,0
2001,483319,2,1,0,0,17,0,0,0,0,0,0,0
2001,483320,1,1,0,14,0,0,0,0,0,0,0,0
2001,483321,0,1,19,0,0,0,0,0,0,22,0,0
2001,483321,1,1,0,0,0,0,0,0,0,0,10,0
2001,483322,1,1,0,27,15,8,8,11,0,0,20,9
2001,483323,0,1,0,0,0,0,0,0,0,0,0,0
2001,483323,1,1,0,0,0,0,0,0,0,0,0,0
2001,483324,1,1,18,25,7,0,0,17,0,22,30,0
2001,483325,0,1,18,12,41,30,0,22,28,0,13,21
2001,483325,1,1,7,22,4,7,6,7,34,10,17,0
2001,483326,1,1,0,0,0,0,0,0,0,0,0,0
2001,490001,1,1,0,0,0,0,0,0,0,0,0,0
2001,490002,1,1,0,0,0,0,0,0,0,0,0,0
2001,490002,2,1,0,0,0,0,0,0,0,0,0,0
2001,490002,3,1,0,0,0,0,0,0,0,0,0,0
2001,490003,1,1,0,0,0,0,0,0,0,0,0,0
2001,490004,1,1,0,0,0,0,0,0,0,0,0,0
2001,490004,2,1,0,0,0,0,0,0,0,0,0,0
2001,490004,3,1,0,0,0,0,0,0,0,0,0,0
2001,490005,1,1,0,0,0,0,0,0,0,0,0,0
2001,490005,2,1,0,0,0,0,0,0,0,0,0,0
2001,490006,1,1,0,0,0,0,0,0,0,0,0,0
2001,490007,1,1,0,0,0,0,0,0,0,0,0,0
2001,490007,2,1,0,0,0,0,0,0,0,0,0,0
2001,490007,3,1,0,0,0,0,0,0,0,0,0,0
2001,490008,1,1,0,0,0,0,0,0,0,0,0,0
2001,490009,1,1,13,13,13,13,13,13,13,13,13,13
2001,490010,1,1,22,22,22,22,22,22,22,22,22,22
2001,490011,1,1,0,0,0,0,0,6,0,0,0,0
2001,490011,2,1,0,0,0,0,0,0,0,0,0,0
2001,490012,1,1,0,0,0,0,0,0,0,0,0,0
2001,490012,2,1,0,0,0,0,0,0,0,0,0,0
2001,490013,0,1,0,0,0,0,0,0,0,0,0,0
2001,490013,1,1,0,0,0,0,0,0,0,0,0,0
2001,490014,1,1,10,10,10,10,10,10,10,10,10,10
2001,490015,0,1,0,0,0,0,0,0,0,0,0,0
2001,490015,0,2,0,0,0,0,0,0,0,0,0,0
2001,490015,1,1,0,0,0,0,0,0,0,0,0,0
2001,490016,0,1,0,0,0,0,18,0,0,12,0,0
2001,490016,1,1,0,0,0,0,0,0,0,0,0,0
2001,490017,1,1,0,0,0,0,0,0,0,0,0,0
2001,490018,1,1,11,11,11,11,11,11,11,11,11,11
2001,490019,1,1,0,0,0,8,0,0,0,0,0,0
2001,490020,1,1,0,0,0,0,0,0,0,0,0,0
2001,490021,1,1,0,0,0,0,18,0,0,0,0,0
2001,490022,1,1,14,14,14,14,14,14,14,14,14,14
2001,490023,1,1,9,9,9,9,9,9,9,9,9,9
2001,490024,1,1,0,0,0,0,0,0,0,0,0,0
2001,490025,1,1,0,0,0,0,0,0,0,0,0,0
2001,490025,2,1,0,0,0,0,0,0,0,0,0,0
2001,490026,1,1,19,19,19,19,19,19,19,19,19,19
2001,490027,0,1,0,0,0,0,0,0,0,0,0,0
2001,490027,1,1,0,0,0,0,0,0,0,0,15,0
2001,490028,1,1,0,0,0,0,0,0,0,0,0,0
2001,490028,2,1,0,0,0,0,0,0,0,0,0,0
2001,490029,1,1,0,0,0,0,0,0,0,0,0,0
2001,490029,2,1,0,0,0,0,0,0,0,0,0,0
2001,490030,1,1,0,0,0,0,0,0,0,0,0,0
2001,490030,2,1,0,0,0,0,0,0,0,0,0,0
2001,490031,1,1,0,0,0,0,0,0,0,0,10,0
2001,490031,2,1,0,0,0,0,0,0,0,0,0,0
2001,490031,3,1,0,0,0,0,0,0,0,0,0,0
2001,490031,4,1,0,0,0,0,0,0,0,0,0,0
2001,490032,1,1,0,0,0,0,0,0,0,0,0,0
2001,490032,2,1,0,0,0,0,0,0,0,0,0,0
2001,490033,1,1,0,0,0,0,0,0,0,0,0,0
2001,490034,1,1,10,10,10,10,10,10,10,10,10,10
2001,490035,1,1,0,0,0,0,0,0,0,0,0,0
2001,490035,2,1,0,0,0,0,0,0,0,0,0,0
2001,490036,1,1,0,0,0,0,0,0,0,0,0,0
2001,490036,2,1,0,0,0,0,0,0,0,0,0,0
2001,490037,1,1,7,7,7,7,7,7,7,7,7,7
2001,490039,1,1,0,0,0,0,0,0,0,0,0,0
2001,490040,1,1,33,33,33,33,33,33,33,33,33,33
2001,490040,2,1,0,0,0,0,0,0,0,2,0,0
2001,490041,1,1,0,0,0,0,0,0,0,0,0,0
2001,490042,1,1,16,16,16,16,16,16,16,16,16,16
2001,490043,1,1,0,0,0,0,0,0,0,0,0,0
2001,490043,2,1,0,0,0,0,0,0,0,0,0,0
2001,490043,3,1,0,0,0,0,0,0,0,0,0,0
2001,490044,1,1,18,18,18,18,18,18,18,18,18,18
2001,490044,2,1,0,0,0,0,0,0,0,0,0,0
2001,490045,1,1,0,11,0,0,11,0,0,0,0,5
2001,490046,1,1,0,0,0,0,0,0,0,0,0,0
2001,490046,2,1,0,0,0,0,0,0,0,0,0,0
2001,490047,1,1,0,0,0,0,0,0,0,0,0,0
2001,490048,1,1,0,0,0,0,0,0,0,0,0,0
2001,490048,2,1,0,0,0,0,0,0,0,0,0,0
2001,490049,1,1,0,0,0,0,0,0,0,0,0,0
2001,490049,2,1,0,0,0,0,0,0,0,0,0,0
2001,490050,1,1,0,0,0,0,0,0,0,0,0,0
2001,490050,2,1,0,0,0,0,0,0,0,0,0,0
2001,490051,1,1,0,0,0,0,0,0,0,0,0,0
2001,490052,1,1,0,0,0,0,0,0,0,0,0,0
2001,490052,2,1,0,0,0,0,0,0,0,0,0,0
2001,490054,1,1,0,0,0,0,0,0,0,0,0,0
2001,490055,1,1,0,0,0,0,0,0,0,0,0,0
2001,490056,1,1,0,0,0,0,0,0,0,0,0,0
2001,490056,2,1,0,0,0,0,0,0,0,0,0,0
2001,490057,1,1,16,16,16,16,16,16,16,16,16,16
2001,490058,0,1,0,0,0,0,0,0,17,17,6,0
2001,490058,1,1,0,0,0,0,0,0,0,0,0,0
2001,490059,1,1,3,3,3,3,3,3,3,3,3,3
2001,490059,2,1,0,0,0,0,0,0,0,0,0,0
2001,490059,3,1,0,0,0,0,0,9,0,0,0,0
2001,490060,1,1,0,0,0,0,0,0,0,0,0,0
2001,490060,2,1,0,0,0,0,0,0,0,0,0,0
2001,490061,1,1,0,0,0,0,0,0,0,0,0,0
2001,490062,1,1,0,0,0,0,0,0,0,0,0,0
2001,490063,1,1,16,16,16,16,16,16,16,16,16,16
2001,490064,0,1,0,0,0,0,0,0,0,0,0,0
2001,490064,1,1,0,0,0,0,0,0,0,0,0,0
2001,490065,1,1,0,0,0,0,0,0,0,0,0,0
2001,490066,1,1,7,7,7,7,7,7,7,7,7,7
2001,490067,1,1,0,0,0,0,0,0,0,0,0,0
2001,490067,2,1,0,0,0,0,0,0,0,0,0,0
2001,490068,1,1,24,24,24,24,24,24,24,24,24,24
2001,490068,2,1,0,0,0,0,0,0,0,0,0,0
2001,490069,1,1,11,11,11,11,11,11,11,11,11,11
2001,490070,1,1,0,0,0,0,0,0,0,0,0,0
2001,490070,2,1,0,0,0,0,0,0,0,0,0,0
2001,490071,1,1,0,0,0,0,0,0,0,0,0,0
2001,490071,2,1,0,0,0,0,0,0,0,0,0,0
2001,490072,1,1,0,0,0,0,0,0,0,0,13,0
2001,490073,1,1,0,0,0,0,0,0,0,0,0,0
2001,490074,1,1,0,0,0,0,0,0,0,0,0,0
2001,490075,1,1,0,0,0,0,0,0,0,0,0,0
2001,490075,2,1,0,0,0,0,0,0,0,0,0,0
2001,490076,1,1,0,0,0,0,0,0,0,0,0,0
2001,490076,2,1,0,0,0,0,0,0,0,7,0,0
2001,490077,1,1,0,0,0,0,0,0,0,0,0,0
2001,490077,2,1,0,0,0,0,0,0,0,0,0,0
2001,490078,1,1,25,25,25,25,25,25,25,25,25,25
2001,490079,1,1,0,0,0,0,0,0,0,0,0,0
2001,490080,1,1,0,0,0,0,0,0,0,0,0,0
2001,490080,2,1,0,0,0,0,0,0,0,0,0,0
2001,490081,1,1,0,0,0,0,0,0,0,0,0,0
2001,490081,2,1,0,0,0,0,0,0,19,0,0,0
2001,490081,3,1,0,0,0,0,0,7,0,0,0,0
2001,490082,1,1,0,0,0,0,17,0,0,0,0,16
2001,490083,1,1,0,0,0,0,0,0,0,0,0,0
2001,490083,2,1,0,0,0,0,0,0,0,0,0,0
2001,490084,1,1,19,19,19,19,19,19,19,19,19,19
2001,490085,1,1,0,0,0,0,0,0,0,0,0,0
2001,490086,1,1,9,9,9,9,9,9,9,9,9,9
2001,490086,2,1,0,0,0,0,0,0,0,0,0,0
2001,490087,1,1,11,0,9,32,0,0,0,38,0,0
2001,490088,1,1,0,0,0,0,0,0,0,0,0,0
2001,490088,2,1,16,16,16,16,16,16,16,16,16,16
2001,490089,1,1,0,0,0,0,0,29,0,0,0,0
2001,490090,0,1,0,0,0,0,0,0,0,0,0,0
2001,490090,0,2,0,0,0,0,0,0,0,0,0,8
2001,490090,1,1,0,0,0,0,0,0,0,0,0,0
2001,490091,1,1,0,0,0,0,0,0,0,0,0,0
2001,490091,2,1,0,0,0,0,0,0,0,0,0,0
2001,490092,1,1,0,0,0,0,0,0,0,0,0,0
2001,490092,2,1,0,12,0,0,0,0,0,0,0,0
2001,490093,1,1,0,0,0,0,0,15,0,0,0,0
2001,490094,1,1,0,0,0,0,0,0,0,0,0,0
2001,490094,2,1,0,0,0,0,0,0,12,0,0,0
2001,490095,1,1,0,0,0,0,0,0,0,0,0,0
2001,490096,0,1,13,13,13,13,13,13,13,13,13,13
2001,490096,1,1,0,23,0,0,0,0,0,0,0,0
2001,490097,0,1,0,0,0,0,0,0,0,0,0,11
2001,490097,1,1,0,0,0,0,0,0,0,0,0,0
2001,490098,1,1,0,0,0,0,0,0,0,0,0,0
2001,490098,2,1,0,0,0,0,0,0,0,0,0,10
2001,490099,1,1,0,0,0,0,0,0,19,0,0,0
2001,490099,2,1,0,0,0,0,0,0,0,0,0,0
2001,490100,1,1,0,0,0,0,0,0,0,0,0,0
2001,490100,2,1,0,0,0,0,0,0,14,0,7,0
2001,490101,1,1,0,0,0,0,0,0,0,0,0,0
2001,490102,0,1,0,0,0,0,0,0,0,0,0,0
2001,490102,0,2,0,0,0,0,0,0,0,0,0,0
2001,490102,0,3,0,0,25,0,0,0,0,0,0,0
2001,490102,1,1,0,0,0,0,0,0,0,0,0,0
2001,490103,1,1,0,0,0,0,0,0,0,0,0,0
2001,490104,0,1,0,0,0,0,0,0,0,31,0,0
2001,490104,1,1,0,18,0,0,0,21,0,0,0,0
2001,490105,1,1,15,15,15,15,15,15,15,15,15,15
2001,490106,1,1,4,4,4,4,4,4,4,4,4,4
2001,490107,1,1,0,0,0,0,0,0,0,0,0,0
2001,490108,1,1,0,0,0,0,0,0,0,0,0,0
2001,490108,2,1,0,0,0,0,0,0,0,0,0,0
2001,490109,1,1,0,0,0,0,0,0,0,0,0,0
2001,490110,1,1,2,2,2,2,2,2,2,2,2,2
2001,490111,1,1,0,19,0,29,0,0,5,0,0,18
2001,490112,0,1,0,0,0,0,0,0,0,0,0,0
2001,490112,1,1,0,0,0,0,0,0,0,0,0,0
2001,490113,0,1,0,0,22,0,0,0,0,0,0,0
2001,490113,1,1,0,0,0,0,0,0,0,0,0,0
2001,490114,1,1,0,0,0,0,0,0,0,0,0,6
2001,490114,2,1,0,0,0,0,0,0,0,0,0,0
2001,490114,3,1,0,0,0,0,0,0,0,0,0,0
2001,490115,1,1,0,0,0,0,0,0,0,0,0,0
2001,490115,2,1,0,0,0,0,0,0,0,0,0,0
2001,490116,1,1,0,0,0,0,0,0,0,0,0,0
2001,490117,1,1,0,0,0,0,0,0,0,0,0,0
2001,490117,2,1,0,0,0,0,0,0,0,0,0,0
2001,490118,1,1,3,3,3,3,3,3,3,3,3,3
2001,490119,1,1,0,38,0,0,0,9,0,0,0,0
2001,490119,2,1,0,32,0,0,0,0,0,0,0,0
2001,490120,1,1,0,0,0,0,0,0,0,0,0,0
2001,490120,2,1,0,0,0,0,0,0,0,0,0,0
2001,490121,1,1,0,0,0,0,0,0,0,0,0,0
2001,490121,2,1,0,0,0,0,0,0,0,0,16,0
2001,490121,3,1,0,0,0,0,0,0,0,0,0,0
2001,490121,4,1,0,0,0,0,0,0,0,0,0,0
2001,490122,1,1,0,0,0,0,0,0,0,0,0,0
2001,490123,1,1,0,0,0,0,0,0,0,0,19,4
2001,490123,2,1,3,3,3,3,3,3,3,3,3,3
2001,490124,0,1,0,0,0,0,0,0,0,0,0,0
2001,490124,1,1,0,0,0,0,0,0,0,0,0,0
2001,490125,1,1,17,17,17,17,17,17,17,17,17,17
2001,490126,1,1,0,0,0,10,0,0,0,0,0,0