YEAR,st_case,veh_no,per_no,P1,P2,P3,P4,P5,P6,P7,P8,P9,P10
2001,510065,24,1,0,0,0,0,0,0,0,0,0,0
2001,510065,25,1,0,0,0,0,0,0,0,0,0,0
2001,510065,26,1,0,0,0,0,0,0,0,0,0,0
2001,510065,27,1,0,0,0,0,0,0,0,0,0,0
2001,510065,28,1,0,0,0,0,0,0,0,0,0,0
2001,510065,29,1,0,0,0,0,0,0,0,0,0,0
2001,510065,30,1,0,0,0,0,0,0,0,0,0,0
2001,510065,31,1,0,0,0,0,0,0,0,0,0,0
2001,510065,32,1,0,0,0,0,0,0,0,0,0,0
2001,510065,33,1,0,0,0,0,0,0,0,0,0,0
2001,510065,34,1,0,0,0,0,0,0,0,0,0,0
2001,510065,35,1,0,0,0,0,0,0,0,0,0,0
2001,510065,36,1,0,0,0,0,0,0,0,0,0,0
2001,510065,37,1,0,0,0,0,0,0,0,4,0,0
2001,510065,38,1,0,0,0,0,0,0,0,0,0,0
2001,510065,39,1,0,0,0,0,0,0,0,0,0,0
2001,510065,40,1,0,0,0,0,0,0,0,0,0,0
2001,510065,41,1,0,0,0,0,0,0,0,0,0,0
2001,510065,42,1,0,0,0,0,0,0,0,9,0,0
2001,510065,43,1,0,17,0,0,15,0,0,0,0,0
2001,510065,44,1,0,0,0,0,0,0,0,0,0,0
2001,510065,45,1,0,0,0,0,0,0,0,0,0,0
2001,510065,46,1,0,0,0,0,0,0,0,0,0,0
2001,510065,47,1,0,0,0,0,0,0,0,0,0,0
2001,510065,48,1,0,0,0,0,0,0,0,0,0,0
2001,510065,49,1,0,0,0,0,0,0,0,0,0,0
2001,510065,50,1,0,0,0,0,0,0,0,0,0,0
2001,510065,51,1,0,0,0,0,0,0,0,0,0,0
2001,510065,52,1,0,0,0,0,0,0,0,0,0,0
2001,510065,53,1,0,0,0,0,0,0,0,0,0,0
2001,510065,54,1,0,0,0,0,0,0,0,0,0,0
2001,510065,55,1,0,0,0,0,0,0,0,0,0,0
2001,510065,56,1,0,0,0,6,0,0,0,0,0,0
2001,510065,57,1,0,0,0,0,0,0,0,0,0,0
2001,510066,1,1,0,0,0,0,0,0,0,0,0,0
2001,510066,2,1,0,0,0,0,0,0,0,0,0,8
2001,510067,0,1,0,0,0,0,0,0,0,0,0,0
2001,510067,1,1,29,21,19,0,13,13,18,15,18,26
2001,510068,1,1,22,22,22,22,22,22,22,22,22,22
2001,510069,1,1,76,76,76,76,76,76,76,76,76,76
2001,510069,2,1,0,0,0,18,0,0,0,0,0,0
2001,510070,1,1,24,24,24,24,24,24,24,24,24,24
2001,510071,1,1,14,10,11,26,22,11,13,24,15,8
2001,510072,1,1,0,0,0,0,0,0,0,0,0,0
2001,510073,1,1,6,21,26,25,11,0,0,12,36,0
2001,510074,0,1,29,29,29,29,29,29,29,29,29,29
2001,510074,1,1,31,17,13,0,0,27,0,24,26,4
2001,510075,1,1,0,0,0,0,0,0,0,0,0,0
2001,510075,2,1,0,0,0,0,0,0,0,0,0,0
2001,510076,0,1,0,0,0,0,0,0,0,0,0,0
2001,510076,1,1,0,0,0,0,0,0,9,0,0,0
2001,510077,1,1,21,21,21,21,21,21,21,21,21,21
2001,510078,1,1,28,28,28,28,28,28,28,28,28,28
2001,510079,1,1,0,0,0,0,0,0,0,0,0,0
2001,510080,1,1,12,12,12,12,12,12,12,12,12,12
2001,510081,0,1,0,0,0,0,0,0,0,0,0,0
2001,510081,1,1,0,0,0,0,0,0,0,0,0,0
2001,510082,1,1,7,7,7,7,7,7,7,7,7,7
2001,510082,2,1,0,0,0,0,0,0,0,0,0,0
2001,510083,1,1,0,0,0,0,0,0,0,0,0,0
2001,510084,1,1,0,0,0,0,0,0,0,0,0,0
2001,510085,1,1,0,0,0,0,0,0,0,0,0,0
2001,510086,0,1,0,0,0,0,0,0,0,0,0,0
2001,510086,1,1,0,0,0,0,0,0,0,0,0,0
2001,510087,1,1,21,21,21,21,21,21,21,21,21,21
2001,510087,2,1,0,0,0,0,0,0,0,0,0,0
2001,510087,3,1,0,0,0,0,0,0,0,0,0,0
2001,510088,0,1,0,0,0,0,0,0,0,0,0,0
2001,510088,1,1,0,0,0,0,0,0,0,0,0,0
2001,510089,1,1,8,20,17,14,7,4,20,8,5,0
2001,510089,2,1,0,0,0,0,0,0,0,0,0,0
2001,510090,1,1,7,14,13,13,19,13,19,7,10,14
2001,510091,0,1,0,0,0,0,0,0,0,0,0,0
2001,510091,1,1,0,0,0,0,0,0,0,0,0,0
2001,510092,1,1,0,0,0,0,0,0,0,0,0,0
2001,510092,2,1,0,0,0,0,0,0,0,0,0,0
2001,510093,0,1,0,0,0,0,0,0,0,0,0,0
2001,510093,1,1,15,48,30,21,17,0,0,15,22,33
2001,510094,1,1,0,0,0,0,0,0,0,0,0,0
2001,510095,1,1,8,0,0,0,7,21,0,0,0,18
2001,510096,1,1,28,28,28,28,28,28,28,28,28,28
2001,510097,1,1,0,0,0,0,0,0,0,0,0,0
2001,510098,1,1,0,0,0,0,0,0,0,0,0,0
2001,510098,2,1,0,0,0,0,0,0,0,0,27,0
2001,510099,1,1,0,0,0,0,0,0,0,0,0,0
2001,510100,1,1,0,0,0,0,0,0,0,0,0,0
2001,510101,1,1,18,13,0,0,0,0,21,17,0,19
2001,510102,1,1,0,0,0,3,0,0,14,0,0,0
2001,510103,1,1,0,0,0,0,0,0,0,0,0,0
2001,510104,1,1,23,23,23,23,23,23,23,23,23,23
2001,510105,1,1,0,6,0,0,0,0,0,0,0,0
2001,510105,2,1,0,0,0,0,0,0,0,0,0,0
2001,510105,3,1,0,0,0,0,0,0,0,0,0,0
2001,510106,1,1,0,0,0,0,0,0,0,0,0,0
2001,510106,2,1,0,0,0,0,0,0,0,0,0,0
2001,510106,3,1,0,0,0,0,0,0,0,0,0,0
2001,510106,4,1,0,0,5,0,0,0,0,0,0,0
2001,510106,5,1,0,0,0,0,0,0,0,0,0,0
2001,510106,6,1,0,0,0,29,0,0,0,0,0,0
2001,510106,7,1,0,0,0,0,3,0,0,0,0,0
2001,510106,8,1,0,0,0,0,0,0,0,0,0,0
2001,510106,9,1,0,0,0,0,0,0,0,0,0,0
2001,510106,10,1,0,0,0,0,21,0,0,0,19,0
2001,510106,11,1,0,0,0,0,0,0,0,0,0,0
2001,510106,12,1,5,0,0,0,0,0,0,0,0,0
2001,510106,13,1,0,0,0,0,0,0,0,0,0,0
2001,510106,14,1,0,0,0,0,0,0,0,0,0,0
2001,510106,15,1,0,0,0,0,0,0,0,0,0,0
2001,510106,16,1,0,0,0,0,0,9,0,0,0,11
2001,510106,17,1,0,0,0,0,0,0,0,0,0,0
2001,510106,18,1,0,0,0,0,0,0,0,0,0,0
2001,510106,19,1,0,0,0,0,0,0,0,0,0,0
2001,510106,20,1,0,0,0,0,0,0,0,0,0,0
2001,510106,21,1,0,0,0,0,0,0,0,0,0,0
2001,510106,22,1,0,7,0,0,0,0,0,0,23,0
2001,510106,23,1,0,0,18,0,0,0,0,0,0,0
2001,510106,24,1,0,0,0,0,0,0,0,0,0,0
2001,510106,25,1,0,0,0,0,0,0,0,0,0,0
2001,510106,26,1,0,0,0,0,0,0,0,0,0,0
2001,510106,27,1,0,0,0,5,0,0,0,0,0,0
2001,510106,28,1,11,0,0,0,0,0,0,0,0,0
2001,510106,29,1,0,0,0,0,0,0,0,0,0,0
2001,510106,30,1,0,13,0,0,0,0,0,0,0,0
2001,510106,31,1,0,24,0,0,0,0,0,0,0,0
2001,510107,1,1,8,15,32,15,24,0,39,0,0,0
2001,510107,2,1,16,0,0,11,0,0,8,0,6,0
2001,510108,0,1,0,0,0,0,0,0,0,0,0,0
2001,510108,1,1,8,13,15,26,21,9,0,29,6,9
2001,510109,1,1,17,0,19,8,13,7,35,0,15,17
2001,510110,1,1,0,17,12,15,17,0,0,17,5,8
2001,510111,1,1,27,27,26,0,36,17,24,0,11,0
2001,510112,1,1,30,15,24,13,13,24,33,14,15,28
2001,510113,0,1,0,0,0,0,0,0,0,0,0,0
2001,510113,1,1,0,0,0,0,0,0,0,0,0,0
2001,510114,1,1,0,0,0,0,0,0,0,0,0,0
2001,510114,2,1,0,0,0,0,0,0,0,0,0,0
2001,510115,1,1,0,0,0,0,0,0,0,0,0,0
2001,510116,1,1,0,0,0,0,0,0,0,0,0,0
2001,510117,0,1,0,0,0,0,0,0,0,0,0,0
2001,510117,1,1,0,0,0,0,0,0,0,0,0,11
2001,510118,1,1,12,12,12,12,12,12,12,12,12,12
2001,510119,1,1,0,0,0,0,0,0,0,21,0,0
2001,510119,2,1,0,0,0,0,0,0,0,0,0,0
2001,510120,1,1,0,0,0,0,0,0,0,0,0,0
2001,510120,2,1,0,0,0,0,0,0,0,0,0,0
2001,510121,1,1,0,0,0,0,0,0,0,0,0,0
2001,510121,2,1,0,0,0,0,0,0,0,0,0,0
2001,510122,1,1,0,0,0,0,0,0,0,0,0,0
2001,510122,2,1,0,0,0,0,0,0,0,0,0,0
2001,510123,1,1,24,24,24,24,24,24,24,24,24,24
2001,510124,1,1,0,0,0,0,0,0,0,0,0,0
2001,510124,2,1,0,0,0,0,0,0,0,0,0,0
2001,510125,1,1,0,0,0,0,0,0,0,0,0,0
2001,510125,2,1,0,7,0,0,0,0,7,7,0,0
2001,510125,3,1,0,0,0,0,0,0,0,0,0,17
2001,510125,4,1,0,0,14,14,0,16,14,14,13,0
2001,510125,5,1,0,0,0,0,0,0,0,0,0,0
2001,510126,1,1,15,15,15,15,15,15,15,15,15,15
2001,510127,1,1,0,0,0,0,0,0,0,0,0,0
2001,510127,2,1,0,0,0,0,0,0,15,0,0,0
2001,510128,1,1,0,0,0,0,0,0,0,0,0,0
2001,510129,1,1,0,0,0,0,0,0,0,0,0,0
2001,510129,2,1,0,0,0,0,0,0,0,0,0,0
2001,510130,1,1,0,0,0,0,0,0,0,0,0,0
2001,510130,2,1,0,0,0,0,0,0,0,0,0,0
2001,510131,1,1,0,0,0,0,0,0,0,0,0,0
2001,510131,2,1,0,0,0,0,0,0,0,0,0,0
2001,510132,1,1,11,7,17,0,15,14,11,16,30,20
2001,510133,1,1,0,0,0,0,0,0,0,0,0,0
2001,510134,0,1,8,23,18,9,23,25,28,12,20,23
2001,510134,1,1,0,0,0,0,0,0,0,0,0,0
2001,510135,1,1,0,0,0,0,0,0,0,0,0,0
2001,510135,2,1,0,0,0,0,12,0,0,0,0,0
2001,510136,1,1,0,0,0,0,0,0,0,0,0,0
2001,510136,2,1,0,0,0,0,0,0,0,0,0,0
2001,510137,1,1,18,18,18,18,18,18,18,18,18,18
2001,510138,1,1,0,0,0,0,0,0,0,0,0,0
2001,510139,0,1,0,0,0,0,0,0,0,0,0,0
2001,510139,0,2,0,0,0,0,0,0,0,0,0,0
2001,510139,1,1,17,0,0,0,0,0,0,0,0,0
2001,510140,1,1,0,0,0,0,0,0,0,0,0,0
2001,510141,1,1,0,0,0,0,0,0,0,0,0,0
2001,510141,2,1,0,0,0,0,0,0,0,0,0,0
2001,510142,1,1,20,21,5,24,11,0,8,5,29,19
2001,510142,2,1,29,18,9,0,15,14,0,10,0,5
2001,510143,1,1,0,0,0,0,0,0,0,0,0,0
2001,510143,2,1,0,0,0,0,0,0,0,0,0,0
2001,510143,3,1,0,0,0,0,0,0,0,0,0,0
2001,510143,4,1,0,0,0,0,0,0,0,0,0,0
2001,510143,5,1,0,0,0,0,0,0,0,0,0,0
2001,510144,1,1,13,8,12,15,10,4,15,28,21,11
2001,510145,1,1,0,0,0,0,0,0,0,0,0,0
2001,510145,2,1,0,0,0,0,0,0,0,0,0,0
2001,510146,1,1,0,0,0,0,0,0,0,0,0,0
2001,510146,2,1,17,0,0,0,0,33,0,0,0,0
2001,510147,1,1,0,0,0,0,0,0,0,0,0,0
2001,510148,1,1,0,0,0,0,0,0,0,0,0,0
2001,510148,2,1,0,0,0,0,0,0,0,0,0,0
2001,510149,1,1,0,0,0,0,0,0,0,0,0,0
2001,510149,2,1,0,0,0,0,0,0,0,0,0,0
2001,510150,1,1,0,0,0,0,0,0,0,0,0,0
2001,510151,1,1,0,0,0,0,0,0,0,0,0,0
2001,510152,1,1,1,1,1,1,1,1,1,1,1,1
2001,510152,2,1,0,0,0,0,0,0,0,0,0,0
2001,510152,3,1,0,0,0,3,0,0,0,0,0,0
2001,510153,1,1,0,0,0,0,0,0,0,7,0,0
2001,510154,1,1,17,15,15,8,7,22,15,12,5,26
2001,510155,1,1,0,0,0,0,0,0,0,0,0,0
2001,510156,1,1,0,0,0,0,0,0,0,0,0,0
2001,510156,2,1,0,0,0,0,0,0,0,0,0,0
2001,510157,1,1,13,13,13,13,13,13,13,13,13,13
2001,510158,1,1,0,0,0,0,0,0,0,0,0,0
2001,510158,2,1,0,0,0,0,0,20,0,0,0,0
2001,510159,1,1,0,0,0,0,0,0,0,0,0,0
2001,510160,1,1,0,0,0,0,0,0,0,0,0,0
2001,510160,2,1,0,0,23,0,0,0,0,0,0,0
2001,510161,0,1,0,18,36,0,28,7,32,4,0,9
2001,510161,1,1,0,0,0,25,12,15,0,0,14,0
2001,510162,1,1,0,0,0,0,0,0,0,0,0,3
2001,510163,1,1,0,0,0,0,0,0,0,0,0,0
2001,510164,1,1,0,0,0,0,2,0,0,0,0,0
2001,510165,1,1,0,0,0,0,0,0,0,0,0,0
2001,510165,2,1,0,0,0,0,0,6,0,0,0,0
2001,510165,3,1,0,0,0,0,0,0,0,0,0,0
2001,510166,1,1,0,0,0,0,0,0,0,0,0,0
2001,510166,2,1,0,0,0,0,0,0,0,0,0,0
2001,510167,0,1,0,0,0,0,0,0,0,0,0,0
2001,510167,1,1,0,0,0,0,0,0,0,0,0,0
2001,510168,1,1,0,0,0,0,0,0,0,0,0,0
2001,510168,2,1,0,0,0,0,0,0,0,0,0,0
2001,510169,1,1,0,0,0,0,0,0,0,0,0,0
2001,510170,1,1,0,0,0,0,0,0,0,0,0,0
2001,510170,2,1,0,0,0,0,0,0,0,0,0,0
2001,510171,1,1,14,14,14,14,14,14,14,14,14,14
2001,510172,0,1,0,0,0,0,0,0,0,0,0,0
2001,510172,1,1,0,0,0,0,0,0,0,0,0,0
2001,510173,0,1,0,0,0,0,0,0,0,0,0,0
2001,510173,1,1,0,0,0,0,0,0,0,0,0,0
2001,510174,1,1,1,0,11,9,13,27,10,16,10,6
2001,510175,1,1,13,13,13,13,13,13,13,13,13,13
2001,510176,1,1,0,0,0,0,0,0,0,0,0,0
2001,510177,0,1,0,0,0,0,0,0,0,0,0,0
2001,510177,1,1,0,0,0,0,0,0,0,0,0,0
2001,510178,1,1,0,0,0,0,0,0,0,0,0,0
2001,510178,2,1,0,0,0,0,0,0,0,0,0,0
2001,510179,1,1,0,0,0,0,0,0,0,0,0,0
2001,510180,0,1,0,0,0,0,0,22,0,0,9,19
2001,510180,1,1,2,0,0,4,0,3,0,0,4,14
2001,510181,1,1,0,0,0,0,0,0,0,0,0,0
2001,510182,1,1,0,0,0,0,0,0,0,0,0,0
2001,510182,2,1,0,0,0,0,0,0,0,0,0,0
2001,510183,1,1,0,0,0,0,0,0,0,0,0,0
2001,510184,1,1,0,0,0,0,0,0,0,0,0,0
2001,510185,1,1,27,27,27,27,27,27,27,27,27,27
2001,510186,1,1,20,20,20,20,20,20,20,20,20,20
2001,510187,1,1,15,15,15,15,15,15,15,15,15,15
2001,510187,2,1,18,0,15,8,24,0,0,15,0,0
2001,510188,1,1,0,0,0,0,0,0,0,0,0,0
2001,510189,1,1,0,0,0,0,0,0,0,0,0,0
2001,510189,2,1,0,0,0,0,0,0,0,0,0,0
2001,510190,1,1,0,0,0,0,0,0,0,0,0,0
2001,510191,1,1,0,0,0,0,0,0,0,0,0,0
2001,510191,2,1,0,0,0,11,0,0,0,0,0,0
2001,510191,3,1,0,0,22,0,0,0,0,12,0,0
2001,510191,4,1,0,0,0,0,0,0,0,0,0,0
2001,510192,1,1,0,0,0,0,0,0,0,0,0,0
2001,510192,2,1,0,0,9,0,0,0,0,0,0,0
2001,510193,1,1,0,0,0,0,0,0,0,0,0,0
2001,510194,1,1,7,7,8,12,12,13,9,15,18,14
2001,510195,0,1,0,0,0,0,0,0,0,0,0,0
2001,510195,1,1,0,6,0,12,13,8,6,10,0,0
2001,510196,1,1,0,0,0,0,0,0,0,0,0,0
2001,510197,1,1,0,0,0,0,0,0,0,0,0,0
2001,510198,1,1,0,0,0,0,0,0,0,0,0,0
2001,510199,1,1,0,0,0,0,0,0,0,0,0,0
2001,510200,0,1,0,0,0,0,0,0,0,0,0,0
2001,510200,1,1,10,0,3,9,30,22,0,24,17,21
2001,510201,1,1,24,24,24,24,24,24,24,24,24,24
2001,510202,0,1,0,0,0,0,0,0,0,0,0,0
2001,510202,1,1,0,0,0,0,0,0,0,0,0,0
2001,510203,1,1,0,0,0,0,0,0,0,0,0,0
2001,510204,1,1,28,28,28,28,28,28,28,28,28,28
2001,510205,1,1,23,23,23,23,23,23,23,23,23,23
2001,510206,1,1,0,0,0,0,0,0,0,0,0,0
2001,510207,1,1,0,0,0,0,0,0,0,0,0,0
2001,510207,2,1,0,0,0,0,0,0,0,0,0,0
2001,510208,1,1,17,14,14,30,12,25,32,19,21,15
2001,510209,1,1,0,0,0,0,0,0,0,0,0,0
2001,510209,2,1,0,0,0,0,0,0,0,0,0,0
2001,510209,3,1,0,0,0,0,0,0,0,0,0,0
2001,510210,1,1,0,0,0,0,0,0,0,0,0,0
2001,510210,2,1,0,0,0,0,0,0,0,0,0,0
2001,510211,1,1,26,26,26,26,26,26,26,26,26,26
2001,510212,1,1,17,17,17,17,17,17,17,17,17,17
2001,510213,1,1,13,26,5,3,24,14,9,17,8,13
2001,510214,1,1,0,0,0,0,0,0,0,0,0,0
2001,510214,2,1,0,0,16,0,0,0,0,0,0,0
2001,510215,1,1,0,0,0,10,0,0,0,0,0,0
2001,510215,2,1,0,0,0,0,0,0,0,13,0,0
2001,510216,1,1,2,2,2,2,2,2,2,2,2,2
2001,510217,1,1,0,0,0,0,0,0,0,0,0,0
2001,510217,2,1,0,0,0,0,0,0,0,0,0,0
2001,510217,3,1,0,0,0,0,0,0,0,0,0,0
2001,510218,1,1,0,0,0,0,0,0,0,0,0,0
2001,510219,1,1,2,2,2,2,2,2,2,2,2,2
2001,510220,1,1,0,0,0,0,0,0,0,0,0,0
2001,510220,2,1,0,0,0,0,0,0,0,0,0,0
2001,510221,1,1,0,0,0,0,0,0,0,0,0,0
2001,510221,2,1,0,0,0,0,0,0,0,0,0,0
2001,510221,3,1,0,0,0,0,0,0,0,0,0,0
2001,510222,1,1,0,0,0,0,0,0,0,0,0,0
2001,510222,2,1,0,0,0,0,0,0,0,0,0,0
2001,510223,1,1,0,0,0,0,0,0,0,0,0,0
2001,510223,2,1,0,0,0,0,0,0,0,0,0,0
2001,510224,1,1,0,0,0,0,0,0,0,0,0,0
2001,510225,1,1,0,0,0,0,0,0,0,0,0,0
2001,510226,1,1,0,0,0,0,0,0,0,0,0,0
2001,510226,2,1,0,0,0,0,0,0,0,0,0,0
2001,510227,1,1,0,0,0,0,0,0,0,0,0,0
2001,510227,2,1,0,0,0,0,0,0,0,0,0,0
2001,510228,1,1,0,0,0,0,0,0,0,0,0,0
2001,510229,1,1,17,17,17,17,17,17,17,17,17,17
2001,510230,1,1,0,0,0,0,0,0,0,0,0,0
2001,510231,0,1,9,18,0,8,0,0,21,0,0,12
2001,510231,1,1,0,0,0,0,0,0,0,0,0,0
2001,510232,0,1,0,0,0,0,0,0,0,0,0,0
2001,510232,1,1,0,0,0,0,0,0,0,0,0,0
2001,510233,1,1,0,0,0,0,0,0,0,0,0,0
2001,510233,2,1,0,0,0,0,0,0,0,0,0,0
2001,510234,1,1,22,17,18,22,7,15,10,14,17,35
2001,510234,2,1,0,0,0,0,0,0,0,0,0,0
2001,510235,1,1,0,0,0,0,0,0,0,0,0,0
2001,510235,2,1,0,0,0,0,0,0,0,0,0,0
2001,510236,1,1,27,27,27,27,27,27,27,27,27,27
2001,510237,1,1,0,0,0,0,0,0,0,0,0,0
2001,510237,2,1,0,0,0,0,0,0,0,0,0,0
2001,510238,1,1,0,0,0,0,0,0,0,0,0,0
2001,510239,1,1,4,24,15,11,16,21,28,15,22,13
2001,510239,2,1,32,0,0,0,0,0,2,8,0,0
2001,510240,1,1,0,0,0,0,0,0,0,0,0,0
2001,510240,2,1,0,0,17,0,0,0,0,0,0,0
2001,510241,1,1,0,0,0,0,0,0,0,0,0,0
2001,510242,1,1,0,0,0,0,0,20,0,0,0,0
2001,510242,2,1,0,0,0,0,0,0,0,0,0,0
2001,510242,3,1,0,0,0,0,0,0,0,0,0,0
2001,510243,1,1,0,0,0,0,0,0,0,0,0,0
2001,510243,2,1,1,0,0,0,0,0,0,0,0,0
2001,510243,3,1,0,23,0,0,0,0,0,0,12,0
2001,510243,4,1,14,0,0,0,0,0,0,0,0,0
2001,510244,1,1,0,0,0,0,0,0,0,0,0,0
2001,510244,2,1,0,0,0,0,0,0,0,0,0,0
2001,510245,1,1,0,0,0,0,0,0,0,0,0,0
2001,510246,0,1,0,0,0,0,0,0,0,0,0,0
2001,510246,1,1,0,0,0,0,0,0,0,0,0,0
2001,510247,1,1,0,12,0,0,0,0,11,0,0,15
2001,510248,1,1,0,0,0,0,0,0,0,0,0,0
2001,510249,1,1,0,0,0,0,0,0,0,0,0,0
2001,510250,1,1,0,0,0,0,0,14,0,0,0,0
2001,510251,1,1,0,0,0,0,0,0,0,0,0,0
2001,510251,2,1,0,0,19,0,0,34,0,8,0,0
2001,510252,1,1,0,0,0,0,0,0,0,0,0,0
2001,510252,2,1,0,0,0,0,0,0,0,0,0,0
2001,510253,0,1,0,0,0,0,0,0,0,0,0,0
2001,510253,0,2,0,0,0,0,0,0,0,0,0,0
2001,510253,1,1,0,0,0,0,0,0,0,0,0,0
2001,510254,1,1,1,1,1,1,1,1,1,1,1,1
2001,510255,1,1,24,24,24,24,24,24,24,24,24,24
2001,510256,1,1,22,22,22,22,22,22,22,22,22,22
2001,510257,1,1,0,0,0,0,0,0,0,0,0,0
2001,510257,2,1,0,0,0,0,13,0,0,0,0,0
2001,510258,0,1,0,0,0,0,0,0,0,0,0,0
2001,510258,1,1,0,0,0,0,0,0,0,0,0,0
2001,510259,1,1,8,14,15,11,22,9,26,4,11,6
2001,510260,1,1,0,0,0,0,0,0,0,0,0,0
2001,510260,2,1,0,0,0,0,0,0,0,0,0,0
2001,510262,1,1,0,0,0,0,0,0,0,0,0,0
2001,510262,2,1,0,0,0,0,13,0,0,0,0,0
2001,510262,3,1,0,0,0,0,0,0,0,0,0,0
2001,510263,1,1,0,0,0,0,0,0,0,0,0,0
2001,510263,2,1,0,0,0,0,0,0,0,0,0,0
2001,510263,3,1,0,0,0,0,0,0,0,0,0,0
2001,510263,4,1,0,0,0,0,0,0,0,0,0,0
2001,510263,5,1,0,0,0,0,0,0,0,0,0,0
2001,510264,1,1,0,0,0,0,0,0,0,0,0,0
2001,510265,1,1,0,0,0,0,11,0,0,0,0,0
2001,510265,2,1,0,0,0,0,0,0,0,0,0,0
2001,510266,1,1,30,10,22,15,16,21,15,0,30,10
2001,510267,1,1,11,11,11,11,11,11,11,11,11,11
2001,510268,1,1,17,17,17,17,17,17,17,17,17,17
2001,510269,0,1,7,7,7,7,7,7,7,7,7,7
2001,510269,1,1,0,0,0,0,0,2,0,18,0,0
2001,510270,1,1,0,0,0,0,0,0,0,0,0,0
2001,510270,2,1,1,1,1,1,1,1,1,1,1,1
2001,510270,3,1,0,0,0,0,0,0,0,0,0,0
2001,510271,1,1,14,14,14,14,14,14,14,14,14,14
2001,510272,1,1,0,0,0,0,0,0,0,0,0,0
2001,510272,2,1,0,0,0,0,0,0,0,0,0,0
2001,510273,1,1,0,0,0,0,0,0,0,0,0,0
2001,510274,1,1,17,17,17,17,17,17,17,17,17,17
2001,510275,1,1,0,0,0,0,0,0,0,0,0,0
2001,510276,1,1,0,0,0,0,0,0,0,0,0,0
2001,510277,1,1,0,0,0,0,0,0,0,0,0,0
2001,510278,1,1,23,23,23,23,23,23,23,23,23,23
2001,510279,1,1,17,20,8,14,9,34,11,15,13,21
2001,510279,2,1,0,0,0,0,0,0,0,0,0,0
2001,510280,1,1,18,13,12,9,22,12,17,34,29,12
2001,510281,1,1,0,0,0,0,0,0,0,0,0,0
2001,510282,0,1,3,3,3,3,3,3,3,3,3,3
2001,510282,1,1,5,0,33,20,3,12,23,13,13,7
2001,510283,1,1,0,0,0,15,0,0,0,0,0,0
2001,510283,2,1,0,0,0,0,0,0,0,0,0,0
2001,510284,1,1,11,11,11,11,11,11,11,11,11,11
2001,510284,2,1,0,0,0,0,0,0,0,0,0,0
2001,510285,1,1,0,0,0,0,0,0,0,0,0,0
2001,510285,2,1,0,0,0,0,0,0,0,0,0,0
2001,510286,0,1,0,0,0,0,0,0,0,0,0,0
2001,510286,1,1,10,0,0,0,0,0,6,33,31,14
2001,510287,1,1,0,11,0,0,0,0,0,0,0,0
2001,510287,2,1,0,0,0,0,0,0,0,0,0,0
2001,510287,3,1,0,0,0,0,0,0,0,0,0,0
2001,510287,4,1,0,0,0,0,0,0,0,0,0,0
2001,510287,5,1,0,0,0,0,0,0,0,0,0,0
2001,510288,1,1,16,16,16,16,16,16,16,16,16,16
2001,510288,2,1,0,0,0,6,0,0,0,0,0,0
2001,510288,3,1,13,16,14,22,20,19,17,30,9,18
2001,510289,1,1,14,6,23,0,23,0,9,19,6,11
2001,510289,2,1,10,10,10,10,10,10,10,10,10,10
2001,510290,1,1,15,13,27,17,7,8,27,29,13,10
2001,510291,1,1,0,0,0,0,0,0,0,0,0,0
2001,510292,1,1,0,0,0,0,0,0,0,0,0,0
2001,510292,2,1,8,0,21,0,0,0,0,6,0,0
2001,510293,1,1,0,0,0,0,0,0,0,0,0,0
2001,510294,1,1,0,0,0,0,0,0,0,0,0,0
2001,510294,2,1,0,0,0,0,0,0,0,0,0,0
2001,510295,1,1,0,0,0,0,0,0,0,0,0,0
2001,510295,2,1,0,0,0,0,0,0,0,0,0,17
2001,510296,1,1,8,14,12,7,12,15,22,9,3,13
2001,510296,2,1,0,0,0,0,0,0,0,0,0,0
2001,510296,3,1,0,0,0,0,0,0,0,0,0,0
2001,510296,4,1,0,0,0,0,0,0,0,0,0,14
2001,510297,0,1,0,0,0,0,0,0,0,0,0,0
2001,510297,1,1,0,0,0,0,0,0,0,0,0,0
2001,510298,1,1,0,0,0,0,0,0,0,0,0,0
2001,510298,2,1,0,0,0,0,0,0,0,0,0,0
2001,510299,1,1,0,0,0,0,0,0,0,0,0,0
2001,510300,1,1,29,29,29,29,29,29,29,29,29,29
2001,510300,2,1,0,0,0,0,0,0,0,0,0,0
2001,510300,3,1,0,0,0,0,0,0,0,0,0,0
2001,510301,1,1,0,0,0,0,0,0,0,0,0,0
2001,510301,2,1,0,0,0,0,0,0,0,0,0,0
2001,510301,3,1,0,0,0,0,0,0,0,0,0,0
2001,510302,1,1,18,18,18,18,18,18,18,18,18,18
2001,510303,1,1,0,0,0,0,0,0,0,0,0,0
2001,510303,2,1,0,0,0,0,0,0,0,0,0,0
2001,510304,0,1,24,24,24,24,24,24,24,24,24,24
2001,510304,1,1,0,0,0,0,0,0,0,0,0,0
2001,510305,1,1,7,7,7,7,7,7,7,7,7,7
2001,510306,1,1,0,0,0,0,0,0,0,0,0,0
2001,510306,2,1,0,22,11,29,0,0,21,16,3,0
2001,510307,1,1,0,0,0,0,0,12,23,0,0,0
2001,510307,2,1,0,0,0,0,0,0,0,0,0,0
2001,510308,1,1,0,0,0,0,0,0,0,0,0,0
2001,510309,1,1,0,0,0,0,0,0,0,0,0,0
2001,510309,2,1,0,0,0,0,0,0,0,0,0,0