YEAR,st_case,veh_no,per_no,P1,P2,P3,P4,P5,P6,P7,P8,P9,P10
2001,510597,1,1,10,28,8,10,14,0,21,0,19,12
2001,510597,2,1,0,0,0,0,0,0,0,0,0,0
2001,510598,0,1,0,0,0,0,0,0,0,0,0,0
2001,510598,0,2,0,0,0,0,0,0,0,0,0,0
2001,510598,1,1,0,0,0,0,0,0,0,0,0,0
2001,510599,1,1,34,18,19,19,17,14,14,10,11,4
2001,510599,2,1,18,18,18,18,18,18,18,18,18,18
2001,510600,1,1,0,0,0,0,0,0,0,0,0,0
2001,510601,0,1,0,0,0,0,0,0,0,0,0,0
2001,510601,1,1,0,0,0,0,0,0,0,0,0,0
2001,510602,1,1,0,0,0,0,0,0,0,0,0,0
2001,510602,2,1,0,0,0,0,0,0,0,0,0,0
2001,510603,1,1,6,30,18,14,37,34,6,7,11,21
2001,510604,1,1,3,3,3,3,3,3,3,3,3,3
2001,510605,1,1,16,16,29,9,8,8,41,16,9,24
2001,510606,1,1,0,0,0,0,0,0,0,0,0,0
2001,510606,2,1,0,0,0,0,0,0,0,18,0,0
2001,510607,0,1,0,0,0,0,0,0,0,0,0,0
2001,510607,1,1,0,0,0,0,0,0,0,0,20,0
2001,510608,1,1,0,0,0,0,0,0,0,0,0,0
2001,510608,2,1,0,0,0,0,0,0,0,0,0,0
2001,510609,1,1,0,0,0,0,0,0,0,0,0,0
2001,510609,2,1,0,0,0,0,0,0,0,0,0,0
2001,510610,1,1,0,0,0,0,0,0,0,0,0,0
2001,510610,2,1,0,0,0,0,0,0,0,0,0,16
2001,510611,1,1,0,0,0,0,0,0,0,0,0,0
2001,510611,2,1,0,0,0,0,0,0,0,0,0,0
2001,510612,1,1,17,17,17,17,17,17,17,17,17,17
2001,510613,1,1,0,0,0,0,0,0,0,0,0,0
2001,510613,2,1,0,0,0,0,0,0,0,0,0,0
2001,510614,1,1,39,39,39,39,39,39,39,39,39,39
2001,510615,1,1,0,0,0,0,16,0,0,0,0,0
2001,510615,2,1,0,0,0,0,0,0,0,0,0,0
2001,510616,1,1,0,0,0,0,0,0,0,0,0,0
2001,510616,2,1,0,0,0,0,0,0,0,0,0,0
2001,510617,1,1,19,30,24,6,9,14,24,9,23,45
2001,510618,1,1,4,4,4,4,4,4,4,4,4,4
2001,510618,2,1,0,0,0,0,0,0,0,0,0,0
2001,510618,3,1,0,9,0,0,0,0,0,0,0,0
2001,510619,1,1,0,0,0,0,0,0,0,0,0,0
2001,510619,2,1,0,0,0,0,0,0,0,0,0,0
2001,510620,1,1,1,1,1,1,1,1,1,1,1,1
2001,510620,2,1,0,0,0,15,0,0,0,0,0,0
2001,510621,1,1,0,0,0,0,0,0,0,0,0,0
2001,510622,1,1,14,14,14,14,14,14,14,14,14,14
2001,510622,2,1,0,17,0,18,0,0,0,0,0,0
2001,510623,1,1,0,0,0,0,0,0,0,20,0,0
2001,510624,1,1,0,0,0,0,0,0,0,0,0,0
2001,510625,1,1,0,0,10,0,11,0,0,0,0,0
2001,510625,2,1,0,0,10,0,0,0,0,0,8,0
2001,510626,1,1,66,66,66,66,66,66,66,66,66,66
2001,510627,1,1,8,8,8,8,8,8,8,8,8,8
2001,510628,1,1,18,13,31,9,33,12,21,15,11,18
2001,510629,1,1,0,0,0,0,0,0,0,0,0,0
2001,510630,1,1,14,14,14,14,14,14,14,14,14,14
2001,510631,1,1,0,0,18,25,0,11,30,10,9,0
2001,510631,2,1,0,0,0,0,0,0,0,0,0,0
2001,510632,1,1,23,0,11,0,0,0,11,0,0,0
2001,510633,0,1,0,0,0,0,0,0,0,0,0,0
2001,510633,1,1,0,0,0,0,0,0,0,0,0,0
2001,510634,1,1,0,0,0,0,0,0,0,0,0,0
2001,510634,2,1,0,0,0,0,0,0,0,0,0,0
2001,510635,1,1,0,0,0,0,0,0,0,0,0,0
2001,510636,1,1,23,23,23,23,23,23,23,23,23,23
2001,510637,1,1,0,0,0,0,0,0,0,0,0,0
2001,510638,1,1,0,0,0,0,0,0,0,0,0,0
2001,510639,1,1,0,0,0,0,0,0,0,0,0,0
2001,510639,2,1,0,0,0,0,0,0,0,0,0,0
2001,510640,1,1,0,0,0,0,0,0,0,0,0,0
2001,510641,1,1,37,37,37,37,37,37,37,37,37,37
2001,510642,1,1,2,2,2,2,2,2,2,2,2,2
2001,510643,1,1,0,0,0,0,0,0,0,0,0,0
2001,510643,2,1,0,0,0,0,0,35,0,0,0,0
2001,510644,0,1,0,0,0,0,0,0,0,0,0,0
2001,510644,1,1,0,0,0,0,0,0,0,0,0,0
2001,510644,2,1,0,0,0,0,0,0,0,0,0,0
2001,510645,1,1,0,0,0,0,0,0,0,0,0,0
2001,510645,2,1,0,0,0,0,0,0,0,0,0,0
2001,510646,1,1,0,0,0,0,0,0,0,0,0,0
2001,510647,1,1,0,0,0,0,0,0,0,0,0,0
2001,510647,2,1,0,0,0,0,0,0,0,0,0,0
2001,510648,1,1,0,0,0,0,0,0,0,0,0,0
2001,510648,2,1,0,0,0,0,0,0,0,0,0,0
2001,510649,1,1,15,0,0,0,0,0,0,0,0,0
2001,510650,1,1,0,0,0,0,0,0,0,0,0,0
2001,510651,1,1,16,12,16,2,7,15,18,11,22,19
2001,510652,1,1,0,0,0,0,0,0,0,0,0,0
2001,510652,2,1,0,0,0,0,0,0,0,0,0,0
2001,510653,0,1,29,29,29,29,29,29,29,29,29,29
2001,510653,1,1,0,0,0,0,0,0,0,0,0,0
2001,510654,1,1,0,0,0,0,0,0,0,0,0,0
2001,510655,1,1,0,0,0,0,0,0,0,0,0,0
2001,510656,1,1,0,0,11,0,0,9,0,0,0,0
2001,510656,2,1,0,0,0,9,0,0,11,0,0,0
2001,510657,1,1,15,15,15,15,15,15,15,15,15,15
2001,510658,1,1,0,0,0,0,0,0,0,0,0,0
2001,510659,1,1,0,0,0,0,0,0,0,0,0,0
2001,510659,2,1,0,0,0,0,0,0,0,0,0,0
2001,510660,1,1,0,0,0,0,0,0,0,0,0,0
2001,510660,2,1,0,0,0,0,0,0,0,0,0,0
2001,510661,1,1,0,0,0,0,0,0,0,0,0,0
2001,510661,2,1,12,4,12,14,12,12,0,0,11,8
2001,510662,1,1,0,0,0,0,0,0,0,0,0,0
2001,510662,2,1,0,0,0,0,0,0,0,0,0,0
2001,510663,1,1,2,2,2,2,2,2,2,2,2,2
2001,510664,0,1,0,0,0,0,0,0,0,0,0,0
2001,510664,1,1,0,0,0,0,0,0,0,0,0,0
2001,510665,1,1,0,0,0,0,0,0,0,0,5,0
2001,510665,2,1,0,0,0,0,0,0,0,0,0,0
2001,510666,0,1,7,7,7,7,7,7,7,7,7,7
2001,510666,1,1,0,0,0,0,17,0,0,11,3,0
2001,510667,1,1,0,0,0,0,0,0,0,0,0,0
2001,510667,2,1,0,0,0,0,0,0,0,0,0,0
2001,510667,3,1,0,0,0,0,0,0,0,0,0,0
2001,510667,4,1,0,0,0,0,0,0,0,0,0,0
2001,510668,1,1,0,0,0,0,0,0,0,0,0,0
2001,510668,2,1,0,0,0,0,0,0,0,0,0,0
2001,510669,1,1,0,0,0,0,0,0,0,0,0,0
2001,510669,2,1,0,0,0,0,0,0,0,0,0,0
2001,510670,1,1,0,0,0,0,0,0,0,0,0,0
2001,510670,2,1,0,0,0,0,0,0,0,0,0,0
2001,510671,1,1,3,3,3,3,3,3,3,3,3,3
2001,510672,1,1,0,0,0,0,0,0,0,0,0,0
2001,510673,1,2,0,0,0,0,0,0,0,0,0,0
2001,510674,1,1,19,19,19,19,19,19,19,19,19,19
2001,510675,1,1,18,18,18,18,18,18,18,18,18,18
2001,510676,1,1,0,0,0,0,0,0,0,0,0,0
2001,510677,1,1,16,16,16,16,16,16,16,16,16,16
2001,510677,2,1,0,0,0,0,0,0,0,0,0,0
2001,510678,0,1,15,15,15,15,15,15,15,15,15,15
2001,510678,1,1,11,22,7,25,9,7,14,12,30,0
2001,510679,1,1,3,3,3,3,3,3,3,3,3,3
2001,510680,1,1,0,9,20,15,29,33,15,15,21,33
2001,510681,1,1,0,0,0,0,0,0,0,0,0,0
2001,510681,2,1,0,0,0,0,0,0,0,0,0,0
2001,510682,1,1,0,0,0,0,0,0,0,0,0,0
2001,510682,2,1,0,0,0,0,0,0,0,0,0,0
2001,510683,1,1,0,0,0,0,0,19,0,8,14,0
2001,510684,1,1,0,0,0,0,0,0,0,0,0,0
2001,510684,2,1,0,0,0,0,0,0,0,0,0,0
2001,510685,1,1,13,13,7,19,15,22,11,14,18,23
2001,510686,0,1,0,0,14,0,23,13,25,25,22,0
2001,510686,1,1,0,0,0,0,0,0,0,0,0,0
2001,510687,1,1,0,0,0,0,0,0,0,0,0,0
2001,510687,2,1,0,0,0,0,0,0,0,0,0,0
2001,510688,1,1,0,0,0,0,0,0,0,0,0,0
2001,510688,2,1,0,0,0,0,18,0,0,0,0,0
2001,510689,1,1,14,36,19,34,36,10,11,23,18,0
2001,510690,1,1,0,0,0,0,0,0,0,9,17,0
2001,510692,1,1,9,9,9,9,9,9,9,9,9,9
2001,510694,0,1,0,0,0,0,0,0,0,0,0,0
2001,510694,1,1,0,0,0,0,0,0,0,0,0,0
2001,510695,1,1,19,9,9,13,10,2,9,12,6,7
2001,510695,2,1,0,0,0,0,0,0,0,0,0,0
2001,510696,1,1,0,0,0,0,0,0,0,0,0,0
2001,510697,1,1,0,0,0,0,0,0,0,0,0,0
2001,510697,2,1,0,0,0,0,0,0,0,0,0,0
2001,510698,1,1,0,0,0,0,0,0,0,0,0,0
2001,510699,1,1,0,0,0,0,0,0,0,0,0,0
2001,510700,1,1,12,7,22,17,0,14,24,19,10,23
2001,510700,2,1,0,0,0,16,0,0,0,0,0,32
2001,510701,1,1,0,11,0,23,8,20,9,8,0,0
2001,510702,1,1,17,17,17,17,17,17,17,17,17,17
2001,510703,1,1,0,0,0,0,0,0,0,0,0,0
2001,510703,2,1,0,0,0,0,0,0,0,0,0,0
2001,510703,3,1,0,0,0,0,0,0,0,0,0,0
2001,510704,1,1,0,0,0,0,0,0,0,0,0,0
2001,510704,2,1,0,0,0,0,0,0,0,0,0,0
2001,510705,1,1,18,18,18,18,18,18,18,18,18,18
2001,510706,0,1,0,0,0,0,0,0,0,0,0,0
2001,510706,1,1,0,0,0,0,0,23,0,0,0,0
2001,510707,0,1,0,0,0,0,0,0,0,0,0,0
2001,510707,1,1,0,0,0,0,0,0,0,0,0,0
2001,510708,1,1,19,19,19,19,19,19,19,19,19,19
2001,510709,0,1,0,27,0,0,0,16,0,0,0,16
2001,510709,1,1,0,0,0,0,0,0,0,0,0,0
2001,510710,1,1,0,0,0,0,0,0,0,0,0,0
2001,510710,2,1,0,0,0,0,0,0,0,0,0,0
2001,510710,3,1,0,6,0,0,0,0,0,0,0,0
2001,510711,0,1,5,5,5,5,5,5,5,5,5,5
2001,510711,1,1,5,5,5,5,5,5,5,5,5,5
2001,510712,0,1,0,0,0,0,0,0,0,0,0,0
2001,510712,1,1,0,0,0,0,0,0,0,0,0,0
2001,510713,1,1,0,0,0,0,0,0,0,0,0,0
2001,510713,2,1,0,0,0,0,0,0,0,0,0,0
2001,510714,1,1,0,0,2,0,0,0,0,3,6,12
2001,510714,2,1,19,19,19,19,19,19,19,19,19,19
2001,510715,1,1,0,0,0,0,0,0,0,0,0,0
2001,510716,1,1,0,0,0,0,0,0,0,0,0,0
2001,510716,2,1,0,0,0,0,0,0,30,22,0,0
2001,510717,1,1,0,0,0,0,0,0,0,0,0,0
2001,510718,1,1,0,0,0,0,0,0,0,0,0,0
2001,510719,1,1,21,21,21,21,21,21,21,21,21,21
2001,510720,1,1,0,0,0,0,0,25,0,0,0,0
2001,510721,0,1,0,0,0,0,0,0,0,0,0,0
2001,510722,1,1,8,21,15,28,23,38,14,22,25,29
2001,510723,0,1,0,0,0,0,0,0,0,0,0,0
2001,510723,0,2,0,0,0,0,0,0,28,0,0,0
2001,510723,1,1,0,0,0,0,0,0,0,0,0,0
2001,510724,1,1,11,0,6,20,27,30,2,8,28,18
2001,510725,1,1,0,0,0,0,0,0,0,0,0,0
2001,510725,2,1,0,0,0,0,0,0,0,0,0,0
2001,510726,1,1,0,0,0,0,0,0,0,0,0,0
2001,510727,1,1,14,23,0,8,27,23,14,0,15,15
2001,510727,2,1,0,0,0,0,0,0,0,0,0,0
2001,510727,3,1,0,0,0,0,0,0,0,0,0,0
2001,510728,1,1,0,0,0,0,0,0,0,0,0,0
2001,510729,0,1,34,34,34,34,34,34,34,34,34,34
2001,510729,1,1,0,0,0,0,0,0,0,0,0,0
2001,510730,1,1,0,0,0,0,0,0,0,0,0,0
2001,510731,1,1,0,0,0,0,0,0,0,0,0,0
2001,510731,2,1,0,0,0,0,0,0,0,0,0,0
2001,510731,3,1,0,0,0,0,0,0,0,0,0,0
2001,510732,1,1,0,0,0,0,0,0,0,0,0,0
2001,510733,1,1,5,13,10,10,0,15,3,14,20,10
2001,510734,0,1,20,20,20,20,20,20,20,20,20,20
2001,510734,1,1,10,15,14,16,5,16,3,14,13,14
2001,510735,1,1,0,0,0,0,0,0,0,0,0,0
2001,510735,2,1,18,18,18,18,18,18,18,18,18,18
2001,510736,1,1,0,0,0,0,0,0,0,0,0,0
2001,510736,2,1,0,0,0,0,0,0,0,0,0,0
2001,510737,1,1,24,24,24,24,24,24,24,24,24,24
2001,510738,1,1,14,14,14,14,14,14,14,14,14,14
2001,510739,1,1,0,18,27,18,0,0,0,0,13,0
2001,510740,1,1,12,9,15,7,12,6,13,15,7,4
2001,510740,2,1,0,0,0,0,0,0,0,0,0,0
2001,510741,1,1,2,2,2,2,2,2,2,2,2,2
2001,510742,1,1,0,22,0,0,12,0,0,5,14,0
2001,510742,2,1,0,0,0,0,0,0,0,0,0,0
2001,510743,1,1,0,0,0,0,0,0,0,0,0,0
2001,510743,2,1,0,0,0,0,0,0,0,0,0,0
2001,510744,1,1,0,0,0,0,0,0,0,0,0,0
2001,510745,1,1,0,3,0,0,0,14,0,18,4,0
2001,510745,2,1,5,1,15,17,11,0,23,33,13,12
2001,510746,1,1,3,8,0,10,0,0,16,7,0,16
2001,510746,2,1,0,0,0,0,0,0,0,0,0,0
2001,510747,1,1,0,0,0,0,0,0,0,0,0,0
2001,510747,2,1,0,0,0,0,0,0,0,0,0,0
2001,510748,1,1,5,5,5,5,5,5,5,5,5,5
2001,510749,1,1,16,16,16,16,16,16,16,16,16,16
2001,510750,1,1,22,0,14,16,0,0,0,0,0,0
2001,510751,1,1,0,0,0,0,0,0,0,0,0,0
2001,510752,0,1,1,1,1,1,1,1,1,1,1,1
2001,510752,1,1,0,0,17,0,0,0,0,0,0,0
2001,510753,1,1,18,18,18,18,18,18,18,18,18,18
2001,510754,1,1,19,21,20,20,17,12,38,11,31,30
2001,510755,1,1,0,0,0,0,0,0,0,0,0,0
2001,510755,2,1,0,0,0,0,0,0,0,0,0,0
2001,510755,3,1,0,0,0,0,0,0,0,0,0,0
2001,510755,4,1,0,0,0,0,0,0,0,12,0,0
2001,510756,1,1,21,21,21,21,21,21,21,21,21,21
2001,510757,1,1,0,0,0,0,0,0,0,0,0,24
2001,510758,1,1,0,0,0,0,0,0,0,0,0,0
2001,510759,1,1,12,12,12,12,12,12,12,12,12,12
2001,510760,1,1,29,29,29,29,29,29,29,29,29,29
2001,510761,1,1,0,0,0,0,0,0,0,0,0,0
2001,510762,0,1,17,17,17,17,17,17,17,17,17,17
2001,510762,1,1,0,0,0,0,0,0,0,0,0,0
2001,510763,0,1,3,3,3,3,3,3,3,3,3,3
2001,510763,1,1,0,0,0,0,0,0,0,0,0,0
2001,510764,0,1,16,16,16,16,16,16,16,16,16,16
2001,510764,1,1,0,0,0,0,0,0,0,0,0,0
2001,510765,1,1,0,0,0,0,0,0,0,0,0,0
2001,510765,2,1,0,0,0,0,0,0,0,0,0,0
2001,510766,1,1,0,0,0,0,0,0,0,0,0,0
2001,510766,2,1,0,0,0,0,0,0,0,0,0,0
2001,510767,1,1,0,0,0,0,0,0,0,0,0,0
2001,510768,1,1,0,0,0,0,0,0,0,0,0,0
2001,510768,2,1,0,0,0,0,0,0,0,0,0,0
2001,510769,0,1,0,0,0,0,0,0,0,0,0,0
2001,510769,1,1,0,0,0,0,0,0,0,0,0,0
2001,510770,1,1,0,0,0,0,0,0,0,0,0,0
2001,510770,2,1,0,0,0,0,0,0,0,0,0,0
2001,510771,1,1,0,0,0,0,0,0,0,0,0,0
2001,510772,1,1,3,3,3,3,3,3,3,3,3,3
2001,510773,1,1,0,0,0,0,0,0,0,0,0,0
2001,510774,1,1,0,0,0,0,0,0,0,0,0,0
2001,510775,1,1,0,0,0,0,0,0,0,0,0,0
2001,510776,1,1,0,0,0,0,0,0,0,0,0,0
2001,510776,2,1,0,0,0,0,0,0,0,0,0,0
2001,510777,1,1,21,21,18,24,10,12,16,21,18,12
2001,510778,1,1,0,0,0,0,0,0,0,0,0,0
2001,510779,1,1,0,0,0,0,0,0,0,0,0,0
2001,510780,0,1,0,0,0,0,0,0,0,0,0,0
2001,510780,1,1,0,0,0,0,9,0,0,0,0,0
2001,510781,1,1,0,0,0,0,0,0,0,0,0,0
2001,510782,1,1,0,0,0,0,0,0,0,0,0,0
2001,510783,1,1,0,0,8,14,14,0,27,27,0,30
2001,510784,1,1,0,0,0,0,0,0,0,0,0,0
2001,510784,2,1,33,13,0,21,22,25,9,21,0,29
2001,510785,1,1,0,0,0,0,0,0,0,9,0,0
2001,510786,1,1,0,6,0,0,0,0,0,0,0,0
2001,510786,2,1,0,0,0,0,0,0,0,0,0,0
2001,510787,1,1,16,16,16,16,16,16,16,16,16,16
2001,510788,1,1,0,0,0,0,0,0,0,0,0,0
2001,510788,2,1,0,0,0,0,0,0,0,0,0,0
2001,510789,1,1,0,0,0,0,0,0,0,0,0,0
2001,510789,2,1,10,18,15,12,12,18,13,0,16,19
2001,510790,1,1,10,5,2,30,0,0,0,11,15,0
2001,510791,1,1,7,7,7,7,7,7,7,7,7,7
2001,510792,1,1,0,13,0,12,10,8,0,0,0,0
2001,510793,1,1,14,5,16,9,13,10,16,15,9,0
2001,510793,2,1,19,6,22,8,4,16,14,14,10,12
2001,510794,1,1,0,0,0,0,0,0,0,0,44,0
2001,510794,2,1,0,0,0,0,0,0,0,0,0,0
2001,510794,3,1,0,0,0,0,0,0,0,0,0,0
2001,510794,4,1,0,0,0,0,0,0,0,31,0,0
2001,510794,5,1,0,0,0,0,0,0,0,0,0,0
2001,510795,1,1,0,0,0,0,0,0,0,0,0,0
2001,510795,2,1,0,0,0,0,0,0,0,0,0,0
2001,510795,3,1,0,0,0,0,0,0,0,0,0,0
2001,510796,1,1,0,0,0,0,0,0,0,0,0,0
2001,510796,2,1,0,0,8,0,0,0,0,22,0,0
2001,510797,1,1,0,15,0,8,0,0,7,0,5,13
2001,510797,2,1,0,0,0,0,0,0,0,0,0,0
2001,510798,1,1,0,0,0,0,0,0,0,0,0,0
2001,510798,2,1,0,0,0,0,0,0,0,0,0,0
2001,510798,3,1,0,0,0,0,0,0,0,0,0,0
2001,510799,1,1,0,0,0,0,0,0,0,0,0,0
2001,510800,0,1,0,29,21,0,0,0,10,20,18,0
2001,510800,1,1,0,0,0,0,0,0,11,9,12,11
2001,510801,0,1,0,0,0,0,0,0,0,0,0,0
2001,510801,1,1,0,0,0,0,0,0,0,0,0,0
2001,510802,1,1,0,0,0,0,0,0,0,0,0,0
2001,510802,2,1,0,0,0,0,0,14,0,0,0,0
2001,510803,1,1,0,0,0,0,0,0,0,0,0,0
2001,510804,1,1,0,0,0,0,0,0,0,0,0,0
2001,510804,2,1,0,0,0,19,0,0,0,0,10,0
2001,510805,1,1,0,0,0,0,0,0,0,0,0,0
2001,510806,1,1,0,7,0,0,0,24,0,0,0,0
2001,510806,2,1,0,0,0,0,0,0,0,0,0,0
2001,510807,1,1,0,0,0,0,0,0,0,0,0,0
2001,510807,2,1,0,0,0,0,0,0,0,0,0,0
2001,510808,1,1,0,0,0,0,0,0,0,0,0,0
2001,510808,2,1,0,0,0,14,0,11,0,0,0,0
2001,510809,1,1,0,0,0,0,0,0,0,0,0,0
2001,510810,1,1,0,0,0,0,0,0,0,0,0,0
2001,510811,1,1,0,0,0,0,0,0,14,0,0,0
2001,510812,1,1,0,0,0,0,0,0,0,0,0,0
2001,510812,2,1,0,0,0,0,0,0,0,0,0,0
2001,510813,1,1,0,0,0,0,0,0,0,0,0,0
2001,510813,2,1,0,0,0,6,0,0,0,0,18,0
2001,510813,3,1,0,0,0,0,0,0,0,0,0,0
2001,510814,0,1,0,0,0,0,0,0,0,0,0,0
2001,510814,1,1,0,0,0,0,0,0,0,0,0,0
2001,510815,1,1,0,0,0,0,0,0,0,0,0,0
2001,510816,1,1,0,0,0,0,0,9,0,0,0,0
2001,510816,2,1,0,0,0,0,0,0,0,0,0,0
2001,510816,3,1,0,0,0,0,0,0,0,0,0,0
2001,510817,1,1,0,0,0,20,0,0,0,11,0,0
2001,510817,2,1,0,0,0,0,0,0,0,0,0,0
2001,510818,1,1,0,0,0,0,0,0,0,0,0,0
2001,510818,2,1,0,0,0,0,0,0,0,0,0,0
2001,510819,0,1,27,27,27,27,27,27,27,27,27,27
2001,510819,1,1,22,12,13,18,19,14,10,0,15,13
2001,510820,0,1,0,0,0,0,0,0,0,0,0,0
2001,510820,1,1,0,0,0,0,0,0,0,0,0,0
2001,510821,1,1,0,0,0,0,0,0,0,0,0,0
2001,510822,1,1,17,17,17,17,17,17,17,17,17,17
2001,510823,0,1,0,0,0,0,0,0,0,0,0,0
2001,510823,1,1,0,0,0,0,0,0,0,0,0,0
2001,510824,1,1,12,0,13,9,13,0,3,23,15,16
2001,510825,1,1,0,0,0,8,0,0,5,0,0,0
2001,510826,1,1,0,0,0,0,0,0,0,0,0,0
2001,510827,1,1,17,17,17,17,17,17,17,17,17,17
2001,510828,0,1,0,0,0,0,0,0,0,0,0,0
2001,510828,1,1,0,0,0,0,0,0,0,0,0,0
2001,510829,1,1,0,0,0,0,0,0,0,0,0,0
2001,510830,1,1,0,0,0,0,0,0,0,0,0,0
2001,510830,2,1,0,0,0,0,0,0,0,0,0,0
2001,510831,1,1,13,13,13,13,13,13,13,13,13,13
2001,510832,1,1,0,0,0,0,0,0,0,0,0,0
2001,510832,2,1,0,0,0,0,0,0,0,0,0,0
2001,510833,1,1,0,0,0,0,0,0,0,0,0,0
2001,510834,0,1,0,0,0,0,0,0,0,0,0,13
2001,510834,1,1,12,0,8,8,26,0,0,11,0,0
2001,510835,0,1,0,0,0,0,0,0,0,0,0,0
2001,510835,1,1,0,8,0,0,0,0,0,0,0,0
2001,510836,1,1,0,0,0,0,0,0,0,0,0,0
2001,510836,2,1,0,0,0,0,0,0,13,0,0,0
2001,510837,1,1,0,0,0,0,0,0,0,0,0,0
2001,510837,2,1,0,0,0,0,0,0,0,0,0,0
2001,510838,1,1,0,0,0,0,0,0,0,0,0,0
2001,510838,2,1,0,0,0,0,0,0,0,0,0,0
2001,510839,1,1,0,0,0,0,8,0,0,0,0,0
2001,510840,1,1,0,0,0,0,0,0,0,0,0,0
2001,510840,2,1,39,39,39,39,39,39,39,39,39,39
2001,510841,1,1,17,13,9,19,13,7,8,13,18,9
2001,510841,2,1,0,0,0,0,0,0,0,0,0,0
2001,510842,1,1,0,0,0,0,0,0,0,0,0,0
2001,510843,1,1,0,0,0,0,0,0,0,0,0,0
2001,510843,2,1,0,0,0,0,0,0,0,0,0,0
2001,510844,1,1,0,0,0,0,0,0,0,0,0,0
2001,510844,2,1,0,3,0,0,0,0,0,0,0,0
2001,510845,1,1,0,0,0,0,4,0,0,0,0,0
2001,510846,1,1,17,17,17,17,17,17,17,17,17,17
2001,510846,2,1,7,0,0,0,0,0,0,0,0,0
2001,510847,1,1,0,0,0,0,0,0,0,0,0,0
2001,510848,0,1,0,0,0,0,0,0,0,0,0,0
2001,510848,1,1,0,0,0,0,0,0,0,0,0,0
2001,510849,0,1,0,0,0,0,0,0,0,0,0,0
2001,510849,1,1,0,0,0,0,0,0,0,0,0,0
2001,510850,0,1,0,0,0,0,0,0,0,0,0,0
2001,510850,1,1,0,0,22,0,0,0,0,0,0,0
2001,510851,1,1,14,9,12,5,0,8,6,0,0,12
2001,510851,2,1,0,0,0,12,0,0,0,0,0,0
2001,510852,1,1,3,4,12,14,10,0,11,16,19,10
2001,510852,2,1,0,0,0,0,0,0,0,0,0,0
2001,510853,0,1,0,0,0,0,0,0,0,0,0,0
2001,510853,1,1,0,0,0,0,0,0,0,0,0,0
2001,510854,1,1,0,0,0,0,0,0,0,0,0,0
2001,510854,2,1,0,0,0,0,0,0,0,0,0,0
2001,510854,3,1,0,0,0,0,0,0,0,0,0,0
2001,510855,1,1,0,11,0,3,0,0,0,0,0,23
2001,510855,2,1,0,0,8,0,0,0,0,0,0,0
2001,510856,0,1,0,17,35,17,0,0,0,35,13,14
2001,510856,1,1,0,0,4,16,10,13,17,27,10,10
2001,510857,1,1,0,14,0,0,0,0,0,0,0,0
2001,510857,2,1,0,0,0,0,0,0,0,0,0,0
2001,510858,1,1,6,21,16,22,19,41,24,23,14,26
2001,510859,1,1,0,0,0,0,0,0,0,0,0,0
2001,510859,2,1,0,0,0,0,0,17,0,0,0,0
2001,510860,1,1,0,0,0,0,0,0,0,0,0,0
2001,530001,1,1,21,21,21,21,21,21,21,21,21,21
2001,530002,1,1,0,0,0,0,0,0,0,0,0,0
2001,530002,2,1,0,0,0,0,0,0,0,0,0,0
2001,530002,3,1,0,0,0,0,0,0,0,0,0,0
2001,530002,4,1,0,0,0,0,0,0,0,0,0,0
2001,530003,1,1,0,0,0,0,0,0,0,0,0,0
2001,530003,2,1,0,0,0,0,0,0,0,0,4,0
2001,530004,1,1,20,20,20,20,20,20,20,20,20,20
2001,530005,0,1,25,25,25,25,25,25,25,25,25,25
2001,530005,1,1,6,0,0,0,0,0,0,20,0,6
2001,530006,1,1,0,0,0,0,0,0,0,0,0,0
2001,530006,2,1,0,0,0,0,0,0,0,0,0,0
2001,530007,1,1,2,2,2,2,2,2,2,2,2,2
2001,530008,1,1,0,0,0,0,0,6,14,0,0,0
2001,530008,2,1,0,0,0,0,0,0,0,0,0,0
2001,530009,1,1,20,20,20,20,20,20,20,20,20,20
2001,530010,1,1,0,0,0,0,0,0,0,0,0,0
2001,530010,2,1,0,0,0,0,0,0,0,0,0,0
2001,530011,0,1,0,0,0,0,0,0,0,0,0,0
2001,530011,1,1,0,29,0,0,0,0,0,0,0,0
2001,530013,0,1,0,0,0,0,0,0,0,0,0,0
2001,530013,1,1,0,0,0,0,0,0,0,0,0,0
2001,530014,0,1,0,0,0,0,0,0,0,0,0,0
2001,530014,1,1,0,0,0,0,0,0,0,0,0,0
2001,530015,1,1,0,0,0,0,0,0,0,0,0,0
2001,530015,2,1,0,0,0,0,0,0,0,0,0,0
2001,530016,1,1,0,0,0,0,0,0,0,0,0,0
2001,530016,2,1,0,0,5,0,0,0,0,0,0,0
2001,530017,1,1,0,0,0,0,0,0,0,0,0,0
2001,530018,1,1,0,0,0,0,0,0,0,0,0,0
2001,530018,2,1,0,0,0,0,0,0,0,0,0,0
2001,530019,1,1,20,20,20,20,20,20,20,20,20,20
2001,530020,1,1,0,0,0,0,0,0,0,0,0,0
2001,530020,2,1,0,0,0,0,0,0,0,0,0,0
2001,530021,1,1,9,0,0,0,21,23,0,0,0,0
2001,530022,1,1,20,20,20,20,20,20,20,20,20,20
2001,530022,2,1,0,0,0,0,0,0,0,0,0,0
2001,530023,0,1,0,0,0,0,0,0,0,0,0,0
2001,530023,1,1,0,0,0,0,0,0,0,0,0,0
2001,530024,1,1,0,0,0,0,0,0,0,0,0,0
2001,530025,1,1,0,0,0,0,0,0,0,0,0,0