YEAR,st_case,veh_no,per_no,P1,P2,P3,P4,P5,P6,P7,P8,P9,P10
2001,60543,0,1,25,25,25,25,25,25,25,25,25,25
2001,60543,1,1,0,0,0,0,0,0,0,0,0,5
2001,60544,1,1,0,0,0,0,12,0,0,0,0,0
2001,60544,2,1,0,13,0,31,18,0,0,0,0,0
2001,60545,1,1,0,0,0,0,0,0,0,0,0,0
2001,60545,2,1,0,0,0,0,0,0,0,0,0,0
2001,60546,1,1,0,10,0,0,0,0,0,0,0,4
2001,60546,2,1,23,23,23,23,23,23,23,23,23,23
2001,60546,3,1,0,0,0,0,0,0,0,0,0,0
2001,60546,4,1,0,0,0,0,0,0,0,0,0,0
2001,60547,1,1,0,0,0,0,0,0,0,0,0,0
2001,60548,1,1,0,0,0,0,0,0,0,0,0,0
2001,60548,2,1,0,0,0,0,0,0,0,0,0,14
2001,60549,1,1,0,0,0,0,0,0,0,0,0,0
2001,60549,2,1,0,0,0,5,0,0,0,0,0,0
2001,60549,3,1,0,0,0,0,0,0,0,0,0,0
2001,60550,1,1,0,0,0,0,0,0,0,0,0,0
2001,60551,1,1,0,0,0,0,0,0,0,0,29,0
2001,60551,2,1,0,0,0,0,0,0,0,0,0,0
2001,60552,1,1,0,0,0,0,0,0,0,0,0,0
2001,60552,2,1,0,0,0,0,0,0,0,0,0,0
2001,60553,1,1,0,0,0,0,0,0,0,0,0,0
2001,60553,2,1,0,0,0,0,0,0,0,0,0,0
2001,60554,1,1,0,0,0,0,0,0,0,0,0,0
2001,60554,2,1,0,0,0,0,0,0,0,0,0,0
2001,60555,1,1,0,0,0,0,0,0,0,0,0,0
2001,60556,0,1,0,0,0,0,0,0,0,0,0,0
2001,60556,1,1,0,0,0,0,0,0,0,0,0,0
2001,60557,0,1,0,0,0,0,0,0,0,0,0,8
2001,60557,1,1,0,0,0,0,0,0,0,0,0,0
2001,60558,0,1,20,20,20,20,20,20,20,20,20,20
2001,60558,1,1,0,0,0,0,0,0,0,0,0,0
2001,60559,1,1,0,0,0,0,0,0,0,0,0,0
2001,60559,2,1,0,0,0,0,0,0,0,0,0,0
2001,60560,1,1,0,0,0,0,0,0,0,0,0,0
2001,60561,1,1,0,0,6,0,0,0,0,0,0,0
2001,60561,2,1,0,0,0,0,0,0,0,0,0,0
2001,60562,1,1,0,0,0,0,0,0,0,0,0,0
2001,60562,2,1,0,0,0,0,23,0,0,0,0,0
2001,60563,0,1,13,13,13,13,13,13,13,13,13,13
2001,60563,1,1,1,1,1,1,1,1,1,1,1,1
2001,60564,0,1,0,0,0,0,0,0,0,0,0,0
2001,60564,1,1,0,0,0,0,0,0,0,0,0,0
2001,60565,0,1,0,0,0,0,0,0,0,0,0,0
2001,60565,1,1,16,16,16,16,16,16,16,16,16,16
2001,60566,1,1,16,16,16,16,16,16,16,16,16,16
2001,60567,1,1,0,0,0,0,0,0,0,0,0,0
2001,60568,1,1,0,0,0,0,0,0,0,0,0,0
2001,60569,1,1,18,18,18,18,18,18,18,18,18,18
2001,60570,1,1,12,12,12,12,12,12,12,12,12,12
2001,60571,0,1,30,9,22,27,44,0,13,0,31,22
2001,60571,1,1,6,20,0,9,0,7,0,0,0,0
2001,60572,0,1,26,26,26,26,26,26,26,26,26,26
2001,60572,1,1,0,16,0,0,0,0,0,0,0,0
2001,60573,1,1,0,0,0,0,0,0,0,0,0,0
2001,60573,2,1,0,0,0,0,0,0,0,0,0,0
2001,60573,3,1,0,0,0,0,0,0,0,0,0,0
2001,60574,1,1,0,0,0,0,0,0,0,0,0,0
2001,60575,1,1,0,15,0,0,0,0,10,14,0,17
2001,60575,2,1,0,0,0,0,0,0,0,0,0,0
2001,60576,0,1,22,22,22,22,22,22,22,22,22,22
2001,60576,1,1,0,0,0,0,0,0,0,0,0,0
2001,60577,1,1,2,2,2,2,2,2,2,2,2,2
2001,60578,1,1,0,0,0,0,0,0,0,0,0,0
2001,60579,0,1,0,0,0,0,0,0,0,0,0,0
2001,60579,1,1,0,0,0,0,0,0,0,0,0,0
2001,60580,1,1,0,0,0,0,0,0,0,0,0,0
2001,60580,2,1,0,0,0,0,0,0,0,0,0,0
2001,60581,1,1,0,0,0,0,0,0,0,0,0,0
2001,60582,0,1,19,19,19,19,19,19,19,19,19,19
2001,60582,1,1,28,6,0,0,0,0,13,0,0,0
2001,60583,1,1,0,0,0,0,0,0,0,0,0,0
2001,60584,1,1,0,0,0,0,0,0,0,0,0,0
2001,60585,0,1,0,0,0,0,0,0,0,0,0,0
2001,60585,1,1,0,0,0,0,0,0,0,0,0,0
2001,60586,1,1,0,0,0,0,0,0,0,0,0,0
2001,60586,2,1,0,0,0,0,0,0,0,0,0,0
2001,60587,1,1,0,0,0,0,0,0,0,0,0,0
2001,60587,2,1,0,0,0,0,0,0,0,0,0,0
2001,60588,1,1,0,0,0,0,0,0,0,0,0,0
2001,60589,0,1,0,0,0,0,0,0,0,0,0,0
2001,60589,1,1,0,0,2,0,0,0,0,0,0,12
2001,60590,1,1,60,0,0,0,0,16,0,18,7,12
2001,60591,1,1,0,0,0,0,0,0,0,0,0,0
2001,60591,2,1,0,23,0,0,0,0,0,0,0,0
2001,60592,1,1,0,0,0,0,0,0,0,9,0,0
2001,60593,0,1,0,0,0,0,0,0,0,0,0,0
2001,60593,1,1,0,0,0,0,0,0,0,0,0,0
2001,60594,0,1,0,0,0,0,0,0,0,0,0,0
2001,60594,1,1,0,0,0,0,0,0,0,0,0,0
2001,60595,1,1,0,0,0,0,0,0,0,0,0,2
2001,60595,2,1,0,0,0,0,0,17,0,0,0,0
2001,60596,1,1,0,0,0,0,0,0,0,0,0,0
2001,60596,2,1,0,0,0,0,0,7,0,0,0,0
2001,60597,0,1,21,21,21,21,21,21,21,21,21,21
2001,60597,1,1,0,0,0,0,0,0,0,0,0,0
2001,60598,1,1,0,0,0,0,0,0,0,0,0,0
2001,60598,2,1,0,0,0,0,0,0,0,0,0,0
2001,60599,0,1,0,0,0,0,0,0,0,0,0,0
2001,60599,1,1,0,0,0,13,16,0,17,0,0,0
2001,60600,1,1,0,7,0,0,0,0,0,0,0,0
2001,60600,2,1,0,0,0,0,0,0,0,0,0,0
2001,60601,1,1,0,0,0,0,0,0,0,0,0,0
2001,60601,2,1,0,0,0,0,0,0,0,0,0,0
2001,60602,1,1,10,0,7,0,10,9,3,0,12,8
2001,60602,2,1,0,0,0,0,0,0,0,0,0,0
2001,60603,1,1,0,0,0,0,0,0,0,0,0,0
2001,60604,0,1,8,8,8,8,8,8,8,8,8,8
2001,60604,1,1,0,0,13,14,27,0,5,0,20,0
2001,60605,1,1,6,6,6,6,6,6,6,6,6,6
2001,60606,1,1,0,0,0,0,0,0,0,0,0,0
2001,60607,1,1,0,0,0,0,0,0,0,0,0,0
2001,60607,2,1,0,0,0,0,0,0,0,0,0,0
2001,60608,1,1,0,0,0,0,0,0,0,0,0,0
2001,60608,2,1,2,2,2,2,2,2,2,2,2,2
2001,60609,0,1,23,23,23,23,23,23,23,23,23,23
2001,60609,1,1,0,0,0,0,0,0,0,0,0,0
2001,60610,1,1,11,11,11,11,11,11,11,11,11,11
2001,60611,1,1,0,0,0,0,0,0,0,0,0,0
2001,60611,2,1,0,0,0,0,0,0,0,0,0,0
2001,60612,0,1,0,0,0,0,0,0,0,0,2,0
2001,60612,1,1,0,0,0,0,0,0,0,0,0,0
2001,60613,1,1,18,18,18,18,18,18,18,18,18,18
2001,60613,2,1,0,0,0,0,0,0,0,0,0,0
2001,60614,1,1,0,0,0,0,0,0,0,0,0,0
2001,60615,1,1,0,0,0,0,0,0,0,0,0,0
2001,60615,2,1,0,0,0,0,0,0,0,0,0,0
2001,60615,3,1,0,0,0,0,0,0,0,0,0,0
2001,60615,4,1,0,0,0,0,0,0,0,0,0,0
2001,60615,5,1,0,0,0,0,0,0,0,0,0,0
2001,60616,0,1,0,0,0,0,0,0,0,0,0,0
2001,60616,1,1,0,0,0,0,0,0,0,0,0,0
2001,60617,1,1,0,0,0,0,0,0,0,0,0,0
2001,60617,2,1,0,0,0,0,0,0,0,0,0,0
2001,60618,1,1,16,16,16,16,16,16,16,16,16,16
2001,60619,0,1,0,0,0,0,0,0,0,0,0,0
2001,60619,1,1,0,9,7,19,0,26,0,0,0,0
2001,60620,0,1,0,0,0,0,0,0,0,0,0,0
2001,60620,1,1,7,9,0,0,0,0,0,19,12,0
2001,60621,0,1,28,28,28,28,28,28,28,28,28,28
2001,60621,1,1,0,8,0,0,0,0,0,0,17,0
2001,60622,1,1,17,17,17,17,17,17,17,17,17,17
2001,60622,2,1,0,0,0,0,0,0,0,0,0,0
2001,60623,1,1,0,0,0,0,0,0,0,0,0,0
2001,60623,2,1,0,0,0,0,0,0,0,0,0,0
2001,60623,3,1,0,0,0,0,0,0,0,16,0,0
2001,60624,1,1,6,6,6,6,6,6,6,6,6,6
2001,60625,1,1,0,0,0,0,0,0,0,0,0,0
2001,60626,1,1,9,9,9,9,9,9,9,9,9,9
2001,60627,0,1,0,0,0,0,0,0,0,0,0,0
2001,60627,1,1,0,0,0,0,0,0,0,10,0,12
2001,60628,1,1,3,3,3,3,3,3,3,3,3,3
2001,60629,1,1,0,0,0,0,0,0,0,0,0,0
2001,60630,1,1,0,0,0,0,0,0,0,0,0,0
2001,60630,2,1,0,0,0,0,0,0,0,0,0,0
2001,60631,0,1,0,0,0,0,0,0,0,0,0,0
2001,60631,1,1,0,0,0,0,0,0,0,0,0,0
2001,60632,1,1,0,0,0,0,0,0,0,0,0,0
2001,60633,1,1,0,0,0,0,0,0,0,0,0,0
2001,60634,1,1,0,0,0,0,0,0,0,0,0,0
2001,60635,0,1,0,0,0,0,0,0,0,0,0,0
2001,60635,1,1,0,0,20,0,0,0,0,0,0,0
2001,60636,1,1,6,6,6,6,6,6,6,6,6,6
2001,60637,1,1,0,0,0,0,0,0,0,0,0,0
2001,60638,1,1,0,0,0,0,0,0,0,0,0,0
2001,60639,0,1,0,0,0,0,0,0,0,0,0,0
2001,60639,0,2,0,0,0,10,0,0,9,0,0,0
2001,60639,1,1,0,0,0,0,0,0,0,0,0,0
2001,60640,1,1,17,17,17,17,17,17,17,17,17,17
2001,60640,2,1,0,0,0,0,0,0,0,0,16,0
2001,60640,3,1,0,0,0,0,0,0,0,0,0,0
2001,60640,4,1,0,0,0,0,0,0,0,10,0,0
2001,60641,1,1,0,0,0,0,0,0,0,0,0,0
2001,60642,1,1,0,0,0,0,0,0,0,0,0,0
2001,60643,1,1,0,0,0,0,0,0,0,0,0,0
2001,60644,1,1,15,15,15,15,15,15,15,15,15,15
2001,60645,1,1,0,0,0,0,0,0,0,0,0,0
2001,60646,1,1,8,0,0,0,0,0,0,0,0,0
2001,60647,1,1,0,0,0,0,0,0,0,0,0,0
2001,60647,2,1,0,0,0,0,0,0,0,0,0,0
2001,60648,0,1,0,0,0,0,0,0,0,0,0,0
2001,60648,1,1,0,0,0,0,0,0,0,0,0,0
2001,60649,1,1,0,0,0,0,0,0,0,0,0,0
2001,60649,2,1,0,0,0,0,0,0,0,0,0,0
2001,60650,1,1,0,0,0,0,0,0,0,0,0,0
2001,60651,1,1,29,29,29,29,29,29,29,29,29,29
2001,60652,1,1,0,0,0,0,0,0,0,0,0,0
2001,60653,0,1,0,0,0,0,0,0,0,0,0,0
2001,60653,1,1,0,0,0,0,0,0,0,0,0,0
2001,60654,0,1,0,0,0,0,0,0,0,0,0,0
2001,60654,0,2,0,0,0,0,0,0,0,0,0,0
2001,60654,1,1,0,0,0,0,11,27,0,0,29,0
2001,60654,2,1,0,0,0,0,0,0,0,0,0,0
2001,60655,1,1,0,11,0,0,0,0,0,0,0,0
2001,60656,1,1,0,0,0,0,0,0,0,0,0,0
2001,60656,2,1,0,0,0,0,0,0,0,0,0,0
2001,60657,0,1,0,0,0,0,0,0,0,0,0,0
2001,60657,1,1,0,0,0,0,21,0,0,0,0,0
2001,60658,1,1,9,9,9,9,9,9,9,9,9,9
2001,60659,1,1,0,0,0,0,0,0,0,0,0,0
2001,60659,2,1,0,0,0,0,0,0,0,0,0,0
2001,60660,1,1,0,0,0,0,0,0,0,0,0,0
2001,60661,1,1,0,0,0,0,0,0,9,0,0,0
2001,60662,1,1,0,0,0,0,0,0,0,0,0,0
2001,60662,2,1,0,0,0,0,0,0,0,7,0,0
2001,60662,3,1,0,0,0,0,0,0,0,0,0,0
2001,60662,4,1,0,0,0,0,0,0,26,0,0,0
2001,60663,0,1,10,10,10,10,10,10,10,10,10,10
2001,60663,0,2,4,14,0,24,40,36,12,0,16,28
2001,60663,1,1,7,0,0,10,0,29,20,16,6,0
2001,60664,1,1,0,0,0,0,0,0,0,0,0,0
2001,60665,0,1,0,0,0,0,0,0,0,0,0,0
2001,60665,1,1,0,0,0,0,0,0,0,0,0,0
2001,60666,1,1,0,0,0,0,0,0,0,0,0,0
2001,60667,1,1,0,0,0,0,0,0,0,0,0,0
2001,60668,1,1,11,0,0,0,0,0,0,0,0,0
2001,60668,2,1,0,0,0,0,0,0,0,0,0,0
2001,60669,1,1,0,0,0,0,0,0,0,0,0,0
2001,60669,2,1,0,0,0,0,0,0,13,0,0,0
2001,60669,3,1,27,16,4,16,14,3,16,11,6,0
2001,60670,1,1,5,5,5,5,5,5,5,5,5,5
2001,60671,1,1,0,0,0,0,0,0,0,0,0,0
2001,60672,0,1,0,0,0,0,0,0,0,0,0,0
2001,60672,1,1,14,14,14,14,14,14,14,14,14,14
2001,60673,0,1,25,25,25,25,25,25,25,25,25,25
2001,60673,1,1,0,0,0,0,0,0,0,0,0,0
2001,60674,1,1,0,0,0,0,0,0,0,0,0,0
2001,60674,2,1,0,0,0,0,0,12,5,0,0,0
2001,60675,1,1,0,0,0,0,0,0,0,0,0,0
2001,60675,2,1,0,0,0,0,0,0,0,0,0,0
2001,60676,1,1,0,0,0,0,0,0,0,0,0,0
2001,60677,1,1,23,23,23,23,23,23,23,23,23,23
2001,60677,2,1,7,8,24,5,11,10,18,12,15,14
2001,60677,3,1,0,0,0,0,0,0,0,0,0,24
2001,60677,4,1,0,0,0,0,0,0,0,0,0,0
2001,60677,5,1,0,0,0,0,0,0,0,0,0,0
2001,60678,1,1,0,0,0,0,0,0,0,0,0,0
2001,60678,2,1,0,0,0,0,0,0,0,0,0,0
2001,60679,0,1,0,0,0,0,0,0,0,0,0,0
2001,60679,1,1,0,0,0,0,0,0,0,0,0,0
2001,60680,0,1,0,0,0,0,0,0,0,0,0,0
2001,60680,1,1,0,0,0,0,0,0,0,0,7,0
2001,60680,2,1,0,0,0,0,0,0,0,0,0,0
2001,60681,1,1,18,18,18,18,18,18,18,18,18,18
2001,60682,1,1,0,0,0,0,0,0,0,0,0,0
2001,60682,2,1,0,0,14,0,0,0,0,0,0,12
2001,60683,1,1,25,25,25,25,25,25,25,25,25,25
2001,60683,2,1,0,0,0,0,0,0,0,0,0,0
2001,60683,3,1,0,0,0,0,0,4,0,0,0,0
2001,60684,1,1,12,12,12,12,12,12,12,12,12,12
2001,60685,1,1,0,0,0,0,0,0,0,0,0,0
2001,60685,2,1,0,0,0,0,0,0,0,0,0,0
2001,60686,1,1,17,17,17,17,17,17,17,17,17,17
2001,60687,1,1,0,0,0,0,0,0,0,0,0,0
2001,60688,0,1,0,0,0,0,0,0,0,0,0,0
2001,60688,1,1,0,0,0,0,0,0,0,0,0,0
2001,60689,1,1,0,0,0,0,0,0,0,0,0,0
2001,60690,1,1,17,17,17,17,17,17,17,17,17,17
2001,60691,0,1,0,0,0,0,0,0,0,0,0,0
2001,60691,1,1,0,0,0,0,0,0,0,0,0,0
2001,60692,1,1,0,0,0,0,0,0,0,0,0,0
2001,60692,2,1,0,0,0,0,0,0,14,0,0,0
2001,60693,1,1,24,24,24,24,24,24,24,24,24,24
2001,60693,2,1,0,0,0,0,0,0,0,2,0,15
2001,60694,1,1,0,0,0,0,0,0,0,0,0,0
2001,60695,1,1,5,5,5,5,5,5,5,5,5,5
2001,60696,1,1,0,0,0,0,0,0,0,0,0,0
2001,60697,0,1,0,0,0,0,0,0,0,0,0,0
2001,60697,1,1,4,3,16,17,15,25,15,0,0,18
2001,60698,1,1,0,0,0,0,0,0,0,0,0,0
2001,60699,1,1,0,0,0,0,0,0,0,0,0,0
2001,60700,1,1,0,0,0,0,0,0,0,0,0,0
2001,60701,0,1,0,0,0,0,0,0,0,0,0,0
2001,60701,1,1,0,0,0,0,0,0,0,0,0,0
2001,60702,1,1,0,0,0,0,0,0,0,0,0,0
2001,60703,1,1,42,42,42,42,42,42,42,42,42,42
2001,60704,1,1,0,0,0,0,0,0,0,0,0,0
2001,60704,2,1,0,0,0,0,0,0,0,0,0,0
2001,60705,1,1,0,0,0,0,0,0,0,0,0,0
2001,60705,2,1,0,0,0,0,0,0,0,0,0,0
2001,60705,3,1,0,0,0,0,0,0,0,0,0,0
2001,60706,1,1,0,0,0,0,0,0,0,0,0,0
2001,60706,2,1,0,0,0,0,0,0,0,0,0,0
2001,60706,3,1,0,0,0,0,0,0,0,0,0,0
2001,60707,1,1,0,0,0,0,0,0,0,0,0,0
2001,60708,1,1,0,0,0,0,0,0,0,0,0,0
2001,60708,2,1,0,0,0,18,0,0,0,0,0,0
2001,60709,1,1,0,0,0,0,0,0,0,0,0,0
2001,60710,1,1,14,14,14,14,14,14,14,14,14,14
2001,60711,1,1,4,4,4,4,4,4,4,4,4,4
2001,60712,0,1,0,0,0,0,0,0,0,0,0,0
2001,60712,1,1,0,0,0,0,0,0,0,0,0,0
2001,60713,1,1,0,0,0,0,0,0,0,0,0,0
2001,60713,2,1,0,0,0,0,0,0,0,0,0,0
2001,60714,0,1,0,0,0,0,0,0,0,0,0,0
2001,60714,1,1,0,0,0,0,0,0,0,0,0,0
2001,60715,1,1,19,19,19,19,19,19,19,19,19,19
2001,60716,1,1,24,24,24,24,24,24,24,24,24,24
2001,60717,1,1,0,0,0,0,0,0,0,0,0,0
2001,60717,2,1,26,10,6,3,19,7,9,22,35,14
2001,60718,0,1,7,7,7,7,7,7,7,7,7,7
2001,60718,1,1,0,0,0,0,0,0,0,0,0,0
2001,60719,1,1,0,0,0,0,0,0,0,0,0,0
2001,60720,0,1,0,0,0,0,0,0,0,0,0,0
2001,60720,1,1,0,0,0,0,0,0,0,0,0,0
2001,60721,1,1,0,0,0,0,0,0,0,0,0,0
2001,60721,2,1,0,0,0,0,0,0,0,0,0,0
2001,60722,1,1,0,0,0,0,0,9,0,24,15,0
2001,60723,1,1,23,23,23,23,23,23,23,23,23,23
2001,60724,0,1,25,25,25,25,25,25,25,25,25,25
2001,60724,1,1,21,0,8,0,17,0,22,12,9,14
2001,60725,1,1,0,0,0,0,11,0,0,0,0,0
2001,60726,0,1,0,0,0,0,0,0,0,0,0,0
2001,60726,1,1,0,0,0,0,0,0,0,0,0,0
2001,60727,0,1,0,0,0,0,0,0,0,0,0,0
2001,60727,1,1,0,0,0,0,0,0,0,0,0,0
2001,60728,0,1,0,0,0,0,0,0,0,0,0,0
2001,60728,1,1,0,0,0,0,0,0,0,0,0,0
2001,60729,1,1,12,12,12,12,12,12,12,12,12,12
2001,60730,1,1,0,0,0,19,0,0,0,0,11,0
2001,60731,1,1,0,0,0,0,0,0,0,0,0,0
2001,60732,1,1,29,29,29,29,29,29,29,29,29,29
2001,60733,1,1,13,13,13,13,13,13,13,13,13,13
2001,60734,1,1,0,0,0,0,0,0,0,0,0,0
2001,60734,2,1,0,0,0,0,0,0,0,0,0,0
2001,60735,1,1,20,20,20,20,20,20,20,20,20,20
2001,60736,1,1,0,0,0,0,0,0,0,0,0,0
2001,60736,2,1,0,0,0,0,0,0,0,0,0,0
2001,60736,3,1,0,0,0,0,0,0,0,0,0,0
2001,60737,1,1,26,26,26,26,26,26,26,26,26,26
2001,60738,1,1,0,0,0,0,0,0,2,0,12,0
2001,60738,2,1,0,0,4,0,0,0,0,0,0,0
2001,60739,1,1,0,0,0,0,0,0,0,0,0,0
2001,60740,1,1,5,5,0,17,0,4,0,0,11,22
2001,60741,0,1,0,0,0,0,0,0,0,0,0,0
2001,60741,1,1,0,0,0,0,0,0,0,0,0,0
2001,60742,1,1,0,0,0,0,0,0,0,0,0,0
2001,60743,1,1,0,0,0,0,0,0,0,0,0,0
2001,60743,2,1,0,0,0,0,0,0,0,0,0,0
2001,60744,0,1,0,0,39,12,0,31,0,0,0,0
2001,60744,1,1,0,19,0,0,0,0,0,0,0,0
2001,60745,1,1,0,0,0,0,0,0,0,0,0,0
2001,60745,2,1,0,0,0,0,0,0,0,0,0,0
2001,60745,3,1,0,0,0,0,0,5,0,0,0,0
2001,60746,1,1,0,0,0,0,0,0,0,0,0,0
2001,60746,2,1,1,1,1,1,1,1,1,1,1,1
2001,60747,1,1,0,0,0,0,0,0,0,0,0,0
2001,60748,1,1,15,15,15,15,15,15,15,15,15,15
2001,60749,0,1,29,29,29,29,29,29,29,29,29,29
2001,60749,1,1,0,0,9,0,0,0,0,0,0,0
2001,60750,1,1,0,0,0,0,0,0,0,0,0,0
2001,60750,2,1,0,0,0,30,0,0,0,0,0,0
2001,60750,3,1,0,0,0,0,0,0,0,0,0,0
2001,60751,1,1,0,0,0,0,0,0,0,0,0,0
2001,60751,2,1,0,0,0,0,0,0,0,0,0,0
2001,60752,1,1,11,0,0,0,0,0,0,0,0,0
2001,60752,2,1,0,0,0,0,0,0,0,0,0,0
2001,60752,3,1,0,0,0,0,0,0,0,0,0,0
2001,60753,1,1,0,0,0,0,0,0,0,0,0,0
2001,60754,1,1,16,16,16,16,16,16,16,16,16,16
2001,60755,1,1,10,10,10,10,10,10,10,10,10,10
2001,60756,1,1,34,34,34,34,34,34,34,34,34,34
2001,60756,2,1,11,20,10,27,22,15,12,2,17,10
2001,60756,3,1,0,0,0,0,0,0,0,0,0,0
2001,60757,1,1,0,0,0,0,0,0,0,0,0,0
2001,60757,2,1,0,0,0,0,0,0,0,0,0,0
2001,60758,1,1,0,0,0,0,0,0,0,0,0,0
2001,60759,1,1,26,26,26,26,26,26,26,26,26,26
2001,60759,2,1,0,0,0,0,0,0,0,0,0,0
2001,60760,1,1,0,0,0,0,0,0,0,0,0,0
2001,60761,1,1,18,18,18,18,18,18,18,18,18,18
2001,60761,2,1,0,0,11,21,0,0,0,0,7,0
2001,60762,1,1,6,17,0,0,36,25,28,0,0,0
2001,60763,1,1,0,0,0,0,0,0,0,0,0,0
2001,60764,1,1,0,0,0,0,0,0,0,0,0,0
2001,60765,0,1,30,30,30,30,30,30,30,30,30,30
2001,60765,1,1,0,0,0,0,0,0,0,0,0,0
2001,60766,1,1,1,1,1,1,1,1,1,1,1,1
2001,60767,1,1,15,15,15,15,15,15,15,15,15,15
2001,60767,2,1,0,0,0,0,0,0,0,0,0,0
2001,60768,1,1,0,0,0,0,0,0,0,0,0,0
2001,60768,2,1,0,0,0,12,0,9,0,12,21,0
2001,60769,1,1,16,3,22,3,12,11,13,21,15,33
2001,60769,2,1,0,0,0,0,0,0,0,0,0,0
2001,60769,3,1,15,0,0,8,13,0,0,0,0,0
2001,60770,1,1,2,2,2,2,2,2,2,2,2,2
2001,60770,2,1,0,0,0,0,0,0,0,0,31,0
2001,60771,1,1,0,0,0,0,0,0,0,0,0,0
2001,60772,1,1,36,36,36,36,36,36,36,36,36,36
2001,60773,1,1,4,4,4,4,4,4,4,4,4,4
2001,60773,2,1,0,0,0,0,0,0,0,0,0,0
2001,60774,1,1,0,0,0,0,0,0,0,0,0,0
2001,60774,2,1,0,0,0,0,0,0,0,0,0,0
2001,60775,1,1,0,0,0,0,0,0,0,14,17,0
2001,60776,1,1,0,0,0,0,0,0,0,0,0,0
2001,60776,2,1,0,0,0,0,0,0,0,0,0,0
2001,60776,3,1,0,0,0,0,0,0,0,0,0,0
2001,60777,1,1,0,0,0,0,0,0,0,0,0,0
2001,60778,1,1,11,11,11,11,11,11,11,11,11,11
2001,60778,2,1,0,0,0,0,0,0,0,0,0,0
2001,60779,1,1,0,0,0,0,0,0,0,0,0,0
2001,60780,0,1,0,0,0,0,0,0,0,0,0,0
2001,60780,1,1,0,0,0,0,0,0,0,0,0,0
2001,60781,1,1,20,20,20,20,20,20,20,20,20,20
2001,60781,2,1,0,0,0,0,0,0,0,0,0,0
2001,60782,1,1,21,21,21,21,21,21,21,21,21,21
2001,60783,1,1,14,14,14,14,14,14,14,14,14,14
2001,60784,2,1,0,0,0,0,0,0,0,0,0,0
2001,60785,1,1,21,21,21,21,21,21,21,21,21,21
2001,60785,2,1,0,0,0,0,0,0,0,0,0,0
2001,60785,3,1,0,0,0,0,0,0,0,0,0,0
2001,60786,1,1,15,15,15,15,15,15,15,15,15,15
2001,60787,1,1,6,6,6,6,6,6,6,6,6,6
2001,60788,1,1,0,0,0,0,0,0,0,0,0,0
2001,60788,2,1,0,0,0,0,0,0,0,0,0,0
2001,60788,3,1,0,0,0,0,0,0,0,0,0,0
2001,60788,4,1,0,0,6,0,0,0,0,0,0,0
2001,60788,5,1,0,0,0,0,0,0,0,0,0,0
2001,60789,1,1,11,11,11,11,11,11,11,11,11,11
2001,60790,1,1,23,23,23,23,23,23,23,23,23,23
2001,60790,2,1,0,0,14,0,21,0,0,0,22,0
2001,60791,0,1,0,0,0,0,0,0,0,0,0,0
2001,60791,1,1,0,0,0,0,0,0,0,0,0,0
2001,60791,2,1,0,0,0,0,0,0,0,0,0,0
2001,60792,1,1,0,0,0,0,0,0,0,0,0,0
2001,60792,2,1,0,0,0,0,0,0,0,0,0,0
2001,60793,1,1,0,0,0,0,0,0,0,0,0,0
2001,60794,1,1,0,0,0,0,0,0,0,0,0,0
2001,60795,0,1,0,0,0,0,0,0,0,0,0,0
2001,60795,0,2,0,0,4,0,0,0,0,0,0,0
2001,60795,1,1,0,0,0,17,0,13,0,0,0,0
2001,60795,2,1,0,0,0,0,0,0,0,0,0,0
2001,60796,1,1,0,13,0,0,0,0,0,0,0,0
2001,60796,2,1,0,0,0,0,0,0,0,0,0,0
2001,60797,1,1,0,0,0,0,0,0,0,0,0,0
2001,60798,1,1,0,0,0,0,0,0,0,0,0,0
2001,60799,1,1,0,0,0,0,0,0,0,0,0,0
2001,60799,2,1,0,0,0,0,0,0,0,0,0,0
2001,60800,0,1,0,0,0,0,0,0,0,0,0,0
2001,60800,0,2,0,0,0,0,0,0,0,0,0,0
2001,60800,1,1,0,0,0,0,2,0,0,0,13,0
2001,60801,0,1,0,0,0,0,0,0,0,0,0,0
2001,60801,1,1,0,0,0,0,0,0,18,0,14,0
2001,60802,0,1,0,0,0,0,0,0,0,0,0,0
2001,60802,1,1,0,0,0,0,0,0,0,0,0,0
2001,60803,1,1,0,0,0,0,0,0,0,0,0,0
2001,60804,1,1,0,0,0,0,0,0,0,0,0,0
2001,60804,2,1,0,0,0,0,0,0,0,0,0,0
2001,60805,1,1,18,18,18,18,18,18,18,18,18,18
2001,60805,2,1,0,0,0,0,9,0,0,0,0,0
2001,60805,3,1,0,0,0,0,0,0,0,0,0,0
2001,60805,4,1,0,0,0,0,0,0,0,0,0,0
2001,60806,1,1,0,0,0,0,0,0,0,0,0,0
2001,60806,2,1,0,0,0,0,0,0,0,0,0,0
2001,60807,0,1,0,0,0,0,0,0,0,0,0,0
2001,60807,1,1,0,0,0,0,0,0,7,0,10,0
2001,60808,1,1,30,30,30,30,30,30,30,30,30,30
2001,60808,2,1,0,0,0,0,0,0,0,0,0,0
2001,60809,1,1,0,0,0,0,0,0,0,0,0,0
2001,60809,2,1,0,0,0,0,0,0,0,0,0,0
2001,60810,1,1,0,0,0,0,0,0,0,0,0,0
2001,60810,2,1,0,0,0,0,0,0,0,0,0,0
2001,60811,1,1,0,0,0,0,0,0,0,0,0,0
2001,60811,2,1,0,0,0,0,0,0,0,0,0,0
2001,60812,1,1,16,16,16,16,16,16,16,16,16,16
2001,60812,2,1,0,0,0,0,0,0,0,0,0,0
2001,60812,3,1,0,0,0,0,0,0,0,0,0,0
2001,60812,4,1,0,0,0,0,0,0,0,0,0,0
2001,60812,5,1,0,0,0,0,0,0,15,0,0,0
2001,60813,1,1,7,7,7,7,7,7,7,7,7,7
2001,60814,1,1,0,0,0,0,0,0,0,0,0,0
2001,60814,2,1,0,0,0,0,0,0,0,0,0,0
2001,60815,0,1,0,0,0,0,0,0,0,0,0,0
2001,60815,1,1,0,0,0,0,0,0,0,0,0,0
2001,60816,1,1,0,0,0,0,0,0,0,0,0,0
2001,60817,1,1,23,23,23,23,23,23,23,23,23,23
2001,60818,0,1,13,13,13,13,13,13,13,13,13,13
2001,60818,1,1,0,0,0,0,0,0,0,0,0,6
2001,60819,1,1,0,0,0,0,0,0,0,0,0,0