YEAR,st_case,veh_no,per_no,P1,P2,P3,P4,P5,P6,P7,P8,P9,P10
2001,61927,1,1,17,17,22,24,12,20,13,9,23,19
2001,61928,1,1,21,0,3,0,0,0,15,30,0,18
2001,61929,0,1,25,25,25,25,25,25,25,25,25,25
2001,61929,1,1,27,0,0,0,0,0,0,0,0,0
2001,61930,1,1,0,0,0,0,0,0,0,0,0,0
2001,61930,2,1,0,0,0,0,0,0,0,0,0,0
2001,61930,3,1,0,0,0,0,0,0,0,0,0,0
2001,61931,1,1,23,23,23,23,23,23,23,23,23,23
2001,61932,1,1,14,14,14,14,14,14,14,14,14,14
2001,61932,2,1,0,0,0,0,0,0,0,0,0,0
2001,61933,0,1,0,0,0,0,0,0,0,0,0,0
2001,61933,1,1,0,0,0,0,0,0,0,0,0,0
2001,61934,0,1,0,0,0,0,0,0,0,0,0,0
2001,61934,1,1,0,0,0,0,0,0,0,0,10,12
2001,61935,1,1,18,18,18,18,18,18,18,18,18,18
2001,61936,1,1,0,0,0,0,17,0,0,0,14,0
2001,61937,0,1,0,0,0,0,0,0,0,0,0,0
2001,61937,1,1,0,0,0,0,0,0,0,0,0,0
2001,61938,1,1,0,0,0,0,0,0,0,24,0,0
2001,61938,2,1,0,0,0,0,0,0,0,0,0,0
2001,61939,1,1,6,6,6,6,6,6,6,6,6,6
2001,61939,2,1,0,0,0,0,0,0,0,0,0,0
2001,61940,0,1,0,0,0,0,0,0,0,0,0,0
2001,61940,1,1,0,0,0,0,0,0,0,0,0,0
2001,61941,0,1,0,0,0,0,0,0,0,0,0,0
2001,61941,0,2,0,0,26,0,0,0,0,0,0,0
2001,61941,1,1,20,20,20,20,20,20,20,20,20,20
2001,61942,0,1,0,0,0,0,0,0,0,0,0,0
2001,61942,1,1,0,0,0,0,0,0,0,0,0,0
2001,61943,1,1,0,0,2,0,0,0,4,0,0,0
2001,61943,2,1,0,0,0,0,0,0,0,0,0,0
2001,61944,1,1,22,22,22,22,22,22,22,22,22,22
2001,61945,1,1,0,0,0,0,0,0,0,0,0,0
2001,61946,0,1,30,30,30,30,30,30,30,30,30,30
2001,61946,1,1,0,0,0,0,0,3,16,0,0,0
2001,61947,0,1,0,0,0,0,0,0,0,0,0,0
2001,61947,1,1,0,0,0,0,0,0,0,0,0,0
2001,61948,1,1,0,0,0,0,0,0,0,0,0,0
2001,61949,1,1,0,0,0,0,0,0,0,0,0,0
2001,61949,2,1,0,0,0,0,0,3,0,0,0,0
2001,61950,1,1,0,0,0,0,0,0,0,0,0,0
2001,61950,2,1,0,0,0,0,0,0,0,0,0,0
2001,61951,1,1,0,0,0,0,0,0,0,0,0,0
2001,61952,0,1,0,0,0,0,0,0,0,0,0,0
2001,61952,1,1,0,0,18,0,15,0,20,0,16,0
2001,61953,0,1,10,0,17,0,0,0,14,0,26,2
2001,61953,1,1,0,0,0,0,0,0,0,0,0,0
2001,61954,0,1,0,0,0,0,0,0,0,0,0,0
2001,61954,1,1,0,0,0,0,0,0,0,0,0,0
2001,61955,1,1,0,0,0,0,0,0,0,0,0,0
2001,61955,2,1,0,0,0,0,0,0,0,0,0,0
2001,61956,1,1,25,33,25,19,24,19,31,18,12,14
2001,61957,1,1,0,0,0,0,0,0,0,0,0,0
2001,61957,2,1,0,0,0,0,0,0,0,0,0,0
2001,61957,3,1,0,0,0,0,0,0,0,0,0,0
2001,61958,1,1,20,20,20,20,20,20,20,20,20,20
2001,61959,1,1,0,0,0,0,0,0,0,0,0,0
2001,61959,2,1,6,6,6,6,6,6,6,6,6,6
2001,61960,1,1,3,3,3,3,3,3,3,3,3,3
2001,61960,2,1,0,0,0,0,0,0,0,0,0,0
2001,61961,1,1,0,0,0,0,0,0,0,0,0,0
2001,61961,2,1,0,0,0,0,0,0,0,0,0,0
2001,61962,1,1,0,0,0,0,0,0,0,0,0,0
2001,61962,2,1,0,0,0,0,0,0,0,0,0,0
2001,61963,1,1,12,12,12,12,12,12,12,12,12,12
2001,61963,2,1,0,0,0,0,0,0,0,0,30,0
2001,61963,3,1,0,0,0,0,0,0,0,0,0,0
2001,61964,1,1,22,22,22,22,22,22,22,22,22,22
2001,61964,2,1,0,0,0,0,0,0,0,0,0,0
2001,61965,1,1,0,0,0,0,0,0,0,0,0,0
2001,61965,2,1,0,0,0,0,0,0,0,0,0,0
2001,61966,1,1,21,21,21,21,21,21,21,21,21,21
2001,61967,1,1,0,0,18,0,0,0,0,0,0,0
2001,61967,2,1,13,14,11,0,0,0,0,0,0,0
2001,61968,1,1,5,5,5,5,5,5,5,5,5,5
2001,61969,0,1,35,35,35,35,35,35,35,35,35,35
2001,61969,1,1,0,0,0,0,0,0,0,0,0,0
2001,61970,0,1,0,0,0,0,0,0,0,0,0,0
2001,61970,1,1,16,0,0,0,0,13,18,12,14,19
2001,61971,1,1,30,30,30,30,30,30,30,30,30,30
2001,61971,2,1,0,0,0,0,0,0,0,0,0,0
2001,61972,1,1,0,0,0,0,0,0,0,0,0,0
2001,61973,1,1,16,16,16,16,16,16,16,16,16,16
2001,61974,1,1,0,0,0,0,0,0,0,0,0,0
2001,61975,1,1,0,0,0,0,0,0,0,0,0,0
2001,61976,0,1,31,31,31,31,31,31,31,31,31,31
2001,61976,1,1,0,0,0,0,0,0,0,0,0,0
2001,61977,1,1,0,0,0,0,0,0,0,0,0,0
2001,61978,1,1,0,0,0,0,0,0,0,0,0,0
2001,61978,2,1,0,0,0,0,0,0,0,0,0,0
2001,61979,0,1,0,0,0,0,0,0,0,0,0,0
2001,61979,1,1,0,0,0,0,0,0,0,0,0,0
2001,61980,1,1,0,4,0,0,0,0,0,0,0,0
2001,61980,2,1,0,0,0,0,0,0,0,0,0,0
2001,61980,3,1,0,0,0,0,0,0,0,0,0,0
2001,61981,1,1,6,6,6,6,6,6,6,6,6,6
2001,61981,2,1,0,0,0,0,0,0,0,0,0,0
2001,61982,0,1,0,0,0,0,0,0,0,0,0,0
2001,61982,1,1,4,4,4,4,4,4,4,4,4,4
2001,61983,1,1,0,0,0,0,0,0,0,0,0,0
2001,61983,2,1,0,0,0,10,0,0,0,0,0,0
2001,61985,0,1,0,0,0,0,0,0,0,0,0,0
2001,61985,1,1,20,33,0,0,0,0,12,0,5,0
2001,61986,1,1,0,0,9,0,0,0,0,0,0,0
2001,61987,1,1,0,0,0,0,0,0,0,0,0,0
2001,61987,2,1,0,0,0,0,0,0,0,0,0,0
2001,61988,1,1,0,0,0,0,0,0,0,0,0,0
2001,61988,2,1,0,0,0,0,0,0,0,0,0,0
2001,61989,1,1,0,0,0,0,0,0,0,0,0,0
2001,61989,2,1,0,0,0,0,0,0,0,0,0,0
2001,61990,1,1,0,0,0,0,0,0,0,0,0,0
2001,61990,2,1,0,0,0,0,0,0,0,0,0,0
2001,61991,1,1,0,0,0,0,0,0,0,0,0,0
2001,61991,2,1,0,0,0,0,0,0,0,0,0,0
2001,61992,1,1,0,0,12,20,22,0,20,0,0,0
2001,61992,2,1,0,0,0,0,0,0,0,0,0,0
2001,61993,1,1,0,0,0,0,0,0,0,0,0,0
2001,61993,2,1,0,0,0,0,0,0,0,0,0,0
2001,61994,1,1,0,0,0,0,0,0,0,0,0,0
2001,61994,2,1,0,0,0,0,0,0,0,10,0,0
2001,61995,1,1,0,0,0,0,0,0,0,0,0,0
2001,61995,2,1,0,0,0,0,0,0,0,0,0,0
2001,61996,1,1,0,0,0,0,14,0,0,0,0,0
2001,61996,2,1,0,0,0,0,0,0,0,0,14,0
2001,61997,1,1,19,19,19,19,19,19,19,19,19,19
2001,61998,0,1,0,0,35,0,0,13,12,27,0,0
2001,61998,1,1,0,0,0,0,0,0,0,0,0,0
2001,61999,0,1,20,20,20,20,20,20,20,20,20,20
2001,61999,1,1,0,0,0,0,0,0,0,0,0,0
2001,62000,1,1,0,0,0,0,0,0,0,0,0,0
2001,62001,1,1,0,0,0,0,0,0,0,0,0,0
2001,62002,1,1,19,19,19,19,19,19,19,19,19,19
2001,62003,0,1,4,4,4,4,4,4,4,4,4,4
2001,62003,1,1,0,0,0,0,0,0,0,0,0,0
2001,62004,0,1,25,25,25,25,25,25,25,25,25,25
2001,62004,1,1,0,0,0,0,0,0,0,0,0,0
2001,62005,1,1,22,22,22,22,22,22,22,22,22,22
2001,62006,1,1,0,0,0,0,0,0,0,0,0,0
2001,62007,0,1,0,0,0,0,0,0,0,0,0,0
2001,62007,1,1,0,0,0,0,0,7,0,0,0,0
2001,62008,1,1,0,21,0,23,0,0,0,0,11,17
2001,62009,1,1,7,7,7,7,7,7,7,7,7,7
2001,62009,2,1,0,0,0,0,0,0,0,0,0,0
2001,62010,1,1,0,23,0,0,11,0,0,0,0,0
2001,62011,1,1,24,24,24,24,24,24,24,24,24,24
2001,62012,1,1,13,13,13,13,13,13,13,13,13,13
2001,62013,0,1,0,0,0,0,0,0,0,0,0,0
2001,62013,0,2,0,0,0,0,0,0,0,0,0,0
2001,62013,0,3,17,0,10,0,18,0,0,28,0,15
2001,62013,1,1,0,0,0,0,0,0,0,0,0,0
2001,62014,1,1,0,0,0,11,0,0,0,0,0,0
2001,62014,2,1,0,0,0,0,0,0,0,0,0,0
2001,62015,0,1,0,0,0,0,0,0,0,0,0,0
2001,62016,0,1,0,0,0,0,0,0,0,0,0,0
2001,62016,1,1,0,0,0,0,0,0,0,0,0,0
2001,62017,1,1,25,25,25,25,25,25,25,25,25,25
2001,62018,0,1,0,0,0,0,0,0,0,0,0,0
2001,62018,1,1,0,0,0,0,0,0,0,0,0,0
2001,62019,0,1,14,14,14,14,14,14,14,14,14,14
2001,62019,1,1,0,0,0,0,0,0,0,0,0,0
2001,62020,1,1,0,0,0,0,0,0,0,0,0,0
2001,62020,2,1,0,0,0,0,0,0,0,0,0,0
2001,62021,0,1,6,6,6,6,6,6,6,6,6,6
2001,62021,1,1,0,0,0,0,0,0,0,0,0,0
2001,62022,1,1,20,20,20,20,20,20,20,20,20,20
2001,62023,1,1,27,27,27,27,27,27,27,27,27,27
2001,62023,2,1,0,0,0,0,0,0,0,0,0,0
2001,62024,1,1,2,2,2,2,2,2,2,2,2,2
2001,62024,2,1,0,0,0,0,0,0,0,0,0,0
2001,62025,1,1,0,0,0,0,0,0,0,0,0,0
2001,62025,2,1,0,0,0,0,0,0,0,0,0,0
2001,62025,3,1,0,0,0,0,0,0,0,0,0,0
2001,62025,4,1,0,0,0,0,0,19,0,0,0,0
2001,62026,1,1,22,22,22,22,22,22,22,22,22,22
2001,62026,2,1,0,0,0,0,0,0,0,0,0,0
2001,62026,3,1,11,0,0,0,0,0,0,0,0,0
2001,62026,4,1,0,0,0,0,0,0,0,0,0,0
2001,62027,1,1,0,0,0,0,0,0,0,0,0,0
2001,62027,2,1,0,0,0,0,0,0,0,0,0,0
2001,62028,1,1,18,18,18,18,18,18,18,18,18,18
2001,62029,1,1,0,0,0,0,0,0,0,0,0,0
2001,62029,2,1,12,16,0,0,31,0,0,0,0,12
2001,62030,0,1,0,0,0,0,0,0,0,0,0,0
2001,62030,1,1,0,0,0,0,0,0,0,0,0,0
2001,62031,1,1,10,10,10,10,10,10,10,10,10,10
2001,62031,2,1,1,1,1,1,1,1,1,1,1,1
2001,62032,1,1,0,0,0,0,0,0,0,0,0,0
2001,62032,2,1,0,0,0,0,0,0,0,0,0,0
2001,62033,1,1,16,16,16,16,16,16,16,16,16,16
2001,62033,2,1,0,0,0,0,9,0,0,0,0,0
2001,62034,1,1,0,0,0,0,0,0,0,0,0,0
2001,62034,2,1,0,0,0,0,0,0,0,0,0,0
2001,62035,1,1,0,0,0,0,0,0,0,0,0,0
2001,62035,2,1,0,0,0,0,0,0,0,0,0,0
2001,62035,3,1,0,0,0,0,0,0,0,0,0,0
2001,62036,1,1,0,0,0,0,0,0,0,0,0,0
2001,62036,2,1,0,0,0,0,0,0,0,0,0,0
2001,62037,0,1,0,0,0,0,0,0,0,0,0,0
2001,62037,1,1,0,0,0,0,0,0,0,0,0,0
2001,62038,1,1,24,24,24,24,24,24,24,24,24,24
2001,62039,1,1,4,4,4,4,4,4,4,4,4,4
2001,62040,1,1,0,0,0,0,0,0,0,0,0,0
2001,62040,2,1,19,19,19,19,19,19,19,19,19,19
2001,62040,3,1,0,0,0,0,0,0,0,4,0,0
2001,62041,1,1,9,15,0,3,15,20,0,6,8,0
2001,62042,1,1,1,1,1,1,1,1,1,1,1,1
2001,62043,0,1,0,0,0,0,0,0,0,0,0,0
2001,62043,1,1,0,0,0,0,0,0,0,0,0,0
2001,62044,1,1,0,0,0,0,0,0,0,0,0,0
2001,62045,1,1,0,0,0,0,0,0,0,0,0,0
2001,62045,2,1,0,0,0,0,0,0,0,0,0,0
2001,62046,1,1,0,0,0,0,0,0,0,0,0,4
2001,62046,2,1,0,0,0,0,0,0,0,0,0,0
2001,62047,1,1,0,0,0,0,0,0,0,0,0,0
2001,62047,2,1,0,0,0,0,0,0,0,0,0,0
2001,62048,1,1,1,1,1,1,1,1,1,1,1,1
2001,62048,2,1,0,0,0,4,0,0,19,23,9,17
2001,62049,1,1,22,22,22,22,22,22,22,22,22,22
2001,62049,2,1,15,13,0,0,0,0,0,0,0,24
2001,62050,1,1,18,18,18,18,18,18,18,18,18,18
2001,62050,2,1,0,0,0,0,0,0,0,0,0,0
2001,62051,1,1,30,30,30,30,30,30,30,30,30,30
2001,62051,2,1,0,0,0,0,0,0,0,0,0,0
2001,62051,3,1,1,1,1,1,1,1,1,1,1,1
2001,62052,1,1,44,44,44,44,44,44,44,44,44,44
2001,62053,1,1,0,0,0,0,0,0,0,20,0,0
2001,62053,2,1,0,0,0,0,0,0,0,0,0,0
2001,62054,1,1,0,0,0,0,0,0,0,0,0,0
2001,62054,2,1,0,0,0,0,0,0,0,0,0,0
2001,62055,1,1,0,0,0,0,0,0,0,0,0,0
2001,62055,2,1,0,0,0,0,27,0,0,0,0,0
2001,62055,3,1,0,0,0,0,0,0,0,0,0,0
2001,62056,1,1,10,10,10,10,10,10,10,10,10,10
2001,62057,1,1,0,0,0,0,0,0,0,0,0,0
2001,62058,1,1,26,26,26,26,26,26,26,26,26,26
2001,62059,1,1,22,22,22,22,22,22,22,22,22,22
2001,62060,1,1,0,0,0,0,0,0,0,0,0,0
2001,62061,1,1,0,0,0,0,0,0,0,0,0,0
2001,62062,1,1,0,0,0,0,0,0,0,0,0,0
2001,62063,1,1,0,0,0,0,0,0,0,0,0,0
2001,62064,1,1,0,0,0,0,0,0,0,0,0,0
2001,62065,1,1,0,0,0,0,0,0,0,0,0,21
2001,62066,1,1,24,23,34,22,25,22,13,23,14,23
2001,62067,1,1,0,0,0,0,0,0,0,0,0,0
2001,62068,1,1,0,0,0,0,0,0,0,0,0,0
2001,62069,1,1,17,17,17,17,17,17,17,17,17,17
2001,62069,2,1,0,0,0,0,0,0,0,0,0,0
2001,62070,1,1,26,26,26,26,26,26,26,26,26,26
2001,62071,1,1,0,0,0,0,0,0,0,0,0,0
2001,62071,2,1,0,0,0,0,0,0,0,0,0,0
2001,62071,3,1,0,0,0,0,0,0,0,0,0,0
2001,62072,1,1,0,18,21,0,0,0,0,0,0,15
2001,62072,2,1,0,0,0,0,0,0,0,0,0,0
2001,62073,1,1,8,9,4,19,0,4,0,7,6,0
2001,62073,2,1,0,0,0,0,0,0,0,0,0,0
2001,62074,1,1,0,0,0,0,0,0,0,0,0,0
2001,62074,2,1,30,30,30,30,30,30,30,30,30,30
2001,62075,1,1,10,10,10,10,10,10,10,10,10,10
2001,62076,0,1,0,0,0,0,0,0,0,0,0,0
2001,62076,1,1,0,0,0,0,0,0,0,0,0,0
2001,62077,0,1,0,0,0,0,0,0,0,0,0,0
2001,62077,1,1,0,0,0,0,0,0,0,0,0,0
2001,62078,1,1,0,0,0,0,0,0,0,0,0,0
2001,62079,1,1,0,0,0,0,0,0,0,0,0,0
2001,62079,2,1,0,0,0,0,0,0,0,0,0,0
2001,62080,1,1,0,0,0,0,0,0,0,0,0,0
2001,62080,2,1,0,0,0,0,0,0,0,0,0,0
2001,62080,3,1,0,0,0,0,0,0,0,0,0,0
2001,62081,1,1,0,0,0,0,0,0,0,0,0,0
2001,62081,2,1,0,0,0,0,0,0,0,0,0,0
2001,62082,2,1,0,0,0,0,0,0,0,0,0,0
2001,62083,1,1,0,0,0,0,0,0,0,0,0,0
2001,62083,2,1,0,0,5,0,0,0,0,0,0,0
2001,62084,1,1,0,0,0,0,0,0,0,0,0,0
2001,62084,2,1,1,1,1,1,1,1,1,1,1,1
2001,62084,3,1,13,0,0,0,0,0,0,0,0,0
2001,62085,1,1,24,24,24,24,24,24,24,24,24,24
2001,62085,2,1,0,0,0,0,0,0,0,0,0,0
2001,62086,1,1,0,0,0,0,0,0,0,0,0,0
2001,62087,1,1,10,10,10,10,10,10,10,10,10,10
2001,62088,1,1,14,14,14,14,14,14,14,14,14,14
2001,62088,2,1,6,6,6,6,6,6,6,6,6,6
2001,62089,1,1,0,0,0,0,0,0,0,0,0,0
2001,62089,2,1,0,0,0,0,0,0,0,8,0,0
2001,62089,3,1,0,0,0,0,0,0,0,0,0,0
2001,62090,1,1,0,0,0,0,0,0,0,0,0,0
2001,62091,1,1,0,0,0,0,0,0,0,0,0,0
2001,62091,2,1,0,0,0,0,0,0,0,0,0,0
2001,62091,3,1,0,0,0,0,0,0,0,0,0,9
2001,62091,4,1,0,0,0,0,0,0,0,0,0,0
2001,62092,1,1,0,0,0,0,0,0,0,0,0,0
2001,62092,2,1,0,0,0,0,0,0,0,0,0,0
2001,62093,1,1,0,0,0,0,0,0,0,0,0,0
2001,62093,2,1,0,0,0,0,0,0,0,0,0,0
2001,62094,1,1,26,26,26,26,26,26,26,26,26,26
2001,62094,2,1,0,0,0,0,0,0,0,0,0,0
2001,62095,1,1,0,0,0,0,0,0,0,0,0,0
2001,62095,2,1,0,0,0,0,0,0,0,0,0,0
2001,62096,1,1,21,21,21,21,21,21,21,21,21,21
2001,62096,2,1,0,0,0,0,0,0,0,0,0,0
2001,62097,1,1,15,15,15,15,15,15,15,15,15,15
2001,62098,0,1,18,18,18,18,18,18,18,18,18,18
2001,62098,1,1,0,0,0,0,13,0,12,20,0,0
2001,62099,1,1,0,0,0,0,0,0,0,0,0,0
2001,62100,1,1,0,0,0,0,0,0,0,0,0,0
2001,62100,2,1,0,0,0,0,0,0,0,0,0,0
2001,62100,3,1,0,0,0,0,0,0,0,0,0,0
2001,62101,1,1,21,21,21,21,21,21,21,21,21,21
2001,62102,0,1,0,0,0,0,0,0,0,0,0,0
2001,62102,1,1,0,0,0,0,0,0,0,0,0,0
2001,62103,1,1,18,18,18,18,18,18,18,18,18,18
2001,62104,1,1,0,0,0,0,0,0,0,0,0,0
2001,62104,2,1,0,0,0,0,0,0,0,0,0,0
2001,62105,0,1,0,0,0,0,0,0,0,0,0,0
2001,62105,1,1,0,0,0,0,0,0,0,0,0,0
2001,62106,1,1,0,0,0,0,0,0,0,0,0,0
2001,62107,1,1,12,0,0,0,0,0,0,0,0,0
2001,62108,1,1,16,16,16,16,16,16,16,16,16,16
2001,62109,1,1,14,14,14,14,14,14,14,14,14,14
2001,62110,0,1,0,0,0,0,0,0,0,0,0,0
2001,62110,1,1,0,0,0,0,0,0,0,0,0,6
2001,62111,1,1,5,5,5,5,5,5,5,5,5,5
2001,62111,2,1,0,0,0,0,0,0,0,0,0,0
2001,62112,1,1,5,5,5,5,5,5,5,5,5,5
2001,62113,1,1,0,0,0,3,0,0,0,0,0,0
2001,62113,2,1,0,0,0,0,0,0,0,0,0,0
2001,62114,1,1,0,0,0,0,0,0,0,0,0,2
2001,62115,1,1,6,6,6,6,6,6,6,6,6,6
2001,62116,0,1,0,0,0,0,0,0,0,0,0,0
2001,62116,1,1,0,0,0,0,0,0,0,0,0,0
2001,62116,2,1,0,0,0,0,0,0,0,0,0,0
2001,62117,0,1,0,0,0,0,0,0,0,0,0,0
2001,62117,1,1,0,0,0,0,0,0,0,0,0,0
2001,62118,1,1,21,21,21,21,21,21,21,21,21,21
2001,62118,2,1,0,0,0,0,0,0,0,0,0,0
2001,62119,1,1,0,0,0,0,0,0,0,0,0,0
2001,62120,0,1,0,0,0,0,0,0,0,0,0,0
2001,62120,1,1,0,0,0,0,0,0,0,0,0,0
2001,62121,0,1,0,0,0,0,0,0,0,0,0,0
2001,62121,1,1,6,6,6,6,6,6,6,6,6,6
2001,62122,1,1,0,0,0,0,0,0,0,0,0,0
2001,62122,2,1,0,0,0,0,0,0,0,0,0,0
2001,62123,1,1,0,0,0,0,0,0,0,0,0,0
2001,62123,2,1,0,0,0,0,0,0,0,0,0,1
2001,62124,1,1,0,0,0,0,0,0,0,0,0,0
2001,62125,1,1,0,0,0,0,0,0,0,0,0,0
2001,62126,1,1,0,0,0,0,0,0,0,0,0,0
2001,62127,1,1,0,0,0,0,0,0,0,0,0,0
2001,62128,1,1,0,0,0,0,0,0,0,0,0,0
2001,62129,1,1,0,0,0,0,0,0,0,0,0,0
2001,62130,0,1,0,0,0,0,0,0,0,0,0,0
2001,62130,0,2,0,0,0,0,0,0,0,0,0,0
2001,62130,1,1,0,0,0,0,0,0,0,0,0,0
2001,62131,1,1,0,0,0,0,0,0,0,0,0,0
2001,62132,0,1,0,0,0,0,0,0,0,0,0,0
2001,62132,1,1,16,16,16,16,16,16,16,16,16,16
2001,62133,1,1,0,0,0,0,0,0,0,0,0,0
2001,62134,0,1,22,22,22,22,22,22,22,22,22,22
2001,62134,1,1,17,17,17,17,17,17,17,17,17,17
2001,62135,0,1,0,0,0,0,0,0,0,0,0,0
2001,62135,1,1,0,0,0,0,0,0,0,0,0,0
2001,62136,1,1,0,0,0,0,0,0,0,0,0,0
2001,62137,1,1,26,26,26,26,26,26,26,26,26,26
2001,62137,2,1,10,0,0,0,0,0,0,0,0,0
2001,62137,3,1,0,0,0,0,0,0,0,0,0,0
2001,62137,4,1,0,0,0,0,0,0,0,0,0,0
2001,62137,5,1,0,0,0,0,0,0,0,0,0,0
2001,62137,6,1,0,0,0,0,0,0,0,0,0,0
2001,62138,0,1,25,25,25,25,25,25,25,25,25,25
2001,62138,1,1,0,0,0,0,0,0,0,0,0,0
2001,62139,1,1,27,27,27,27,27,27,27,27,27,27
2001,62140,0,1,0,0,0,0,0,0,0,0,0,0
2001,62140,1,1,0,0,0,0,0,0,0,3,0,0
2001,62141,0,1,17,17,17,17,17,17,17,17,17,17
2001,62141,1,1,0,0,0,0,0,0,0,0,0,0
2001,62142,1,1,23,23,23,23,23,23,23,23,23,23
2001,62143,1,1,24,24,24,24,24,24,24,24,24,24
2001,62144,1,1,0,0,0,0,0,0,0,0,0,0
2001,62145,1,1,0,0,0,0,0,0,0,0,0,0
2001,62145,2,1,0,0,0,0,0,0,0,0,0,0
2001,62145,3,1,0,0,0,0,0,0,0,0,0,0
2001,62146,1,1,0,0,0,0,0,0,0,0,0,0
2001,62147,0,1,12,12,12,12,12,12,12,12,12,12
2001,62147,1,1,0,0,17,0,0,0,0,0,0,0
2001,62148,1,1,0,0,0,0,0,0,0,0,0,0
2001,62149,1,1,25,25,25,25,25,25,25,25,25,25
2001,62150,0,1,20,20,20,20,20,20,20,20,20,20
2001,62150,1,1,11,11,11,11,11,11,11,11,11,11
2001,62151,1,1,0,0,0,0,0,0,0,0,0,0
2001,62151,2,1,0,0,0,0,0,0,0,0,0,0
2001,62152,1,1,0,0,0,0,0,0,0,0,0,0
2001,62152,2,1,0,0,0,0,0,0,0,9,25,0
2001,62153,0,1,21,0,3,0,0,25,4,0,7,0
2001,62153,1,1,0,0,0,0,0,0,0,0,0,0
2001,62154,1,1,21,21,21,21,21,21,21,21,21,21
2001,62154,2,1,0,0,0,0,0,0,0,0,0,0
2001,62154,3,1,0,0,5,0,0,0,12,0,0,0
2001,62154,4,1,0,0,0,0,0,0,0,0,0,0
2001,62155,0,1,21,0,0,16,8,26,29,29,0,9
2001,62155,1,1,0,0,0,0,0,0,0,0,0,0
2001,62156,1,1,0,0,0,0,28,0,0,14,0,0
2001,62156,2,1,0,0,0,0,0,0,0,0,0,0
2001,62157,1,1,20,20,20,20,20,20,20,20,20,20
2001,62158,0,1,0,0,0,0,0,0,0,0,0,0
2001,62158,1,1,0,0,0,0,0,0,0,0,0,0
2001,62159,0,1,0,0,0,0,0,0,0,0,0,0
2001,62159,1,1,0,0,0,0,0,0,0,0,0,0
2001,62159,2,1,0,0,0,12,0,0,0,0,0,0
2001,62160,0,1,0,0,0,0,0,0,0,0,0,0
2001,62160,1,1,0,14,4,8,5,0,0,0,13,12
2001,62161,1,1,20,20,20,20,20,20,20,20,20,20
2001,62161,2,1,4,4,4,4,4,4,4,4,4,4
2001,62162,1,1,0,29,20,0,0,24,32,0,19,31
2001,62163,1,1,20,20,20,20,20,20,20,20,20,20
2001,62164,1,1,11,11,11,11,11,11,11,11,11,11
2001,62165,1,1,5,5,5,5,5,5,5,5,5,5
2001,62166,0,1,0,0,0,0,0,0,0,0,0,2
2001,62166,1,1,0,0,0,0,0,0,0,0,0,0
2001,62167,1,1,12,10,6,0,5,17,0,26,0,14
2001,62168,1,1,0,0,0,0,0,0,0,0,0,0
2001,62168,2,1,0,0,0,0,0,0,0,0,16,0
2001,62169,1,1,14,14,14,14,14,14,14,14,14,14
2001,62170,1,1,0,0,28,0,0,0,0,0,0,0
2001,62170,2,1,0,0,0,0,0,0,0,0,0,0
2001,62171,1,1,0,0,0,0,0,0,0,0,0,0
2001,62172,0,1,0,0,0,0,0,0,0,0,0,0
2001,62172,1,1,0,11,0,15,18,13,29,0,0,0
2001,62173,1,1,23,23,23,23,23,23,23,23,23,23
2001,62174,1,1,0,0,0,0,0,0,0,0,0,0
2001,62174,2,1,0,0,0,0,0,0,0,0,0,0
2001,62175,1,1,14,14,14,14,14,14,14,14,14,14
2001,62175,2,1,0,0,0,0,0,0,0,0,0,0
2001,62176,1,1,0,0,0,0,0,0,0,0,0,0
2001,62176,2,1,0,15,0,0,0,0,0,0,0,0
2001,62177,1,1,3,3,3,3,3,3,3,3,3,3
2001,62177,2,1,0,0,0,0,0,0,0,0,0,0
2001,62178,1,1,0,0,0,0,0,0,0,0,0,0
2001,62179,1,1,30,30,30,30,30,30,30,30,30,30
2001,62179,2,1,8,8,8,8,8,8,8,8,8,8
2001,62180,0,1,0,0,0,0,0,0,0,0,0,0
2001,62180,1,1,6,6,6,6,6,6,6,6,6,6
2001,62181,1,1,0,0,11,25,0,0,0,0,0,0
2001,62182,1,1,15,15,15,15,15,15,15,15,15,15
2001,62183,1,1,0,0,0,0,0,0,0,0,0,0
2001,62183,2,1,0,0,0,0,0,0,0,0,0,0
2001,62184,0,1,0,0,0,0,0,0,0,0,0,0
2001,62184,1,1,0,0,0,0,0,0,0,0,0,0
2001,62185,1,1,10,10,10,10,10,10,10,10,10,10
2001,62185,2,1,0,0,0,0,0,0,0,0,0,0
2001,62186,1,1,0,0,0,0,0,0,0,0,0,0
2001,62186,2,1,0,0,0,0,0,0,0,0,0,0
2001,62187,1,1,0,0,0,0,0,0,0,0,0,0
2001,62187,2,1,0,0,0,0,0,0,0,0,0,0
2001,62188,0,1,0,0,0,0,0,0,0,0,0,0
2001,62188,1,1,0,0,0,0,0,0,0,0,0,0
2001,62189,1,1,18,18,18,18,18,18,18,18,18,18
2001,62190,1,1,0,0,0,0,0,0,0,0,0,0
2001,62190,2,1,0,0,0,0,0,0,0,0,0,0
2001,62190,3,1,0,0,0,0,0,0,0,0,0,0
2001,62191,1,1,23,23,23,23,23,23,23,23,23,23
2001,62192,0,1,21,21,21,21,21,21,21,21,21,21
2001,62192,1,1,0,0,0,0,0,0,0,0,0,0
2001,62193,0,1,0,0,0,0,0,0,0,0,0,0
2001,62193,1,1,0,18,0,0,0,0,0,0,0,0
2001,62194,0,1,20,20,20,20,20,20,20,20,20,20
2001,62194,1,1,0,0,0,0,0,0,0,0,0,0
2001,62194,2,1,0,0,0,0,23,0,0,0,0,0
2001,62195,1,1,0,0,0,0,0,0,0,0,0,0
2001,62195,2,1,0,0,0,0,0,0,0,0,0,0
2001,62196,1,1,0,0,0,0,0,0,0,0,0,0
2001,62196,2,1,0,0,0,0,0,0,0,0,0,0
2001,62197,1,1,0,0,0,0,0,0,0,0,0,0
2001,62197,2,1,0,0,0,0,0,0,0,0,0,0
2001,62198,1,1,0,0,0,0,0,0,0,0,0,0