YEAR,st_case,veh_no,per_no,P1,P2,P3,P4,P5,P6,P7,P8,P9,P10
2001,62198,2,1,0,0,0,0,0,0,0,0,0,0
2001,62199,1,1,9,9,9,9,9,9,9,9,9,9
2001,62200,1,1,0,0,0,0,0,0,0,0,0,0
2001,62200,2,1,0,0,0,0,0,0,0,0,0,16
2001,62201,1,1,0,0,0,0,0,0,0,0,0,0
2001,62202,1,1,0,0,0,0,0,0,0,0,0,0
2001,62202,2,1,0,0,0,0,0,0,0,0,0,0
2001,62202,3,1,0,0,0,0,0,0,9,0,0,0
2001,62203,1,1,4,4,4,4,4,4,4,4,4,4
2001,62204,1,1,0,0,0,0,0,0,0,0,0,0
2001,62205,0,1,0,0,0,0,0,0,0,0,0,0
2001,62205,0,2,0,0,0,0,0,0,0,0,0,0
2001,62205,1,1,0,2,0,0,0,7,0,0,0,5
2001,62206,0,1,25,25,25,25,25,25,25,25,25,25
2001,62206,0,2,0,0,0,0,0,0,0,0,0,0
2001,62206,1,1,19,19,19,19,19,19,19,19,19,19
2001,62207,1,1,0,0,0,0,0,0,0,0,0,0
2001,62207,2,1,0,0,7,0,0,0,0,0,0,0
2001,62208,0,1,28,28,28,28,28,28,28,28,28,28
2001,62208,1,1,0,0,0,0,0,0,0,22,0,0
2001,62209,1,1,13,13,13,13,13,13,13,13,13,13
2001,62210,1,1,0,0,0,0,0,0,0,0,0,0
2001,62210,2,1,0,0,0,0,0,0,0,0,0,0
2001,62211,0,1,0,0,0,0,0,0,0,0,0,0
2001,62211,0,2,0,0,0,0,0,0,0,0,0,0
2001,62211,1,1,0,0,0,0,0,0,0,0,0,0
2001,62212,0,1,6,6,6,6,6,6,6,6,6,6
2001,62212,1,1,0,30,11,16,9,22,14,15,23,0
2001,62213,1,1,0,0,0,0,0,0,0,0,0,0
2001,62214,1,1,11,11,11,11,11,11,11,11,11,11
2001,62215,1,1,0,0,0,0,0,0,0,0,0,0
2001,62216,1,1,0,0,0,0,0,0,0,0,0,0
2001,62217,1,1,0,0,10,0,0,0,0,0,0,0
2001,62218,1,1,8,8,8,8,8,8,8,8,8,8
2001,62219,1,1,0,0,0,0,0,0,0,0,0,0
2001,62220,1,1,0,0,0,0,0,0,0,0,0,0
2001,62221,1,1,0,0,0,0,0,0,21,19,0,14
2001,62222,1,1,0,0,0,0,0,0,0,0,0,0
2001,62223,1,1,0,0,0,0,0,0,0,0,0,0
2001,62223,2,1,0,0,0,0,0,0,0,0,0,0
2001,62224,1,1,21,21,21,21,21,21,21,21,21,21
2001,62225,1,1,11,11,11,11,11,11,11,11,11,11
2001,62226,1,1,0,0,0,0,0,0,0,0,0,0
2001,62227,1,1,0,0,0,0,0,0,0,0,0,0
2001,62228,0,1,0,0,0,0,0,25,25,15,25,0
2001,62228,1,1,0,0,0,0,0,0,0,0,0,0
2001,62229,1,1,0,0,0,0,0,0,0,0,0,0
2001,62229,2,1,0,0,0,0,0,0,0,0,0,0
2001,62230,1,1,0,0,0,0,0,0,0,0,0,0
2001,62231,0,1,0,0,0,0,0,0,0,0,0,0
2001,62231,1,1,0,0,0,0,0,0,0,0,0,0
2001,62232,1,1,8,8,8,8,8,8,8,8,8,8
2001,62232,2,1,3,0,0,0,0,0,0,0,0,0
2001,62233,1,1,0,0,0,0,0,0,0,0,0,0
2001,62233,2,1,12,0,0,0,5,4,7,6,0,7
2001,62234,1,1,13,13,13,13,13,13,13,13,13,13
2001,62235,0,1,0,0,0,0,0,0,0,0,0,0
2001,62235,1,1,0,0,12,0,0,0,0,0,0,0
2001,62236,1,1,0,0,0,0,0,0,0,0,0,0
2001,62237,1,1,21,20,30,11,21,4,22,11,12,26
2001,62238,1,1,25,25,25,25,25,25,25,25,25,25
2001,62238,2,1,2,2,2,2,2,2,2,2,2,2
2001,62238,3,1,0,0,0,0,0,0,0,0,0,0
2001,62239,1,1,0,0,0,0,0,0,0,0,0,0
2001,62240,1,1,26,26,26,26,26,26,26,26,26,26
2001,62241,1,1,0,0,0,0,0,0,0,0,0,0
2001,62242,1,1,0,0,0,0,0,0,0,0,0,0
2001,62242,2,1,0,0,0,0,0,0,0,0,0,0
2001,62243,1,1,0,0,0,0,0,0,0,0,0,0
2001,62243,2,1,0,0,0,0,0,0,0,0,0,0
2001,62244,1,1,0,0,0,0,0,0,0,0,0,0
2001,62245,1,1,9,9,9,9,9,9,9,9,9,9
2001,62245,2,1,0,0,0,0,0,0,0,0,0,0
2001,62246,0,1,0,0,0,0,0,0,0,0,0,0
2001,62246,1,1,0,0,0,0,0,0,0,0,0,0
2001,62247,1,1,25,16,12,5,14,40,24,0,29,13
2001,62248,0,1,18,18,18,18,18,18,18,18,18,18
2001,62248,1,1,0,0,0,0,0,0,0,0,0,0
2001,62249,0,1,0,0,0,0,0,0,0,0,0,0
2001,62249,1,1,0,21,0,0,0,0,0,0,0,0
2001,62250,1,1,16,16,16,16,16,16,16,16,16,16
2001,62250,2,1,0,0,0,0,0,0,0,0,9,0
2001,62251,1,1,9,9,9,9,9,9,9,9,9,9
2001,62251,2,1,0,0,0,0,0,0,0,0,0,0
2001,62252,1,1,0,0,0,0,0,0,0,0,0,0
2001,62252,2,1,0,0,0,0,0,0,0,0,0,0
2001,62253,1,1,0,0,0,0,0,0,0,0,0,0
2001,62253,2,1,0,22,0,0,0,0,0,0,0,0
2001,62253,3,1,0,0,0,0,10,0,0,0,0,8
2001,62254,1,1,0,0,0,0,0,0,0,0,0,0
2001,62254,2,1,0,0,0,0,0,0,0,0,0,0
2001,62255,1,1,0,0,0,0,0,0,0,6,12,0
2001,62256,1,1,0,0,0,0,0,0,0,0,0,0
2001,62257,1,1,0,0,0,0,0,0,0,0,0,0
2001,62258,1,1,0,0,0,0,0,0,0,0,0,0
2001,62259,1,1,1,1,1,1,1,1,1,1,1,1
2001,62260,1,1,0,0,0,0,0,0,0,0,0,0
2001,62261,0,1,4,4,4,4,4,4,4,4,4,4
2001,62261,1,1,0,0,0,0,0,0,0,0,0,0
2001,62262,1,1,0,0,0,0,0,0,0,0,0,0
2001,62263,0,1,0,0,0,0,0,0,0,0,0,0
2001,62263,1,1,16,0,0,0,0,0,0,0,0,0
2001,62264,1,1,18,18,18,18,18,18,18,18,18,18
2001,62265,1,1,0,0,0,0,0,0,0,0,0,0
2001,62266,1,1,0,0,0,0,0,0,0,0,0,0
2001,62266,2,1,0,0,0,0,0,0,8,0,0,3
2001,62267,1,1,0,0,0,0,0,0,0,0,0,0
2001,62268,1,1,0,0,0,0,0,0,0,0,0,0
2001,62268,2,1,0,0,0,0,0,0,0,0,0,0
2001,62269,1,1,6,6,6,6,6,6,6,6,6,6
2001,62269,2,1,0,0,0,0,0,0,0,0,0,0
2001,62270,1,1,0,0,0,0,0,0,0,0,0,0
2001,62271,1,1,0,0,0,0,0,0,0,0,0,0
2001,62271,2,1,0,0,0,0,0,0,0,0,0,0
2001,62272,1,1,0,0,0,0,0,0,0,0,0,0
2001,62272,2,1,0,0,13,0,0,0,0,0,0,6
2001,62273,0,1,0,0,0,0,0,0,0,0,0,0
2001,62273,1,1,0,0,0,0,0,0,0,0,0,0
2001,62274,0,1,0,0,0,0,0,0,0,0,0,0
2001,62274,1,1,0,0,0,0,0,0,0,0,0,0
2001,62275,1,1,0,0,0,0,0,0,0,0,0,0
2001,62275,2,1,0,0,0,0,0,0,0,0,0,0
2001,62276,0,1,41,0,27,18,0,0,15,10,32,7
2001,62276,1,1,0,0,15,0,0,0,0,0,0,0
2001,62277,1,1,12,12,12,12,12,12,12,12,12,12
2001,62278,1,1,0,0,0,0,0,0,0,0,0,0
2001,62278,2,1,0,0,0,0,0,0,0,0,0,0
2001,62279,1,1,0,14,0,0,13,0,16,24,0,14
2001,62279,2,1,3,3,3,3,3,3,3,3,3,3
2001,62280,0,1,0,0,0,0,0,0,0,0,0,0
2001,62280,1,1,0,0,0,0,0,0,0,0,0,0
2001,62281,1,1,17,17,17,17,17,17,17,17,17,17
2001,62282,1,1,0,0,0,0,0,0,0,0,0,0
2001,62282,2,1,4,0,0,0,0,0,0,0,0,0
2001,62283,1,1,30,30,30,30,30,30,30,30,30,30
2001,62284,1,1,0,0,0,0,0,0,0,0,0,0
2001,62284,2,1,0,0,0,0,0,0,0,0,0,0
2001,62285,0,1,0,0,0,0,0,0,0,0,0,0
2001,62285,1,1,0,0,0,13,0,0,0,0,0,0
2001,62286,1,1,0,0,0,0,0,0,0,0,0,0
2001,62286,2,1,0,0,0,0,0,0,0,0,0,0
2001,62287,1,1,23,23,23,23,23,23,23,23,23,23
2001,62288,1,1,0,0,0,0,0,0,0,0,0,0
2001,62288,2,1,0,0,0,0,0,0,0,0,0,0
2001,62288,3,1,0,0,0,0,0,0,0,0,0,0
2001,62289,1,1,28,28,28,28,28,28,28,28,28,28
2001,62290,1,1,0,0,0,0,0,0,0,0,0,0
2001,62290,2,1,0,0,0,0,0,0,0,0,0,0
2001,62291,1,1,0,0,0,13,0,0,0,0,0,8
2001,62292,1,1,0,0,0,0,0,0,0,0,0,0
2001,62293,1,1,0,0,0,0,0,0,0,0,0,0
2001,62293,2,1,0,0,0,0,0,15,0,0,0,0
2001,62294,1,1,0,0,0,0,0,0,0,0,0,0
2001,62294,2,1,0,0,0,0,0,0,0,0,0,0
2001,62294,3,1,0,0,0,0,0,0,0,0,0,0
2001,62295,1,1,3,3,3,3,3,3,3,3,3,3
2001,62295,2,1,0,0,0,0,14,18,0,0,0,0
2001,62296,1,1,0,0,0,0,0,0,0,0,0,0
2001,62297,1,1,0,0,0,0,0,0,0,0,0,0
2001,62297,2,1,0,0,0,0,0,0,0,0,0,0
2001,62298,1,1,7,0,0,0,0,0,0,0,0,0
2001,62298,2,1,0,0,0,0,0,0,0,0,0,0
2001,62298,3,1,0,0,0,0,0,0,0,0,0,4
2001,62299,1,1,11,11,11,11,11,11,11,11,11,11
2001,62299,2,1,0,0,13,0,0,0,0,0,0,0
2001,62299,3,1,0,0,0,0,0,0,0,0,0,0
2001,62300,1,1,0,0,0,0,0,0,0,0,0,0
2001,62301,1,1,0,0,0,0,0,0,0,0,0,0
2001,62301,2,1,0,0,0,0,0,0,0,0,0,0
2001,62302,1,1,0,0,0,0,0,0,0,0,0,0
2001,62303,1,1,0,0,0,0,0,0,0,0,0,0
2001,62304,1,1,0,0,0,0,0,0,0,0,0,0
2001,62304,2,1,0,0,0,0,0,0,0,0,0,0
2001,62305,1,1,0,0,0,0,0,0,0,0,0,0
2001,62305,2,1,0,0,0,0,0,0,0,0,0,0
2001,62306,1,1,9,9,9,9,9,9,9,9,9,9
2001,62306,2,1,0,13,0,0,0,0,0,0,0,0
2001,62307,1,1,0,0,0,0,0,0,0,0,0,0
2001,62308,0,1,0,0,0,0,0,0,0,0,0,0
2001,62308,1,1,0,0,0,0,0,0,0,0,0,0
2001,62309,0,1,23,23,23,23,23,23,23,23,23,23
2001,62309,1,1,0,0,0,0,0,0,0,37,0,0
2001,62310,1,1,27,27,27,27,27,27,27,27,27,27
2001,62311,0,1,43,43,43,43,43,43,43,43,43,43
2001,62311,1,1,0,0,0,0,0,0,0,0,0,0
2001,62312,1,1,0,0,0,0,0,0,0,0,0,0
2001,62313,0,1,21,21,21,21,21,21,21,21,21,21
2001,62313,1,1,0,0,0,0,24,9,0,0,0,0
2001,62314,1,1,0,0,0,0,0,0,14,0,14,0
2001,62315,1,1,0,0,0,0,0,0,0,0,0,0
2001,62316,1,1,0,0,0,0,0,0,0,0,0,0
2001,62317,1,1,0,0,0,0,0,0,0,0,0,0
2001,62318,1,1,4,4,4,4,4,4,4,4,4,4
2001,62319,1,1,16,16,16,16,16,16,16,16,16,16
2001,62320,1,1,0,0,0,0,0,0,0,0,0,0
2001,62321,1,1,0,0,0,0,0,0,0,0,0,0
2001,62322,1,1,0,0,0,0,0,0,0,0,0,0
2001,62323,1,1,25,25,25,25,25,25,25,25,25,25
2001,62324,1,1,0,0,0,0,0,0,0,0,0,0
2001,62325,1,1,13,0,2,12,20,23,0,6,0,24
2001,62326,1,1,0,0,0,0,0,0,0,0,0,0
2001,62327,1,1,0,0,0,0,0,0,0,0,0,0
2001,62328,1,1,0,0,0,0,0,0,0,0,0,0
2001,62329,1,1,0,0,0,0,0,0,0,0,0,0
2001,62329,2,1,0,0,0,0,0,0,0,0,0,0
2001,62330,1,1,0,0,0,0,0,0,0,0,0,0
2001,62331,1,1,0,0,0,0,0,0,0,0,0,0
2001,62331,2,1,0,0,0,0,0,0,0,0,0,0
2001,62331,3,1,0,0,0,0,0,0,0,0,0,0
2001,62331,4,1,0,0,0,0,0,0,0,0,0,0
2001,62332,0,1,15,15,15,15,15,15,15,15,15,15
2001,62332,1,1,0,8,0,0,0,15,0,16,16,0
2001,62333,1,1,3,3,3,3,3,3,3,3,3,3
2001,62334,1,1,0,0,0,22,0,0,11,0,0,0
2001,62334,2,1,0,0,0,0,0,0,0,0,0,0
2001,62335,1,1,0,0,0,0,0,0,0,0,0,0
2001,62335,2,1,0,0,0,0,0,0,0,0,0,0
2001,62336,0,1,0,0,0,0,0,0,0,0,0,0
2001,62336,0,2,0,0,0,0,3,0,0,0,0,0
2001,62337,1,1,0,0,0,0,0,0,0,0,0,0
2001,62337,2,1,6,0,0,0,0,0,8,0,0,20
2001,62338,1,1,0,0,0,0,0,0,0,0,0,0
2001,62338,2,1,10,0,0,6,0,19,0,0,0,0
2001,62338,3,1,0,0,0,0,0,0,0,0,0,0
2001,62339,1,1,0,0,0,0,0,0,0,0,0,0
2001,62339,2,1,0,0,0,0,0,0,0,0,0,0
2001,62340,1,1,0,0,0,0,0,0,0,0,0,0
2001,62341,1,1,0,0,0,0,0,0,0,0,0,0
2001,62341,2,1,0,0,0,0,0,0,0,0,0,0
2001,62342,1,1,6,6,6,6,6,6,6,6,6,6
2001,62342,2,1,0,0,0,0,0,0,0,0,0,0
2001,62343,0,1,19,19,19,19,19,19,19,19,19,19
2001,62343,1,1,9,9,9,9,9,9,9,9,9,9
2001,62344,0,1,0,0,0,0,0,0,0,0,0,0
2001,62344,1,1,11,11,11,11,11,11,11,11,11,11
2001,62345,1,1,21,3,14,11,5,9,8,6,12,11
2001,62345,2,1,0,0,0,0,0,0,0,0,0,0
2001,62346,0,1,0,0,0,0,0,0,0,0,0,0
2001,62346,0,2,0,0,12,18,9,24,21,0,0,5
2001,62346,0,3,14,13,15,11,15,0,13,11,25,9
2001,62346,0,4,11,0,14,15,8,0,25,0,33,0
2001,62346,1,1,0,0,0,0,21,0,0,0,0,0
2001,62347,0,1,0,0,0,0,0,0,0,0,0,0
2001,62347,1,1,0,0,0,0,0,0,0,0,0,0
2001,62347,2,1,0,0,0,0,0,0,0,0,0,0
2001,62347,3,1,0,0,0,0,0,0,0,0,0,0
2001,62348,1,1,26,26,26,26,26,26,26,26,26,26
2001,62349,1,1,13,0,0,0,0,0,0,0,0,0
2001,62350,1,1,0,0,0,0,0,0,0,0,0,0
2001,62350,2,1,0,0,0,0,0,0,0,0,0,8
2001,62351,1,1,17,17,17,17,17,17,17,17,17,17
2001,62352,1,1,28,28,28,28,28,28,28,28,28,28
2001,62353,1,1,0,0,0,0,0,0,0,0,0,0
2001,62353,2,1,0,0,0,0,0,0,0,0,0,0
2001,62353,3,1,0,0,0,0,0,0,0,0,0,0
2001,62354,1,1,0,0,0,0,0,0,0,0,0,0
2001,62355,1,1,17,17,17,17,17,17,17,17,17,17
2001,62355,2,1,0,0,0,0,0,0,0,0,0,0
2001,62355,3,1,25,0,0,0,0,0,0,5,17,0
2001,62355,4,1,0,0,0,0,15,0,18,0,0,0
2001,62356,0,1,0,0,0,0,0,0,0,0,0,0
2001,62356,1,1,0,0,0,0,0,0,0,0,0,0
2001,62357,1,1,17,17,17,17,17,17,17,17,17,17
2001,62358,0,1,0,0,0,0,0,0,0,0,0,0
2001,62358,1,1,0,0,0,0,0,0,0,0,0,0
2001,62359,0,1,0,0,0,0,0,0,0,0,0,0
2001,62359,1,1,0,0,0,0,0,0,0,0,0,0
2001,62360,1,1,0,0,0,0,0,0,0,0,0,0
2001,62361,1,1,0,0,0,0,0,0,0,0,0,0
2001,62362,1,1,17,17,17,17,17,17,17,17,17,17
2001,62363,1,1,6,6,6,6,6,6,6,6,6,6
2001,62364,1,1,0,0,0,0,0,0,0,0,0,0
2001,62365,1,1,8,8,8,8,8,8,8,8,8,8
2001,62366,1,1,0,0,0,0,0,0,0,0,0,0
2001,62366,2,1,0,0,0,0,0,0,0,0,0,0
2001,62367,1,1,0,0,0,0,0,0,0,0,0,0
2001,62367,2,1,0,0,0,0,0,0,0,0,0,0
2001,62368,1,1,5,5,5,5,5,5,5,5,5,5
2001,62368,2,1,0,0,0,0,0,0,0,0,0,0
2001,62369,0,1,0,0,0,0,0,0,0,0,0,0
2001,62369,1,1,0,0,0,0,0,0,0,0,0,0
2001,62370,1,1,0,0,0,0,0,0,0,0,0,0
2001,62370,2,1,0,0,0,0,0,0,0,0,0,0
2001,62371,1,1,0,0,0,0,0,0,0,0,0,0
2001,62371,2,1,0,0,17,0,0,0,0,0,0,0
2001,62371,3,1,0,0,0,0,0,0,0,0,0,0
2001,62372,1,1,0,0,0,0,0,0,0,0,0,0
2001,62372,2,1,0,0,0,0,0,0,0,0,0,0
2001,62372,3,1,0,0,0,0,0,0,0,0,0,0
2001,62373,1,1,0,0,0,0,0,0,0,0,0,0
2001,62374,1,1,0,0,0,0,0,0,0,0,0,0
2001,62374,2,1,0,0,0,0,0,0,0,0,0,0
2001,62375,1,1,0,0,0,0,0,0,0,0,0,0
2001,62375,2,1,0,0,0,0,0,0,0,0,0,0
2001,62376,1,1,0,0,0,0,0,0,0,0,0,0
2001,62376,2,1,0,0,0,0,0,0,0,0,0,14
2001,62377,1,1,22,22,22,22,22,22,22,22,22,22
2001,62378,1,1,0,0,0,0,0,0,0,0,0,0
2001,62378,2,1,3,3,3,3,3,3,3,3,3,3
2001,62379,1,1,0,0,0,0,0,0,0,0,0,0
2001,62379,2,1,0,0,0,0,0,0,0,0,0,0
2001,62380,1,1,0,0,0,0,0,0,0,0,0,0
2001,62380,2,1,8,8,8,8,8,8,8,8,8,8
2001,62381,1,1,0,0,0,0,0,0,0,0,0,0
2001,62381,2,1,0,0,0,0,0,0,0,0,0,0
2001,62382,1,1,0,0,0,0,0,0,0,0,0,0
2001,62382,2,1,0,0,0,0,0,0,0,0,0,0
2001,62382,3,1,0,0,0,0,0,0,0,0,0,0
2001,62383,1,1,0,0,0,0,0,0,0,0,0,0
2001,62383,2,1,0,0,0,0,0,0,0,0,0,0
2001,62384,0,1,0,0,0,0,0,0,0,0,0,0
2001,62384,1,1,0,0,0,0,0,0,0,0,0,0
2001,62385,1,1,0,0,0,0,0,0,0,0,0,0
2001,62385,2,1,0,0,0,0,0,0,0,0,0,0
2001,62386,1,1,0,0,0,0,0,0,0,0,0,0
2001,62386,2,1,0,0,0,0,0,0,0,0,0,0
2001,62387,0,1,0,0,0,0,0,0,0,0,0,0
2001,62387,1,1,5,7,17,34,0,0,7,0,21,10
2001,62388,1,1,14,14,14,14,14,14,14,14,14,14
2001,62388,2,1,0,3,0,0,0,0,0,0,0,0
2001,62389,0,1,0,0,0,0,0,0,0,0,0,0
2001,62389,1,1,0,0,0,0,0,0,0,0,0,0
2001,62390,0,1,0,0,0,0,0,0,0,0,0,0
2001,62390,1,1,0,0,0,0,0,0,0,0,0,0
2001,62391,1,1,0,0,0,0,0,0,0,0,0,0
2001,62392,1,1,10,10,10,10,10,10,10,10,10,10
2001,62392,2,1,0,0,0,0,0,0,0,0,0,0
2001,62393,1,1,0,0,0,0,0,0,0,0,0,0
2001,62393,2,1,0,22,0,0,0,0,0,0,0,0
2001,62394,1,1,7,0,0,0,0,0,0,0,0,0
2001,62394,2,1,0,0,0,26,0,14,0,0,0,0
2001,62395,1,1,30,30,30,30,30,30,30,30,30,30
2001,62396,1,1,0,0,0,0,0,0,0,0,0,0
2001,62396,2,1,0,0,0,0,0,0,0,0,0,0
2001,62396,3,1,0,0,0,0,0,0,0,0,0,0
2001,62397,1,1,17,0,0,0,0,0,0,0,0,0
2001,62398,0,1,22,22,22,22,22,22,22,22,22,22
2001,62398,1,1,0,15,0,18,0,0,20,32,8,15
2001,62399,1,1,0,0,0,0,0,0,0,0,0,0
2001,62400,1,1,21,21,21,21,21,21,21,21,21,21
2001,62401,0,1,0,0,0,0,0,0,0,0,0,0
2001,62401,1,1,11,22,16,7,12,32,16,19,29,9
2001,62402,1,1,13,13,13,13,13,13,13,13,13,13
2001,62403,1,1,0,0,0,0,0,0,0,0,0,0
2001,62404,1,1,0,0,0,0,0,0,0,0,0,0
2001,62405,1,1,2,2,2,2,2,2,2,2,2,2
2001,62406,1,1,0,0,0,0,0,0,0,0,0,0
2001,62407,1,1,8,8,8,8,8,8,8,8,8,8
2001,62408,0,1,6,6,6,6,6,6,6,6,6,6
2001,62408,1,1,16,17,2,0,0,0,0,0,0,0
2001,62409,1,1,0,0,0,0,0,0,0,0,0,0
2001,62410,1,1,0,0,0,0,0,0,0,0,0,0
2001,62410,2,1,10,0,0,0,0,0,0,0,11,9
2001,62411,0,1,39,39,39,39,39,39,39,39,39,39
2001,62411,1,1,0,0,0,0,0,0,0,0,10,0
2001,62412,1,1,2,2,2,2,2,2,2,2,2,2
2001,62413,0,1,11,11,11,11,11,11,11,11,11,11
2001,62413,1,1,0,0,0,10,0,0,0,0,14,0
2001,62414,0,1,0,0,0,0,0,0,0,0,0,0
2001,62414,1,1,0,0,0,0,0,0,0,0,28,0
2001,62415,1,1,12,12,12,12,12,12,12,12,12,12
2001,62416,1,1,0,0,0,0,0,0,0,0,0,0
2001,62417,1,1,0,0,0,0,0,0,0,0,0,0
2001,62418,1,1,25,25,25,25,25,25,25,25,25,25
2001,62419,1,1,24,24,24,24,24,24,24,24,24,24
2001,62420,1,1,0,0,0,0,0,0,0,0,0,0
2001,62420,2,1,0,0,0,0,0,0,0,0,0,0
2001,62421,1,1,13,13,13,13,13,13,13,13,13,13
2001,62421,2,1,0,0,0,0,0,0,0,0,0,9
2001,62422,1,1,7,51,20,9,37,31,23,13,20,12
2001,62422,2,1,0,0,0,0,0,0,0,0,0,0
2001,62423,1,1,0,0,0,0,0,0,0,0,0,0
2001,62423,2,1,0,0,0,0,0,0,0,0,0,0
2001,62423,3,1,0,0,0,0,0,0,0,0,25,0
2001,62424,1,1,13,13,13,13,13,13,13,13,13,13
2001,62425,1,1,9,9,9,9,9,9,9,9,9,9
2001,62426,1,1,0,0,0,0,0,0,0,0,0,0
2001,62426,2,1,0,0,0,0,0,0,0,0,0,0
2001,62427,0,1,0,0,0,0,0,0,0,0,0,0
2001,62427,1,1,0,0,0,0,0,0,0,0,0,0
2001,62428,1,1,0,0,0,0,0,0,0,0,0,0
2001,62428,2,1,0,0,0,0,0,0,0,0,0,0
2001,62428,3,1,0,0,0,0,0,0,0,0,0,0
2001,62428,4,1,0,0,0,0,0,0,0,0,0,0
2001,62428,5,1,0,0,0,0,0,0,0,0,0,0
2001,62429,1,1,0,0,0,0,0,0,0,0,0,0
2001,62429,2,1,0,0,0,0,0,0,0,0,0,0
2001,62430,1,1,0,0,0,0,0,0,0,0,0,0
2001,62430,2,1,0,0,0,0,0,0,0,0,0,0
2001,62431,1,1,18,18,18,18,18,18,18,18,18,18
2001,62432,1,1,11,36,0,12,0,34,13,17,8,19
2001,62432,2,1,5,5,5,5,5,5,5,5,5,5
2001,62433,0,1,0,0,0,0,0,0,0,0,0,0
2001,62433,1,1,0,0,0,0,0,0,0,0,0,0
2001,62434,0,1,0,0,0,0,0,0,0,0,0,0
2001,62434,0,2,0,0,0,0,0,0,0,0,0,0
2001,62434,1,1,0,0,0,0,0,0,0,0,0,0
2001,62435,1,1,12,0,3,0,5,19,5,7,0,11
2001,62435,2,1,0,0,0,0,0,0,0,0,10,0
2001,62436,1,1,14,14,14,14,14,14,14,14,14,14
2001,62437,1,1,0,0,0,0,0,0,0,0,0,0
2001,62438,1,1,0,0,0,0,0,0,0,0,0,0
2001,62439,0,1,25,25,25,25,25,25,25,25,25,25
2001,62439,1,1,25,25,25,25,25,25,25,25,25,25
2001,62440,0,1,0,0,0,0,0,0,0,0,0,0
2001,62440,1,1,16,0,0,0,0,0,14,36,0,0
2001,62441,0,1,0,0,0,0,0,0,0,0,0,0
2001,62441,1,1,0,0,0,0,0,0,0,0,0,0
2001,62442,1,1,9,9,9,9,9,9,9,9,9,9
2001,62443,1,1,2,2,2,2,2,2,2,2,2,2
2001,62443,2,1,0,0,0,0,0,0,0,0,0,0
2001,62444,0,1,0,0,0,0,0,0,0,0,0,0
2001,62444,1,1,0,0,0,0,0,0,0,0,0,0
2001,62445,0,1,0,0,0,0,0,0,0,0,0,0
2001,62445,0,2,28,9,27,14,20,18,11,8,0,0
2001,62445,1,1,25,25,25,25,25,25,25,25,25,25
2001,62446,1,1,0,0,0,0,0,0,0,0,0,0
2001,62446,2,1,0,0,0,0,0,0,0,0,18,0
2001,62446,3,1,0,0,0,9,0,0,0,0,0,0
2001,62447,1,1,0,0,0,0,0,0,0,0,0,0
2001,62447,2,1,0,0,0,0,0,0,0,0,0,0
2001,62447,3,1,0,0,0,0,0,0,0,0,0,0
2001,62447,4,1,0,0,0,0,0,0,0,0,0,0
2001,62448,0,1,0,0,0,0,0,0,0,0,0,0
2001,62448,1,1,0,0,0,0,0,0,0,0,0,0
2001,62449,1,1,0,0,0,0,0,0,0,0,0,0
2001,62449,2,1,0,0,0,0,0,0,0,0,0,0
2001,62450,1,1,0,0,0,0,0,0,0,0,0,0
2001,62450,2,1,0,0,0,0,0,0,0,0,0,0
2001,62450,3,1,0,0,0,0,0,0,0,0,0,0
2001,62450,4,1,0,0,0,0,0,0,0,0,0,0
2001,62451,1,1,26,26,26,26,26,26,26,26,26,26
2001,62452,1,1,22,22,22,22,22,22,22,22,22,22
2001,62453,1,1,0,0,0,0,0,0,0,0,0,0
2001,62454,0,1,0,0,0,0,0,0,0,0,0,0
2001,62454,1,1,0,0,0,0,0,0,0,0,0,0
2001,62455,1,1,35,35,35,35,35,35,35,35,35,35
2001,62456,0,1,3,3,3,3,3,3,3,3,3,3
2001,62456,0,2,0,0,0,0,0,0,0,0,0,0
2001,62456,1,1,0,0,8,0,0,0,0,8,34,0
2001,62457,0,1,0,0,0,0,0,0,0,0,0,0
2001,62457,1,1,0,0,0,0,0,0,0,0,0,0
2001,62458,0,1,25,25,25,25,25,25,25,25,25,25
2001,62458,1,1,0,0,0,0,0,0,0,0,0,0
2001,62459,0,1,0,0,0,0,0,16,0,0,0,0
2001,62459,1,1,0,0,0,0,0,0,0,0,0,0
2001,62460,1,1,0,0,0,0,0,0,0,0,0,0
2001,62461,0,1,0,0,0,0,0,0,0,0,0,0
2001,62461,1,1,0,0,0,0,7,0,0,0,0,8
2001,62462,1,1,0,0,0,0,0,0,0,0,0,0
2001,62463,1,1,0,0,0,0,0,0,0,0,0,0
2001,62464,1,1,26,26,26,26,26,26,26,26,26,26
2001,62465,0,1,0,0,0,0,0,0,0,0,0,0
2001,62465,1,1,0,0,0,0,0,0,0,0,0,0
2001,62466,0,1,28,28,28,28,28,28,28,28,28,28
2001,62466,1,1,0,0,0,0,0,0,0,0,0,0
2001,62467,0,1,0,0,0,0,0,0,0,0,0,0
2001,62467,1,1,0,0,0,0,0,0,0,0,0,0
2001,62468,1,1,0,0,0,0,0,0,0,0,0,0
2001,62469,1,1,0,0,0,0,0,0,0,0,0,0
2001,62470,1,1,0,0,0,0,0,0,0,0,0,0
2001,62471,1,1,0,0,0,0,0,0,0,0,0,0
2001,62471,2,1,0,0,0,0,0,0,0,0,0,0
2001,62472,1,1,0,0,0,0,0,0,0,0,0,0
2001,62472,2,1,0,0,0,0,0,0,0,0,0,0
2001,62473,1,1,35,35,35,35,35,35,35,35,35,35
2001,62474,1,1,0,0,0,0,0,0,0,0,0,0
2001,62474,2,1,0,5,0,0,0,0,0,0,0,0
2001,62475,0,1,0,0,0,0,0,0,0,0,0,0
2001,62475,1,1,0,0,0,0,0,0,0,0,0,0
2001,62476,1,1,0,0,0,0,0,0,0,0,0,0
2001,62476,2,1,0,0,0,0,0,0,0,0,0,0
2001,62477,1,1,0,0,0,0,0,0,0,0,0,0
2001,62478,1,1,0,0,0,0,0,0,0,0,0,0
2001,62478,2,1,0,0,0,0,0,0,0,0,0,0
2001,62478,3,1,0,0,0,0,0,0,0,0,0,0
2001,62479,1,1,18,18,18,18,18,18,18,18,18,18
2001,62479,2,1,0,0,0,0,0,0,0,0,0,0
2001,62480,0,1,0,0,0,0,0,0,0,0,0,0
2001,62480,1,1,9,26,15,10,0,0,23,0,19,0
2001,62481,1,1,0,0,0,0,0,0,0,17,0,0